FactID,GeografiaID,EstudianteID,TiempoID,TotalPrompts,SessionLengthMin,NumeroSesiones,ConsumoAguaEstimado,FactorConsumoLitros
1,7,17,133,11,31.2,1,5.5,0.5
2,20,21,63,6,13.09,1,3.0,0.5
3,15,16,203,5,19.22,1,2.5,0.5
4,11,17,317,1,3.7,1,0.5,0.5
5,8,21,268,9,28.12,1,4.5,0.5
6,7,2,208,1,7.54,1,0.5,0.5
7,19,8,76,3,14.6,1,1.5,0.5
8,11,15,186,3,9.2,1,1.5,0.5
9,11,16,360,1,8.15,1,0.5,0.5
10,4,20,295,1,5.57,1,0.5,0.5
11,8,13,246,6,24.52,1,3.0,0.5
12,3,21,137,5,11.51,1,2.5,0.5
13,2,19,12,6,15.47,1,3.0,0.5
14,12,16,133,5,24.13,1,2.5,0.5
15,6,10,332,8,22.51,1,4.0,0.5
16,2,14,152,6,22.16,1,3.0,0.5
17,1,16,308,2,6.46,1,1.0,0.5
18,12,8,294,4,18.36,1,2.0,0.5
19,12,20,168,4,18.26,1,2.0,0.5
20,17,11,41,6,19.36,1,3.0,0.5
21,10,18,314,11,26.79,1,5.5,0.5
22,16,16,200,2,11.11,1,1.0,0.5
23,15,15,302,8,19.87,1,4.0,0.5
24,15,20,316,4,17.65,1,2.0,0.5
25,19,7,157,3,8.1,1,1.5,0.5
26,12,15,83,2,11.86,1,1.0,0.5
27,20,19,66,2,6.42,1,1.0,0.5
28,3,13,74,7,27.55,1,3.5,0.5
29,5,21,242,6,27.28,1,3.0,0.5
30,19,18,248,2,5.03,1,1.0,0.5
31,7,8,188,6,23.79,1,3.0,0.5
32,9,17,301,7,19.04,1,3.5,0.5
33,7,14,228,10,22.89,1,5.0,0.5
34,18,16,291,4,10.59,1,2.0,0.5
35,4,20,271,7,25.1,1,3.5,0.5
36,14,15,26,1,5.76,1,0.5,0.5
37,18,18,290,8,33.79,1,4.0,0.5
38,9,21,89,5,13.64,1,2.5,0.5
39,2,8,325,1,2.48,1,0.5,0.5
40,20,4,256,3,11.77,1,1.5,0.5
41,15,17,363,15,33.29,1,7.5,0.5
42,7,15,355,6,20.27,1,3.0,0.5
43,12,12,304,7,33.63,1,3.5,0.5
44,8,21,192,1,4.54,1,0.5,0.5
45,15,15,217,3,15.08,1,1.5,0.5
46,3,13,300,6,27.97,1,3.0,0.5
47,14,11,178,12,46.11,1,6.0,0.5
48,17,15,151,4,13.25,1,2.0,0.5
49,4,4,126,6,16.9,1,3.0,0.5
50,18,5,250,5,28.49,1,2.5,0.5
51,8,21,144,3,13.43,1,1.5,0.5
52,4,2,78,11,22.72,1,5.5,0.5
53,2,17,350,1,7.98,1,0.5,0.5
54,6,8,17,3,15.52,1,1.5,0.5
55,10,21,15,2,6.98,1,1.0,0.5
56,4,18,176,2,6.25,1,1.0,0.5
57,18,11,74,19,58.92,1,9.5,0.5
58,12,15,2,4,9.56,1,2.0,0.5
59,2,9,222,9,31.58,1,4.5,0.5
60,10,7,139,1,2.38,1,0.5,0.5
61,4,17,7,6,17.72,1,3.0,0.5
62,14,20,259,7,14.78,1,3.5,0.5
63,16,17,363,2,10.6,1,1.0,0.5
64,15,16,145,1,5.47,1,0.5,0.5
65,8,14,252,2,12.2,1,1.0,0.5
66,14,15,132,3,8.89,1,1.5,0.5
67,8,17,162,1,6.84,1,0.5,0.5
68,16,16,292,2,12.79,1,1.0,0.5
69,13,19,326,12,41.2,1,6.0,0.5
70,18,3,3,6,16.56,1,3.0,0.5
71,15,18,123,3,10.4,1,1.5,0.5
72,13,16,335,5,11.04,1,2.5,0.5
73,9,20,180,1,5.3,1,0.5,0.5
74,15,11,34,4,14.02,1,2.0,0.5
75,13,14,53,10,49.67,1,5.0,0.5
76,1,1,328,3,13.4,1,1.5,0.5
77,7,18,38,8,26.8,1,4.0,0.5
78,9,19,231,1,7.29,1,0.5,0.5
79,1,2,203,20,48.37,1,10.0,0.5
80,12,19,219,13,37.05,1,6.5,0.5
81,8,19,298,6,15.94,1,3.0,0.5
82,11,17,46,4,16.4,1,2.0,0.5
83,19,20,231,7,19.56,1,3.5,0.5
84,17,2,53,2,11.48,1,1.0,0.5
85,8,16,184,3,16.28,1,1.5,0.5
86,3,13,192,2,7.34,1,1.0,0.5
87,3,2,215,3,16.32,1,1.5,0.5
88,1,9,215,5,14.88,1,2.5,0.5
89,5,19,282,4,14.59,1,2.0,0.5
90,10,16,296,1,4.65,1,0.5,0.5
91,7,17,133,8,24.83,1,4.0,0.5
92,9,15,47,2,10.39,1,1.0,0.5
93,7,20,243,16,35.49,1,8.0,0.5
94,9,5,315,3,12.9,1,1.5,0.5
95,8,9,13,2,9.77,1,1.0,0.5
96,12,1,306,4,11.12,1,2.0,0.5
97,2,12,325,14,30.82,1,7.0,0.5
98,1,18,248,7,27.26,1,3.5,0.5
99,16,20,124,3,11.17,1,1.5,0.5
100,5,7,96,1,4.68,1,0.5,0.5
101,3,1,122,5,24.33,1,2.5,0.5
102,12,18,209,4,16.16,1,2.0,0.5
103,8,16,320,3,8.75,1,1.5,0.5
104,3,21,166,3,14.9,1,1.5,0.5
105,1,15,114,5,14.8,1,2.5,0.5
106,3,16,16,2,7.82,1,1.0,0.5
107,5,21,334,8,39.45,1,4.0,0.5
108,15,9,42,4,16.63,1,2.0,0.5
109,14,6,22,16,41.83,1,8.0,0.5
110,3,4,365,6,15.97,1,3.0,0.5
111,1,3,117,16,39.43,1,8.0,0.5
112,5,15,259,7,28.36,1,3.5,0.5
113,14,15,54,5,10.94,1,2.5,0.5
114,7,21,271,6,25.5,1,3.0,0.5
115,9,13,101,9,23.19,1,4.5,0.5
116,15,9,317,3,13.61,1,1.5,0.5
117,15,7,148,4,18.01,1,2.0,0.5
118,10,15,60,4,22.8,1,2.0,0.5
119,13,17,110,5,15.91,1,2.5,0.5
120,19,20,133,9,20.93,1,4.5,0.5
121,7,19,331,7,33.88,1,3.5,0.5
122,17,8,161,3,7.12,1,1.5,0.5
123,20,18,29,4,19.37,1,2.0,0.5
124,4,20,207,4,16.79,1,2.0,0.5
125,5,1,142,3,13.61,1,1.5,0.5
126,7,20,30,5,19.28,1,2.5,0.5
127,13,1,194,4,16.64,1,2.0,0.5
128,15,21,120,4,18.61,1,2.0,0.5
129,11,10,287,4,14.37,1,2.0,0.5
130,4,21,117,1,3.6,1,0.5,0.5
131,13,19,159,7,37.72,1,3.5,0.5
132,7,20,9,2,8.05,1,1.0,0.5
133,19,21,11,5,20.21,1,2.5,0.5
134,2,7,111,3,14.06,1,1.5,0.5
135,10,17,128,4,15.82,1,2.0,0.5
136,13,10,72,2,6.97,1,1.0,0.5
137,6,16,277,1,2.54,1,0.5,0.5
138,12,7,37,4,10.73,1,2.0,0.5
139,12,16,338,4,18.37,1,2.0,0.5
140,20,6,54,2,8.62,1,1.0,0.5
141,11,17,362,11,23.52,1,5.5,0.5
142,7,19,204,5,20.13,1,2.5,0.5
143,1,5,235,4,15.46,1,2.0,0.5
144,1,19,233,6,14.86,1,3.0,0.5
145,20,3,331,6,18.14,1,3.0,0.5
146,13,9,39,7,16.64,1,3.5,0.5
147,9,20,141,6,31.16,1,3.0,0.5
148,3,18,45,3,11.21,1,1.5,0.5
149,7,21,37,2,10.41,1,1.0,0.5
150,6,20,103,6,26.97,1,3.0,0.5
151,8,10,299,10,22.46,1,5.0,0.5
152,9,7,130,2,7.53,1,1.0,0.5
153,5,1,124,3,14.95,1,1.5,0.5
154,1,18,346,5,15.7,1,2.5,0.5
155,19,3,49,8,25.73,1,4.0,0.5
156,10,16,71,3,7.61,1,1.5,0.5
157,12,16,224,6,20.22,1,3.0,0.5
158,15,16,83,3,14.04,1,1.5,0.5
159,9,3,227,4,12.47,1,2.0,0.5
160,20,18,311,1,6.51,1,0.5,0.5
161,17,16,31,4,11.77,1,2.0,0.5
162,17,19,90,2,13.1,1,1.0,0.5
163,20,7,20,1,3.22,1,0.5,0.5
164,12,11,108,2,11.77,1,1.0,0.5
165,7,10,121,1,8.04,1,0.5,0.5
166,2,9,327,1,8.32,1,0.5,0.5
167,3,10,296,3,11.18,1,1.5,0.5
168,17,20,214,9,40.08,1,4.5,0.5
169,5,18,294,2,8.02,1,1.0,0.5
170,17,17,211,1,6.85,1,0.5,0.5
171,17,16,355,5,24.99,1,2.5,0.5
172,17,18,334,1,1.2,1,0.5,0.5
173,2,18,31,8,21.11,1,4.0,0.5
174,2,13,316,3,13.04,1,1.5,0.5
175,5,18,277,7,20.31,1,3.5,0.5
176,1,21,214,3,16.66,1,1.5,0.5
177,1,16,364,2,13.47,1,1.0,0.5
178,19,15,225,2,9.27,1,1.0,0.5
179,2,18,338,2,11.43,1,1.0,0.5
180,12,7,269,8,19.55,1,4.0,0.5
181,6,17,213,2,8.34,1,1.0,0.5
182,4,17,116,1,3.55,1,0.5,0.5
183,11,21,352,3,9.93,1,1.5,0.5
184,17,9,215,1,3.64,1,0.5,0.5
185,6,16,256,8,38.8,1,4.0,0.5
186,5,14,116,2,8.9,1,1.0,0.5
187,20,16,40,4,20.62,1,2.0,0.5
188,2,1,348,6,27.27,1,3.0,0.5
189,6,15,157,19,39.67,1,9.5,0.5
190,11,13,293,3,9.45,1,1.5,0.5
191,16,17,362,2,13.43,1,1.0,0.5
192,16,17,16,3,11.71,1,1.5,0.5
193,1,3,122,5,16.22,1,2.5,0.5
194,9,15,357,4,19.03,1,2.0,0.5
195,6,17,341,4,10.37,1,2.0,0.5
196,16,16,164,14,37.05,1,7.0,0.5
197,3,16,37,5,26.61,1,2.5,0.5
198,20,17,256,25,72.82,1,12.5,0.5
199,4,3,130,5,24.43,1,2.5,0.5
200,19,16,105,4,15.52,1,2.0,0.5
201,3,2,288,1,1.68,1,0.5,0.5
202,19,3,21,2,13.99,1,1.0,0.5
203,20,19,54,6,23.58,1,3.0,0.5
204,7,8,27,6,19.3,1,3.0,0.5
205,20,8,37,6,31.13,1,3.0,0.5
206,9,7,229,4,14.96,1,2.0,0.5
207,1,16,2,17,47.16,1,8.5,0.5
208,8,15,42,1,4.48,1,0.5,0.5
209,7,18,347,9,39.95,1,4.5,0.5
210,18,19,186,10,48.04,1,5.0,0.5
211,8,20,17,3,7.55,1,1.5,0.5
212,1,11,183,5,20.2,1,2.5,0.5
213,11,21,315,7,20.35,1,3.5,0.5
214,18,17,141,31,84.15,1,15.5,0.5
215,10,16,158,4,10.54,1,2.0,0.5
216,3,12,211,1,5.76,1,0.5,0.5
217,7,18,42,3,10.93,1,1.5,0.5
218,16,15,103,2,11.12,1,1.0,0.5
219,16,21,62,12,43.1,1,6.0,0.5
220,20,6,230,1,5.18,1,0.5,0.5
221,17,2,365,6,23.58,1,3.0,0.5
222,2,18,218,11,30.16,1,5.5,0.5
223,1,15,348,5,17.16,1,2.5,0.5
224,16,12,309,6,24.37,1,3.0,0.5
225,12,4,97,5,15.24,1,2.5,0.5
226,5,1,32,11,44.81,1,5.5,0.5
227,5,12,130,8,18.58,1,4.0,0.5
228,9,6,66,3,11.51,1,1.5,0.5
229,9,2,72,17,62.93,1,8.5,0.5
230,3,17,252,7,33.3,1,3.5,0.5
231,19,7,357,8,18.47,1,4.0,0.5
232,16,21,221,20,46.97,1,10.0,0.5
233,16,16,273,4,16.77,1,2.0,0.5
234,3,12,337,3,15.87,1,1.5,0.5
235,20,21,41,7,15.21,1,3.5,0.5
236,1,17,245,10,33.03,1,5.0,0.5
237,20,21,316,10,28.1,1,5.0,0.5
238,11,16,7,4,10.52,1,2.0,0.5
239,17,6,183,8,39.41,1,4.0,0.5
240,8,21,85,4,8.87,1,2.0,0.5
241,4,18,284,13,28.1,1,6.5,0.5
242,6,1,276,2,5.57,1,1.0,0.5
243,8,16,50,2,4.8,1,1.0,0.5
244,20,17,66,3,10.72,1,1.5,0.5
245,3,18,287,5,20.1,1,2.5,0.5
246,16,15,320,4,9.18,1,2.0,0.5
247,3,1,336,7,17.91,1,3.5,0.5
248,18,2,266,4,17.27,1,2.0,0.5
249,14,12,198,6,22.81,1,3.0,0.5
250,18,15,93,5,27.42,1,2.5,0.5
251,2,19,159,4,13.08,1,2.0,0.5
252,3,19,3,6,25.74,1,3.0,0.5
253,16,1,265,4,11.92,1,2.0,0.5
254,9,2,204,6,23.44,1,3.0,0.5
255,4,20,340,7,19.44,1,3.5,0.5
256,1,16,107,2,12.1,1,1.0,0.5
257,4,17,224,11,32.53,1,5.5,0.5
258,1,7,309,4,11.69,1,2.0,0.5
259,14,14,284,9,36.98,1,4.5,0.5
260,16,15,302,1,5.58,1,0.5,0.5
261,20,5,327,6,27.09,1,3.0,0.5
262,8,3,73,4,10.34,1,2.0,0.5
263,7,15,192,21,67.56,1,10.5,0.5
264,3,20,213,6,17.13,1,3.0,0.5
265,17,18,93,1,3.64,1,0.5,0.5
266,1,20,24,4,12.54,1,2.0,0.5
267,16,17,167,1,2.32,1,0.5,0.5
268,12,18,82,2,10.81,1,1.0,0.5
269,19,17,239,5,20.42,1,2.5,0.5
270,14,10,259,3,16.65,1,1.5,0.5
271,6,3,151,11,37.77,1,5.5,0.5
272,6,7,75,1,2.61,1,0.5,0.5
273,13,12,321,4,9.13,1,2.0,0.5
274,19,18,205,3,8.67,1,1.5,0.5
275,8,17,114,1,5.8,1,0.5,0.5
276,2,19,134,6,13.93,1,3.0,0.5
277,1,1,53,1,7.68,1,0.5,0.5
278,15,8,158,13,35.9,1,6.5,0.5
279,1,15,230,12,33.35,1,6.0,0.5
280,5,19,160,4,11.31,1,2.0,0.5
281,16,21,354,1,6.85,1,0.5,0.5
282,19,18,225,10,46.75,1,5.0,0.5
283,4,6,112,7,30.02,1,3.5,0.5
284,3,4,105,6,25.69,1,3.0,0.5
285,17,10,97,9,32.81,1,4.5,0.5
286,17,19,240,5,16.3,1,2.5,0.5
287,12,3,333,1,6.57,1,0.5,0.5
288,14,15,346,3,14.75,1,1.5,0.5
289,6,15,49,8,28.55,1,4.0,0.5
290,3,10,275,15,33.99,1,7.5,0.5
291,9,8,164,7,26.87,1,3.5,0.5
292,5,13,100,3,16.5,1,1.5,0.5
293,17,8,252,8,32.25,1,4.0,0.5
294,14,8,236,14,47.14,1,7.0,0.5
295,3,15,194,17,51.31,1,8.5,0.5
296,1,20,1,1,7.44,1,0.5,0.5
297,20,19,45,1,5.22,1,0.5,0.5
298,1,21,158,5,21.84,1,2.5,0.5
299,3,13,230,3,16.6,1,1.5,0.5
300,18,15,75,3,15.18,1,1.5,0.5
301,10,15,291,2,7.5,1,1.0,0.5
302,3,14,99,6,26.34,1,3.0,0.5
303,8,15,269,1,5.5,1,0.5,0.5
304,14,20,50,3,11.76,1,1.5,0.5
305,18,21,224,10,25.46,1,5.0,0.5
306,15,13,72,2,9.37,1,1.0,0.5
307,2,2,317,2,7.17,1,1.0,0.5
308,10,11,249,1,5.81,1,0.5,0.5
309,2,9,226,13,35.62,1,6.5,0.5
310,17,16,47,3,16.58,1,1.5,0.5
311,8,17,261,1,3.82,1,0.5,0.5
312,1,8,97,2,5.55,1,1.0,0.5
313,9,4,52,12,33.36,1,6.0,0.5
314,11,19,277,2,9.81,1,1.0,0.5
315,16,12,16,15,47.09,1,7.5,0.5
316,7,17,90,8,16.69,1,4.0,0.5
317,10,19,98,10,31.75,1,5.0,0.5
318,3,1,290,1,3.3,1,0.5,0.5
319,18,15,19,1,6.4,1,0.5,0.5
320,13,19,284,1,4.74,1,0.5,0.5
321,7,7,29,3,10.98,1,1.5,0.5
322,4,16,266,2,7.29,1,1.0,0.5
323,13,4,154,10,32.5,1,5.0,0.5
324,20,4,52,2,14.26,1,1.0,0.5
325,1,21,85,1,4.1,1,0.5,0.5
326,8,16,108,1,2.85,1,0.5,0.5
327,14,8,44,6,19.02,1,3.0,0.5
328,16,14,224,4,16.06,1,2.0,0.5
329,14,3,2,5,25.85,1,2.5,0.5
330,12,10,254,14,40.09,1,7.0,0.5
331,19,14,82,11,43.18,1,5.5,0.5
332,15,16,279,5,20.72,1,2.5,0.5
333,2,2,44,12,32.63,1,6.0,0.5
334,2,5,323,8,25.56,1,4.0,0.5
335,19,19,271,3,16.77,1,1.5,0.5
336,17,20,6,3,11.91,1,1.5,0.5
337,20,17,161,9,41.87,1,4.5,0.5
338,10,18,42,9,39.77,1,4.5,0.5
339,6,1,133,9,33.45,1,4.5,0.5
340,15,16,81,5,23.0,1,2.5,0.5
341,11,18,174,3,15.82,1,1.5,0.5
342,5,16,57,2,10.32,1,1.0,0.5
343,1,16,58,6,15.62,1,3.0,0.5
344,8,13,282,4,19.67,1,2.0,0.5
345,12,20,252,3,12.47,1,1.5,0.5
346,12,7,306,8,36.36,1,4.0,0.5
347,5,8,48,3,10.01,1,1.5,0.5
348,7,17,338,4,15.63,1,2.0,0.5
349,4,19,144,1,7.9,1,0.5,0.5
350,6,16,127,1,0.03,1,0.5,0.5
351,13,17,160,3,11.89,1,1.5,0.5
352,20,8,148,9,20.59,1,4.5,0.5
353,15,19,257,1,7.79,1,0.5,0.5
354,3,9,202,4,14.18,1,2.0,0.5
355,8,9,265,4,13.67,1,2.0,0.5
356,20,21,107,8,22.26,1,4.0,0.5
357,16,15,173,1,5.67,1,0.5,0.5
358,13,18,258,1,9.04,1,0.5,0.5
359,18,12,79,8,39.09,1,4.0,0.5
360,10,21,334,5,24.22,1,2.5,0.5
361,19,20,247,3,10.69,1,1.5,0.5
362,17,19,57,3,10.15,1,1.5,0.5
363,19,16,81,5,19.26,1,2.5,0.5
364,5,21,152,2,7.04,1,1.0,0.5
365,9,20,138,3,14.84,1,1.5,0.5
366,12,20,74,2,9.61,1,1.0,0.5
367,1,17,338,6,14.03,1,3.0,0.5
368,1,14,259,1,4.78,1,0.5,0.5
369,15,21,334,3,12.03,1,1.5,0.5
370,2,5,258,1,0.94,1,0.5,0.5
371,16,20,95,3,7.55,1,1.5,0.5
372,8,18,191,2,11.97,1,1.0,0.5
373,13,15,190,4,21.68,1,2.0,0.5
374,1,20,107,1,3.93,1,0.5,0.5
375,16,16,170,1,3.32,1,0.5,0.5
376,7,8,20,3,13.91,1,1.5,0.5
377,5,4,98,1,8.47,1,0.5,0.5
378,3,16,2,2,6.53,1,1.0,0.5
379,12,4,169,6,30.96,1,3.0,0.5
380,16,20,181,5,17.85,1,2.5,0.5
381,19,21,62,6,31.31,1,3.0,0.5
382,5,6,24,8,18.08,1,4.0,0.5
383,14,9,304,3,9.85,1,1.5,0.5
384,5,7,346,10,33.06,1,5.0,0.5
385,15,21,324,9,40.6,1,4.5,0.5
386,17,13,24,2,11.01,1,1.0,0.5
387,14,18,291,4,10.49,1,2.0,0.5
388,20,19,179,4,17.66,1,2.0,0.5
389,5,16,204,18,61.31,1,9.0,0.5
390,12,19,113,6,28.8,1,3.0,0.5
391,16,20,80,1,3.53,1,0.5,0.5
392,16,18,161,4,12.87,1,2.0,0.5
393,7,4,43,1,3.54,1,0.5,0.5
394,4,21,343,2,6.99,1,1.0,0.5
395,1,8,112,5,23.69,1,2.5,0.5
396,5,8,55,12,28.33,1,6.0,0.5
397,10,12,111,5,22.81,1,2.5,0.5
398,5,16,109,5,12.61,1,2.5,0.5
399,4,8,69,1,5.02,1,0.5,0.5
400,2,5,166,7,35.16,1,3.5,0.5
401,20,1,299,9,20.06,1,4.5,0.5
402,10,18,6,2,7.0,1,1.0,0.5
403,19,5,184,3,15.1,1,1.5,0.5
404,1,5,306,6,24.65,1,3.0,0.5
405,5,15,297,3,17.26,1,1.5,0.5
406,13,1,206,2,5.97,1,1.0,0.5
407,4,19,26,11,51.62,1,5.5,0.5
408,16,4,228,1,3.38,1,0.5,0.5
409,16,18,177,4,10.12,1,2.0,0.5
410,2,18,136,4,12.91,1,2.0,0.5
411,17,5,118,2,7.62,1,1.0,0.5
412,20,16,251,5,15.6,1,2.5,0.5
413,12,19,88,3,17.95,1,1.5,0.5
414,18,9,175,17,62.76,1,8.5,0.5
415,3,18,79,1,8.1,1,0.5,0.5
416,1,21,268,1,7.89,1,0.5,0.5
417,1,15,336,1,9.01,1,0.5,0.5
418,19,11,108,6,28.71,1,3.0,0.5
419,11,14,327,6,25.06,1,3.0,0.5
420,5,1,186,3,12.02,1,1.5,0.5
421,12,20,152,1,3.64,1,0.5,0.5
422,3,15,105,20,41.64,1,10.0,0.5
423,1,19,63,8,29.96,1,4.0,0.5
424,1,20,187,12,40.96,1,6.0,0.5
425,8,11,86,6,19.56,1,3.0,0.5
426,10,4,171,6,21.57,1,3.0,0.5
427,11,2,352,5,11.4,1,2.5,0.5
428,12,15,52,6,33.76,1,3.0,0.5
429,13,2,7,28,68.09,1,14.0,0.5
430,12,2,304,31,92.76,1,15.5,0.5
431,14,20,92,3,16.97,1,1.5,0.5
432,2,16,251,1,7.47,1,0.5,0.5
433,19,10,189,7,27.61,1,3.5,0.5
434,18,19,150,6,20.6,1,3.0,0.5
435,3,7,86,4,17.54,1,2.0,0.5
436,17,17,215,15,31.93,1,7.5,0.5
437,8,14,198,9,26.93,1,4.5,0.5
438,10,3,250,4,20.33,1,2.0,0.5
439,2,10,363,2,11.36,1,1.0,0.5
440,19,17,57,1,7.84,1,0.5,0.5
441,9,21,43,8,20.59,1,4.0,0.5
442,7,20,104,7,18.72,1,3.5,0.5
443,4,4,281,8,18.87,1,4.0,0.5
444,18,17,145,2,11.1,1,1.0,0.5
445,13,20,203,1,1.4,1,0.5,0.5
446,11,18,99,1,1.25,1,0.5,0.5
447,4,21,268,6,23.69,1,3.0,0.5
448,4,18,39,6,27.31,1,3.0,0.5
449,10,21,106,1,4.03,1,0.5,0.5
450,5,16,335,4,19.75,1,2.0,0.5
451,9,18,256,4,11.61,1,2.0,0.5
452,3,1,201,10,22.5,1,5.0,0.5
453,17,18,311,9,22.48,1,4.5,0.5
454,3,18,121,2,8.93,1,1.0,0.5
455,16,11,290,1,5.1,1,0.5,0.5
456,4,7,157,14,31.16,1,7.0,0.5
457,18,6,8,2,13.58,1,1.0,0.5
458,17,6,25,4,17.76,1,2.0,0.5
459,7,4,221,1,6.17,1,0.5,0.5
460,5,1,344,4,21.22,1,2.0,0.5
461,12,16,42,4,11.57,1,2.0,0.5
462,17,7,94,14,30.38,1,7.0,0.5
463,13,19,350,20,47.81,1,10.0,0.5
464,3,19,110,4,13.14,1,2.0,0.5
465,9,13,98,1,1.38,1,0.5,0.5
466,17,20,315,8,36.05,1,4.0,0.5
467,17,19,95,1,0.94,1,0.5,0.5
468,20,19,295,4,17.44,1,2.0,0.5
469,16,1,260,4,14.24,1,2.0,0.5
470,13,11,362,1,5.23,1,0.5,0.5
471,19,21,216,3,11.23,1,1.5,0.5
472,17,16,333,3,17.09,1,1.5,0.5
473,4,16,239,4,24.63,1,2.0,0.5
474,12,17,224,1,4.78,1,0.5,0.5
475,9,5,311,4,18.57,1,2.0,0.5
476,19,16,360,2,8.41,1,1.0,0.5
477,12,2,206,1,4.79,1,0.5,0.5
478,9,18,359,1,3.51,1,0.5,0.5
479,7,20,72,3,13.31,1,1.5,0.5
480,14,18,244,2,10.77,1,1.0,0.5
481,20,9,194,2,5.43,1,1.0,0.5
482,19,1,206,6,17.2,1,3.0,0.5
483,15,5,2,2,11.35,1,1.0,0.5
484,16,4,58,13,48.43,1,6.5,0.5
485,5,6,8,4,20.67,1,2.0,0.5
486,3,5,128,4,19.91,1,2.0,0.5
487,12,15,299,1,6.9,1,0.5,0.5
488,20,16,268,12,50.52,1,6.0,0.5
489,4,14,299,8,41.71,1,4.0,0.5
490,16,18,216,4,17.68,1,2.0,0.5
491,7,17,164,6,16.15,1,3.0,0.5
492,13,18,221,3,14.78,1,1.5,0.5
493,10,7,133,2,8.91,1,1.0,0.5
494,7,19,1,1,6.15,1,0.5,0.5
495,14,16,187,2,12.57,1,1.0,0.5
496,5,9,76,11,27.04,1,5.5,0.5
497,3,17,73,5,19.51,1,2.5,0.5
498,11,20,43,6,22.96,1,3.0,0.5
499,11,20,285,5,16.77,1,2.5,0.5
500,18,8,119,4,21.51,1,2.0,0.5
501,15,18,280,2,10.67,1,1.0,0.5
502,12,12,297,23,51.13,1,11.5,0.5
503,9,2,165,1,3.08,1,0.5,0.5
504,10,11,98,5,29.54,1,2.5,0.5
505,12,18,271,1,0.8,1,0.5,0.5
506,17,19,313,18,61.64,1,9.0,0.5
507,6,19,106,6,15.56,1,3.0,0.5
508,7,21,228,1,1.73,1,0.5,0.5
509,14,17,78,4,13.74,1,2.0,0.5
510,13,18,245,7,27.71,1,3.5,0.5
511,8,2,157,1,1.31,1,0.5,0.5
512,10,17,261,1,8.25,1,0.5,0.5
513,9,18,327,10,26.85,1,5.0,0.5
514,18,10,234,4,14.84,1,2.0,0.5
515,2,15,220,6,19.17,1,3.0,0.5
516,5,21,220,11,39.56,1,5.5,0.5
517,5,4,139,5,20.67,1,2.5,0.5
518,6,13,38,4,18.52,1,2.0,0.5
519,19,20,148,10,50.57,1,5.0,0.5
520,8,18,184,17,37.23,1,8.5,0.5
521,16,6,243,4,16.01,1,2.0,0.5
522,13,1,77,13,53.5,1,6.5,0.5
523,1,21,346,4,9.99,1,2.0,0.5
524,20,15,96,5,20.51,1,2.5,0.5
525,17,16,127,3,9.6,1,1.5,0.5
526,7,5,18,5,10.48,1,2.5,0.5
527,13,8,334,4,9.91,1,2.0,0.5
528,4,18,131,4,21.64,1,2.0,0.5
529,4,6,139,3,16.81,1,1.5,0.5
530,6,10,184,10,25.33,1,5.0,0.5
531,19,20,295,1,9.27,1,0.5,0.5
532,12,17,94,6,16.51,1,3.0,0.5
533,7,16,207,4,15.14,1,2.0,0.5
534,10,15,130,5,24.39,1,2.5,0.5
535,19,15,192,5,19.41,1,2.5,0.5
536,7,20,89,1,5.73,1,0.5,0.5
537,3,1,168,4,19.34,1,2.0,0.5
538,13,7,219,4,19.18,1,2.0,0.5
539,13,3,7,3,16.35,1,1.5,0.5
540,18,10,268,2,12.42,1,1.0,0.5
541,20,6,30,5,12.5,1,2.5,0.5
542,8,10,41,2,7.83,1,1.0,0.5
543,9,20,220,4,21.31,1,2.0,0.5
544,7,16,348,1,3.01,1,0.5,0.5
545,1,1,54,3,10.54,1,1.5,0.5
546,3,15,90,1,5.27,1,0.5,0.5
547,13,20,160,3,16.64,1,1.5,0.5
548,17,8,337,1,5.41,1,0.5,0.5
549,1,3,18,6,18.22,1,3.0,0.5
550,6,5,80,8,27.69,1,4.0,0.5
551,6,8,182,5,20.9,1,2.5,0.5
552,12,20,161,10,24.11,1,5.0,0.5
553,13,18,208,3,13.43,1,1.5,0.5
554,13,6,287,1,4.17,1,0.5,0.5
555,15,9,29,7,30.91,1,3.5,0.5
556,16,12,40,2,8.18,1,1.0,0.5
557,11,20,265,13,38.64,1,6.5,0.5
558,5,7,214,4,12.71,1,2.0,0.5
559,4,17,172,3,18.26,1,1.5,0.5
560,3,3,280,3,7.68,1,1.5,0.5
561,19,5,53,2,5.43,1,1.0,0.5
562,20,5,86,2,9.99,1,1.0,0.5
563,18,17,287,19,52.35,1,9.5,0.5
564,15,21,84,4,11.29,1,2.0,0.5
565,9,8,85,31,66.27,1,15.5,0.5
566,17,9,145,1,5.4,1,0.5,0.5
567,14,10,38,5,21.48,1,2.5,0.5
568,15,12,15,3,12.83,1,1.5,0.5
569,1,17,100,6,12.97,1,3.0,0.5
570,3,20,5,7,22.68,1,3.5,0.5
571,16,17,357,2,9.19,1,1.0,0.5
572,11,18,229,3,11.11,1,1.5,0.5
573,12,1,159,2,11.88,1,1.0,0.5
574,10,19,47,7,32.02,1,3.5,0.5
575,16,19,109,3,13.64,1,1.5,0.5
576,8,21,250,6,14.73,1,3.0,0.5
577,6,19,229,15,40.37,1,7.5,0.5
578,12,10,346,3,14.39,1,1.5,0.5
579,8,21,175,4,14.63,1,2.0,0.5
580,4,4,347,6,16.53,1,3.0,0.5
581,8,10,82,1,2.31,1,0.5,0.5
582,18,21,37,6,16.36,1,3.0,0.5
583,5,6,133,3,15.15,1,1.5,0.5
584,9,2,359,1,4.03,1,0.5,0.5
585,4,8,92,14,42.17,1,7.0,0.5
586,17,3,238,3,13.2,1,1.5,0.5
587,9,13,47,18,71.83,1,9.0,0.5
588,1,16,37,14,63.2,1,7.0,0.5
589,20,20,313,8,29.59,1,4.0,0.5
590,13,12,98,10,45.47,1,5.0,0.5
591,16,13,308,1,3.97,1,0.5,0.5
592,13,2,233,6,19.27,1,3.0,0.5
593,14,8,209,3,10.9,1,1.5,0.5
594,3,15,290,1,5.46,1,0.5,0.5
595,6,11,245,2,7.01,1,1.0,0.5
596,18,14,365,6,28.63,1,3.0,0.5
597,19,4,296,2,8.1,1,1.0,0.5
598,5,19,94,2,10.51,1,1.0,0.5
599,15,20,18,6,27.04,1,3.0,0.5
600,2,15,185,3,7.43,1,1.5,0.5
601,10,4,268,5,22.61,1,2.5,0.5
602,18,7,108,10,39.41,1,5.0,0.5
603,13,21,211,10,48.84,1,5.0,0.5
604,5,15,65,6,16.72,1,3.0,0.5
605,1,17,256,10,26.47,1,5.0,0.5
606,1,19,295,5,22.63,1,2.5,0.5
607,18,7,271,9,26.09,1,4.5,0.5
608,15,21,283,2,9.95,1,1.0,0.5
609,17,21,3,8,28.53,1,4.0,0.5
610,11,20,360,7,21.93,1,3.5,0.5
611,17,12,328,2,13.59,1,1.0,0.5
612,13,17,191,1,8.2,1,0.5,0.5
613,1,21,318,14,56.51,1,7.0,0.5
614,2,21,85,4,14.38,1,2.0,0.5
615,9,19,310,3,13.26,1,1.5,0.5
616,3,20,160,9,38.17,1,4.5,0.5
617,1,15,345,12,55.91,1,6.0,0.5
618,16,16,129,2,10.15,1,1.0,0.5
619,6,16,39,9,45.44,1,4.5,0.5
620,17,16,35,3,8.8,1,1.5,0.5
621,5,14,196,4,23.57,1,2.0,0.5
622,5,16,227,4,18.89,1,2.0,0.5
623,6,14,90,2,8.92,1,1.0,0.5
624,3,15,360,4,11.3,1,2.0,0.5
625,5,17,224,3,15.86,1,1.5,0.5
626,5,17,108,1,5.68,1,0.5,0.5
627,10,1,1,8,23.98,1,4.0,0.5
628,10,15,166,3,15.45,1,1.5,0.5
629,19,11,271,1,3.12,1,0.5,0.5
630,17,18,136,8,27.07,1,4.0,0.5
631,14,20,363,8,24.58,1,4.0,0.5
632,9,21,139,9,45.11,1,4.5,0.5
633,14,19,293,2,8.96,1,1.0,0.5
634,1,20,176,3,16.06,1,1.5,0.5
635,19,11,217,2,9.56,1,1.0,0.5
636,13,20,271,3,15.78,1,1.5,0.5
637,13,21,64,6,27.53,1,3.0,0.5
638,4,20,11,18,46.68,1,9.0,0.5
639,1,4,287,9,35.53,1,4.5,0.5
640,17,9,38,6,17.93,1,3.0,0.5
641,8,5,244,2,8.73,1,1.0,0.5
642,2,21,223,4,15.85,1,2.0,0.5
643,8,4,9,3,11.01,1,1.5,0.5
644,7,20,260,6,16.65,1,3.0,0.5
645,2,17,107,4,8.26,1,2.0,0.5
646,3,12,75,5,10.57,1,2.5,0.5
647,18,12,67,5,11.71,1,2.5,0.5
648,12,20,320,2,7.21,1,1.0,0.5
649,1,15,61,1,4.24,1,0.5,0.5
650,12,17,91,1,4.94,1,0.5,0.5
651,5,2,287,14,36.76,1,7.0,0.5
652,17,21,18,6,27.01,1,3.0,0.5
653,16,15,285,4,18.19,1,2.0,0.5
654,15,18,70,8,17.61,1,4.0,0.5
655,15,17,77,2,7.0,1,1.0,0.5
656,5,15,322,9,22.88,1,4.5,0.5
657,14,7,82,2,7.27,1,1.0,0.5
658,2,20,77,4,20.53,1,2.0,0.5
659,11,21,52,4,12.09,1,2.0,0.5
660,19,20,115,6,27.3,1,3.0,0.5
661,7,19,179,3,12.25,1,1.5,0.5
662,6,15,24,3,10.24,1,1.5,0.5
663,2,2,257,1,6.77,1,0.5,0.5
664,6,21,175,4,22.15,1,2.0,0.5
665,18,16,88,6,19.89,1,3.0,0.5
666,2,18,241,9,43.9,1,4.5,0.5
667,18,19,53,4,18.34,1,2.0,0.5
668,15,15,13,17,41.1,1,8.5,0.5
669,19,19,46,7,29.96,1,3.5,0.5
670,2,17,282,9,30.96,1,4.5,0.5
671,20,9,355,5,20.79,1,2.5,0.5
672,6,2,282,1,3.04,1,0.5,0.5
673,1,15,80,7,36.14,1,3.5,0.5
674,15,13,143,4,21.36,1,2.0,0.5
675,10,10,244,6,21.21,1,3.0,0.5
676,19,1,294,10,29.41,1,5.0,0.5
677,17,17,342,6,14.0,1,3.0,0.5
678,5,19,296,13,32.8,1,6.5,0.5
679,4,19,117,3,14.65,1,1.5,0.5
680,10,16,325,2,11.14,1,1.0,0.5
681,17,13,267,5,15.09,1,2.5,0.5
682,10,20,168,2,9.89,1,1.0,0.5
683,17,15,60,6,13.56,1,3.0,0.5
684,20,17,268,7,33.25,1,3.5,0.5
685,5,20,25,6,17.06,1,3.0,0.5
686,2,9,324,2,6.98,1,1.0,0.5
687,6,6,350,10,20.92,1,5.0,0.5
688,2,2,62,1,6.42,1,0.5,0.5
689,13,2,184,6,23.41,1,3.0,0.5
690,11,9,147,6,29.7,1,3.0,0.5
691,11,13,3,5,21.68,1,2.5,0.5
692,16,7,67,11,57.16,1,5.5,0.5
693,11,17,146,1,2.67,1,0.5,0.5
694,19,21,14,7,24.85,1,3.5,0.5
695,15,18,208,1,2.73,1,0.5,0.5
696,16,21,69,9,33.91,1,4.5,0.5
697,11,16,266,6,23.59,1,3.0,0.5
698,16,17,328,7,26.8,1,3.5,0.5
699,8,20,347,1,5.09,1,0.5,0.5
700,4,7,164,6,32.84,1,3.0,0.5
701,8,20,43,9,34.66,1,4.5,0.5
702,4,13,33,11,35.47,1,5.5,0.5
703,3,18,297,2,12.06,1,1.0,0.5
704,3,10,62,1,5.34,1,0.5,0.5
705,18,18,83,1,3.33,1,0.5,0.5
706,19,5,29,6,16.23,1,3.0,0.5
707,19,19,60,1,7.71,1,0.5,0.5
708,5,9,162,5,19.12,1,2.5,0.5
709,18,5,43,6,33.47,1,3.0,0.5
710,10,8,169,1,5.12,1,0.5,0.5
711,6,12,90,2,6.14,1,1.0,0.5
712,1,11,272,2,9.95,1,1.0,0.5
713,5,4,316,4,13.51,1,2.0,0.5
714,9,5,65,9,20.42,1,4.5,0.5
715,12,19,104,2,6.51,1,1.0,0.5
716,14,19,278,7,18.38,1,3.5,0.5
717,2,16,203,3,18.89,1,1.5,0.5
718,17,2,278,3,13.44,1,1.5,0.5
719,14,20,216,15,48.56,1,7.5,0.5
720,13,18,344,9,24.2,1,4.5,0.5
721,9,10,263,12,48.23,1,6.0,0.5
722,15,15,207,2,10.31,1,1.0,0.5
723,15,20,350,2,9.35,1,1.0,0.5
724,11,4,362,1,2.3,1,0.5,0.5
725,16,16,230,11,39.38,1,5.5,0.5
726,17,15,350,5,16.04,1,2.5,0.5
727,4,10,357,1,9.09,1,0.5,0.5
728,1,20,228,1,6.06,1,0.5,0.5
729,8,21,129,4,21.66,1,2.0,0.5
730,17,19,345,7,33.42,1,3.5,0.5
731,3,8,176,3,14.79,1,1.5,0.5
732,20,18,62,4,10.2,1,2.0,0.5
733,15,9,322,4,12.72,1,2.0,0.5
734,15,15,231,11,36.61,1,5.5,0.5
735,14,15,207,2,5.51,1,1.0,0.5
736,14,15,257,7,21.12,1,3.5,0.5
737,2,21,221,1,2.94,1,0.5,0.5
738,13,4,84,13,30.59,1,6.5,0.5
739,14,10,175,9,25.33,1,4.5,0.5
740,19,15,166,2,9.42,1,1.0,0.5
741,7,20,67,18,61.21,1,9.0,0.5
742,3,16,238,5,23.61,1,2.5,0.5
743,15,5,325,4,19.42,1,2.0,0.5
744,14,10,309,5,27.81,1,2.5,0.5
745,11,18,173,3,9.94,1,1.5,0.5
746,15,16,109,3,11.71,1,1.5,0.5
747,13,17,123,2,8.71,1,1.0,0.5
748,18,15,102,19,46.21,1,9.5,0.5
749,6,2,236,5,11.28,1,2.5,0.5
750,3,15,84,7,22.34,1,3.5,0.5
751,19,17,360,3,8.47,1,1.5,0.5
752,15,8,285,2,10.74,1,1.0,0.5
753,5,14,311,9,34.79,1,4.5,0.5
754,10,15,300,3,10.15,1,1.5,0.5
755,7,20,325,10,29.49,1,5.0,0.5
756,17,21,8,4,21.79,1,2.0,0.5
757,7,12,77,10,25.59,1,5.0,0.5
758,12,4,158,5,23.86,1,2.5,0.5
759,17,21,115,2,11.48,1,1.0,0.5
760,13,16,146,4,17.23,1,2.0,0.5
761,20,7,301,4,20.5,1,2.0,0.5
762,4,2,208,1,5.74,1,0.5,0.5
763,10,15,181,5,17.57,1,2.5,0.5
764,3,18,361,12,54.51,1,6.0,0.5
765,9,14,36,4,17.32,1,2.0,0.5
766,13,15,340,16,37.5,1,8.0,0.5
767,18,16,226,10,26.69,1,5.0,0.5
768,15,8,45,1,8.08,1,0.5,0.5
769,4,19,310,3,9.89,1,1.5,0.5
770,15,4,270,11,40.61,1,5.5,0.5
771,2,1,50,6,17.67,1,3.0,0.5
772,15,18,350,18,47.2,1,9.0,0.5
773,8,15,21,3,10.92,1,1.5,0.5
774,8,16,90,2,6.16,1,1.0,0.5
775,17,19,287,1,2.98,1,0.5,0.5
776,12,16,272,5,11.79,1,2.5,0.5
777,19,20,208,1,2.83,1,0.5,0.5
778,10,18,333,2,9.77,1,1.0,0.5
779,9,20,44,1,5.22,1,0.5,0.5
780,5,21,218,8,37.7,1,4.0,0.5
781,6,13,187,4,14.18,1,2.0,0.5
782,20,5,154,1,4.54,1,0.5,0.5
783,2,9,354,5,15.6,1,2.5,0.5
784,13,14,253,5,21.63,1,2.5,0.5
785,6,16,226,3,15.62,1,1.5,0.5
786,5,17,277,2,10.14,1,1.0,0.5
787,1,9,287,1,3.49,1,0.5,0.5
788,6,1,318,12,25.18,1,6.0,0.5
789,6,20,53,9,30.92,1,4.5,0.5
790,16,17,21,4,11.24,1,2.0,0.5
791,4,18,202,2,6.22,1,1.0,0.5
792,11,15,70,3,13.87,1,1.5,0.5
793,9,4,210,3,11.98,1,1.5,0.5
794,3,21,341,7,32.87,1,3.5,0.5
795,19,1,91,2,8.05,1,1.0,0.5
796,8,16,311,7,32.88,1,3.5,0.5
797,5,8,50,2,7.37,1,1.0,0.5
798,4,3,94,1,6.0,1,0.5,0.5
799,6,12,353,7,15.88,1,3.5,0.5
800,2,20,20,13,41.86,1,6.5,0.5
801,20,15,198,10,35.51,1,5.0,0.5
802,11,16,334,1,1.61,1,0.5,0.5
803,4,15,236,6,19.32,1,3.0,0.5
804,15,21,212,4,16.56,1,2.0,0.5
805,6,9,344,1,5.06,1,0.5,0.5
806,17,10,29,1,7.46,1,0.5,0.5
807,6,15,94,1,6.43,1,0.5,0.5
808,19,21,210,5,24.47,1,2.5,0.5
809,2,5,215,8,35.26,1,4.0,0.5
810,15,15,33,6,31.6,1,3.0,0.5
811,11,6,132,12,44.2,1,6.0,0.5
812,8,19,204,3,12.42,1,1.5,0.5
813,19,21,209,12,36.62,1,6.0,0.5
814,13,19,37,5,25.44,1,2.5,0.5
815,12,17,101,2,8.08,1,1.0,0.5
816,5,19,102,4,17.71,1,2.0,0.5
817,6,21,129,4,16.6,1,2.0,0.5
818,4,16,214,3,12.5,1,1.5,0.5
819,19,2,53,2,8.83,1,1.0,0.5
820,20,18,322,6,32.2,1,3.0,0.5
821,1,17,70,2,10.49,1,1.0,0.5
822,20,15,18,1,1.61,1,0.5,0.5
823,17,9,167,8,25.33,1,4.0,0.5
824,12,2,191,2,11.3,1,1.0,0.5
825,15,19,331,17,43.6,1,8.5,0.5
826,1,3,326,9,28.57,1,4.5,0.5
827,14,17,80,1,2.63,1,0.5,0.5
828,6,12,55,6,17.71,1,3.0,0.5
829,5,18,312,4,18.51,1,2.0,0.5
830,11,18,307,4,11.47,1,2.0,0.5
831,4,20,86,8,30.05,1,4.0,0.5
832,13,8,272,14,55.72,1,7.0,0.5
833,11,18,248,10,30.03,1,5.0,0.5
834,3,13,35,1,9.4,1,0.5,0.5
835,1,17,202,9,23.28,1,4.5,0.5
836,6,2,58,16,79.56,1,8.0,0.5
837,18,15,243,4,18.73,1,2.0,0.5
838,10,17,172,10,21.83,1,5.0,0.5
839,5,4,28,11,43.32,1,5.5,0.5
840,10,5,164,12,33.19,1,6.0,0.5
841,12,3,280,6,16.87,1,3.0,0.5
842,2,20,247,1,1.06,1,0.5,0.5
843,13,17,213,2,12.28,1,1.0,0.5
844,8,7,32,11,28.5,1,5.5,0.5
845,2,21,287,4,16.61,1,2.0,0.5
846,20,2,296,3,8.79,1,1.5,0.5
847,1,19,125,1,4.72,1,0.5,0.5
848,5,2,179,6,13.12,1,3.0,0.5
849,9,16,64,2,13.37,1,1.0,0.5
850,17,20,265,6,15.75,1,3.0,0.5
851,9,14,108,12,31.92,1,6.0,0.5
852,11,8,330,7,22.73,1,3.5,0.5
853,15,7,132,5,16.71,1,2.5,0.5
854,6,6,12,2,9.28,1,1.0,0.5
855,3,6,13,4,16.81,1,2.0,0.5
856,17,15,298,3,9.37,1,1.5,0.5
857,5,14,5,2,14.09,1,1.0,0.5
858,12,17,303,14,31.33,1,7.0,0.5
859,18,12,11,10,22.71,1,5.0,0.5
860,14,20,302,10,32.43,1,5.0,0.5
861,11,20,259,3,11.55,1,1.5,0.5
862,9,19,269,1,4.87,1,0.5,0.5
863,2,20,10,3,6.19,1,1.5,0.5
864,12,12,336,5,22.98,1,2.5,0.5
865,3,13,315,3,16.08,1,1.5,0.5
866,3,15,281,7,26.3,1,3.5,0.5
867,1,18,12,2,9.62,1,1.0,0.5
868,8,10,33,4,23.07,1,2.0,0.5
869,8,21,126,6,25.23,1,3.0,0.5
870,11,4,65,2,14.32,1,1.0,0.5
871,9,4,295,10,47.83,1,5.0,0.5
872,5,20,289,1,7.09,1,0.5,0.5
873,14,17,314,12,53.75,1,6.0,0.5
874,3,1,248,4,16.34,1,2.0,0.5
875,5,12,228,5,20.01,1,2.5,0.5
876,5,4,32,7,14.81,1,3.5,0.5
877,19,19,33,4,9.96,1,2.0,0.5
878,14,5,268,5,23.84,1,2.5,0.5
879,4,21,74,3,13.97,1,1.5,0.5
880,13,20,187,8,17.5,1,4.0,0.5
881,10,17,313,10,30.72,1,5.0,0.5
882,18,9,39,11,39.16,1,5.5,0.5
883,8,15,171,11,35.22,1,5.5,0.5
884,8,8,305,2,9.08,1,1.0,0.5
885,7,18,348,15,34.93,1,7.5,0.5
886,8,21,210,5,19.52,1,2.5,0.5
887,14,17,252,1,7.31,1,0.5,0.5
888,19,9,145,10,36.65,1,5.0,0.5
889,6,16,23,5,11.96,1,2.5,0.5
890,1,18,306,7,31.0,1,3.5,0.5
891,15,18,245,1,2.79,1,0.5,0.5
892,1,11,291,13,54.74,1,6.5,0.5
893,17,19,235,5,19.55,1,2.5,0.5
894,1,18,11,7,17.66,1,3.5,0.5
895,15,1,280,1,4.34,1,0.5,0.5
896,2,16,59,3,13.4,1,1.5,0.5
897,14,3,138,3,12.77,1,1.5,0.5
898,8,21,122,1,3.07,1,0.5,0.5
899,8,20,148,9,23.32,1,4.5,0.5
900,19,15,262,5,23.53,1,2.5,0.5
901,7,17,45,24,67.54,1,12.0,0.5
902,19,16,309,16,33.6,1,8.0,0.5
903,6,16,356,4,17.48,1,2.0,0.5
904,6,10,196,1,4.68,1,0.5,0.5
905,3,17,251,1,6.6,1,0.5,0.5
906,7,9,113,9,21.18,1,4.5,0.5
907,19,10,293,1,4.98,1,0.5,0.5
908,8,2,114,3,11.78,1,1.5,0.5
909,10,19,102,5,26.31,1,2.5,0.5
910,20,17,62,9,43.08,1,4.5,0.5
911,15,16,34,2,7.21,1,1.0,0.5
912,15,9,212,6,19.17,1,3.0,0.5
913,1,17,316,7,28.1,1,3.5,0.5
914,20,12,58,2,9.69,1,1.0,0.5
915,7,7,234,8,20.87,1,4.0,0.5
916,4,17,260,3,11.73,1,1.5,0.5
917,6,16,224,4,23.0,1,2.0,0.5
918,1,19,210,9,22.3,1,4.5,0.5
919,5,9,186,13,34.5,1,6.5,0.5
920,1,16,112,10,43.71,1,5.0,0.5
921,4,8,191,4,18.24,1,2.0,0.5
922,2,3,203,1,8.03,1,0.5,0.5
923,10,4,354,12,26.88,1,6.0,0.5
924,5,18,299,6,28.91,1,3.0,0.5
925,10,14,30,1,4.56,1,0.5,0.5
926,1,17,59,1,7.62,1,0.5,0.5
927,6,15,69,1,1.98,1,0.5,0.5
928,13,17,321,8,21.96,1,4.0,0.5
929,15,18,297,6,24.48,1,3.0,0.5
930,4,9,113,5,23.22,1,2.5,0.5
931,13,18,195,7,28.44,1,3.5,0.5
932,20,17,242,1,5.31,1,0.5,0.5
933,15,6,307,1,2.76,1,0.5,0.5
934,8,19,17,2,6.29,1,1.0,0.5
935,5,17,122,5,16.57,1,2.5,0.5
936,15,21,148,11,28.98,1,5.5,0.5
937,4,3,183,2,10.16,1,1.0,0.5
938,12,17,16,2,8.06,1,1.0,0.5
939,13,7,197,7,19.09,1,3.5,0.5
940,2,4,169,4,10.61,1,2.0,0.5
941,19,11,182,8,25.64,1,4.0,0.5
942,19,10,11,2,5.7,1,1.0,0.5
943,4,18,18,5,23.58,1,2.5,0.5
944,4,19,233,9,36.59,1,4.5,0.5
945,11,8,19,3,16.63,1,1.5,0.5
946,5,15,2,5,22.66,1,2.5,0.5
947,20,15,258,4,17.7,1,2.0,0.5
948,11,15,102,8,23.89,1,4.0,0.5
949,10,6,345,9,43.96,1,4.5,0.5
950,8,19,96,7,19.37,1,3.5,0.5
951,6,15,147,10,41.42,1,5.0,0.5
952,6,6,135,1,4.45,1,0.5,0.5
953,8,20,248,3,11.28,1,1.5,0.5
954,15,2,133,1,6.13,1,0.5,0.5
955,14,5,35,8,29.62,1,4.0,0.5
956,11,15,141,4,9.84,1,2.0,0.5
957,12,16,282,1,6.16,1,0.5,0.5
958,13,21,201,2,10.74,1,1.0,0.5
959,8,15,107,3,11.58,1,1.5,0.5
960,18,16,206,3,14.96,1,1.5,0.5
961,1,10,59,6,17.2,1,3.0,0.5
962,15,16,158,3,14.98,1,1.5,0.5
963,8,3,147,9,31.93,1,4.5,0.5
964,11,9,219,1,6.55,1,0.5,0.5
965,12,18,48,4,19.35,1,2.0,0.5
966,12,5,92,7,24.33,1,3.5,0.5
967,4,3,161,12,29.19,1,6.0,0.5
968,16,18,58,3,9.12,1,1.5,0.5
969,4,6,310,3,12.86,1,1.5,0.5
970,5,18,105,4,16.42,1,2.0,0.5
971,5,21,199,1,8.73,1,0.5,0.5
972,8,2,89,2,10.66,1,1.0,0.5
973,10,16,125,3,12.09,1,1.5,0.5
974,17,17,144,2,8.9,1,1.0,0.5
975,9,7,257,6,33.21,1,3.0,0.5
976,19,21,20,10,31.15,1,5.0,0.5
977,14,17,143,4,16.48,1,2.0,0.5
978,8,14,121,1,5.28,1,0.5,0.5
979,9,16,320,3,9.08,1,1.5,0.5
980,11,16,67,11,41.9,1,5.5,0.5
981,1,20,305,17,37.63,1,8.5,0.5
982,14,18,225,6,16.78,1,3.0,0.5
983,5,19,146,5,19.91,1,2.5,0.5
984,14,17,284,4,22.96,1,2.0,0.5
985,4,20,17,4,17.75,1,2.0,0.5
986,1,18,215,8,22.81,1,4.0,0.5
987,19,20,278,2,6.1,1,1.0,0.5
988,8,6,16,3,12.93,1,1.5,0.5
989,15,9,243,6,29.67,1,3.0,0.5
990,15,11,183,5,23.21,1,2.5,0.5
991,9,16,21,3,15.55,1,1.5,0.5
992,9,5,158,3,10.61,1,1.5,0.5
993,10,6,81,6,23.01,1,3.0,0.5
994,20,2,94,5,13.42,1,2.5,0.5
995,9,16,160,12,60.65,1,6.0,0.5
996,3,6,234,5,19.3,1,2.5,0.5
997,20,16,333,22,54.36,1,11.0,0.5
998,11,5,239,2,7.24,1,1.0,0.5
999,6,11,217,4,20.29,1,2.0,0.5
1000,2,16,179,8,26.56,1,4.0,0.5
1001,7,15,241,3,17.59,1,1.5,0.5
1002,18,5,138,1,4.66,1,0.5,0.5
1003,2,9,306,8,40.94,1,4.0,0.5
1004,17,11,7,1,7.99,1,0.5,0.5
1005,11,9,300,4,16.41,1,2.0,0.5
1006,12,8,243,9,43.72,1,4.5,0.5
1007,19,15,303,12,37.5,1,6.0,0.5
1008,7,19,248,5,18.62,1,2.5,0.5
1009,20,15,365,3,12.93,1,1.5,0.5
1010,6,12,333,14,42.25,1,7.0,0.5
1011,1,18,360,12,25.16,1,6.0,0.5
1012,17,19,205,3,9.23,1,1.5,0.5
1013,11,15,72,5,23.07,1,2.5,0.5
1014,18,15,49,26,88.21,1,13.0,0.5
1015,17,16,26,6,26.81,1,3.0,0.5
1016,7,5,24,6,31.41,1,3.0,0.5
1017,17,2,105,4,13.25,1,2.0,0.5
1018,20,17,312,2,11.86,1,1.0,0.5
1019,9,7,19,7,17.85,1,3.5,0.5
1020,17,18,361,1,4.71,1,0.5,0.5
1021,20,20,48,5,18.53,1,2.5,0.5
1022,8,17,337,3,16.03,1,1.5,0.5
1023,17,8,153,5,24.02,1,2.5,0.5
1024,7,12,99,3,14.67,1,1.5,0.5
1025,1,19,325,10,30.45,1,5.0,0.5
1026,13,17,206,7,15.5,1,3.5,0.5
1027,19,19,49,4,13.27,1,2.0,0.5
1028,19,20,346,2,9.94,1,1.0,0.5
1029,17,17,216,2,8.51,1,1.0,0.5
1030,13,18,356,14,34.02,1,7.0,0.5
1031,16,19,206,1,8.18,1,0.5,0.5
1032,8,19,287,2,7.38,1,1.0,0.5
1033,19,13,2,1,3.66,1,0.5,0.5
1034,18,20,102,1,8.13,1,0.5,0.5
1035,1,15,243,1,3.4,1,0.5,0.5
1036,14,14,285,7,22.32,1,3.5,0.5
1037,19,5,101,1,0.83,1,0.5,0.5
1038,15,20,333,9,45.12,1,4.5,0.5
1039,18,14,251,6,23.81,1,3.0,0.5
1040,2,4,69,6,23.79,1,3.0,0.5
1041,17,13,213,8,21.52,1,4.0,0.5
1042,18,15,184,1,5.57,1,0.5,0.5
1043,6,16,194,3,14.55,1,1.5,0.5
1044,19,21,342,6,24.13,1,3.0,0.5
1045,4,3,362,8,23.1,1,4.0,0.5
1046,1,19,97,9,23.36,1,4.5,0.5
1047,8,21,201,17,56.72,1,8.5,0.5
1048,7,13,76,12,30.44,1,6.0,0.5
1049,3,17,147,1,4.94,1,0.5,0.5
1050,10,17,279,9,40.36,1,4.5,0.5
1051,10,16,297,5,20.39,1,2.5,0.5
1052,19,21,73,8,22.93,1,4.0,0.5
1053,14,21,206,3,9.72,1,1.5,0.5
1054,2,20,252,1,6.52,1,0.5,0.5
1055,1,2,25,4,21.55,1,2.0,0.5
1056,18,2,156,3,11.39,1,1.5,0.5
1057,7,10,105,2,9.47,1,1.0,0.5
1058,8,9,95,5,11.94,1,2.5,0.5
1059,1,19,61,3,9.93,1,1.5,0.5
1060,3,4,262,1,5.88,1,0.5,0.5
1061,8,11,26,2,7.51,1,1.0,0.5
1062,15,18,55,7,25.97,1,3.5,0.5
1063,5,20,271,6,24.85,1,3.0,0.5
1064,3,19,156,14,34.04,1,7.0,0.5
1065,19,21,241,7,17.93,1,3.5,0.5
1066,1,17,264,2,9.43,1,1.0,0.5
1067,15,15,115,5,20.43,1,2.5,0.5
1068,8,19,282,7,20.25,1,3.5,0.5
1069,2,19,67,21,51.65,1,10.5,0.5
1070,3,18,203,1,3.72,1,0.5,0.5
1071,14,21,222,1,3.66,1,0.5,0.5
1072,14,6,251,9,19.43,1,4.5,0.5
1073,11,16,261,12,40.92,1,6.0,0.5
1074,16,17,260,5,24.46,1,2.5,0.5
1075,4,18,284,8,20.56,1,4.0,0.5
1076,20,18,120,3,9.46,1,1.5,0.5
1077,5,9,159,1,4.88,1,0.5,0.5
1078,14,20,116,17,62.82,1,8.5,0.5
1079,16,18,62,1,6.16,1,0.5,0.5
1080,18,19,9,24,51.36,1,12.0,0.5
1081,7,14,95,3,11.14,1,1.5,0.5
1082,10,21,342,2,9.74,1,1.0,0.5
1083,7,21,164,9,19.41,1,4.5,0.5
1084,1,11,294,10,51.02,1,5.0,0.5
1085,19,2,279,2,12.37,1,1.0,0.5
1086,16,17,51,3,10.63,1,1.5,0.5
1087,19,2,144,1,2.65,1,0.5,0.5
1088,4,5,281,5,14.39,1,2.5,0.5
1089,18,13,282,5,19.52,1,2.5,0.5
1090,2,16,329,1,3.56,1,0.5,0.5
1091,1,15,206,3,14.28,1,1.5,0.5
1092,15,6,168,2,14.32,1,1.0,0.5
1093,5,20,84,10,21.71,1,5.0,0.5
1094,20,17,41,17,38.99,1,8.5,0.5
1095,11,19,121,4,14.26,1,2.0,0.5
1096,10,18,303,3,10.35,1,1.5,0.5
1097,2,16,98,1,4.08,1,0.5,0.5
1098,3,19,32,10,31.1,1,5.0,0.5
1099,12,2,180,2,10.53,1,1.0,0.5
1100,20,21,340,5,24.47,1,2.5,0.5
1101,5,13,16,3,10.49,1,1.5,0.5
1102,5,16,320,4,14.08,1,2.0,0.5
1103,6,9,152,4,17.23,1,2.0,0.5
1104,9,15,114,3,9.73,1,1.5,0.5
1105,2,13,246,2,12.19,1,1.0,0.5
1106,12,3,152,2,10.4,1,1.0,0.5
1107,3,21,61,5,24.67,1,2.5,0.5
1108,20,21,138,1,1.21,1,0.5,0.5
1109,12,17,292,4,20.16,1,2.0,0.5
1110,17,19,146,11,49.62,1,5.5,0.5
1111,10,1,295,2,7.05,1,1.0,0.5
1112,14,15,113,7,21.03,1,3.5,0.5
1113,17,21,337,1,6.94,1,0.5,0.5
1114,18,4,340,7,17.22,1,3.5,0.5
1115,19,16,17,2,5.2,1,1.0,0.5
1116,17,18,73,9,29.84,1,4.5,0.5
1117,14,16,157,1,1.24,1,0.5,0.5
1118,9,11,307,3,8.47,1,1.5,0.5
1119,8,17,89,5,17.96,1,2.5,0.5
1120,2,15,281,1,4.43,1,0.5,0.5
1121,13,11,263,3,14.69,1,1.5,0.5
1122,7,12,144,2,8.74,1,1.0,0.5
1123,9,20,133,3,14.7,1,1.5,0.5
1124,11,12,212,2,10.81,1,1.0,0.5
1125,14,18,266,18,45.3,1,9.0,0.5
1126,4,15,73,3,9.14,1,1.5,0.5
1127,13,18,115,3,17.53,1,1.5,0.5
1128,2,13,75,1,5.14,1,0.5,0.5
1129,5,15,337,7,19.96,1,3.5,0.5
1130,11,8,354,4,17.33,1,2.0,0.5
1131,6,21,284,2,9.12,1,1.0,0.5
1132,18,14,10,22,57.78,1,11.0,0.5
1133,10,19,260,2,14.24,1,1.0,0.5
1134,4,6,33,11,23.11,1,5.5,0.5
1135,9,18,183,1,6.89,1,0.5,0.5
1136,6,21,147,8,32.42,1,4.0,0.5
1137,2,19,120,1,8.73,1,0.5,0.5
1138,17,7,160,1,0.4,1,0.5,0.5
1139,5,19,308,2,11.52,1,1.0,0.5
1140,6,21,109,1,4.05,1,0.5,0.5
1141,12,16,336,1,0.74,1,0.5,0.5
1142,10,4,113,4,20.44,1,2.0,0.5
1143,6,15,200,5,13.93,1,2.5,0.5
1144,8,17,224,1,7.18,1,0.5,0.5
1145,2,17,317,11,42.87,1,5.5,0.5
1146,12,2,206,6,12.56,1,3.0,0.5
1147,13,14,197,4,13.87,1,2.0,0.5
1148,7,12,356,5,25.2,1,2.5,0.5
1149,10,21,357,10,30.37,1,5.0,0.5
1150,13,15,9,1,3.43,1,0.5,0.5
1151,17,9,300,16,51.91,1,8.0,0.5
1152,14,2,88,7,32.01,1,3.5,0.5
1153,2,3,284,4,15.79,1,2.0,0.5
1154,11,12,43,1,5.72,1,0.5,0.5
1155,1,5,144,17,44.28,1,8.5,0.5
1156,19,16,94,8,29.12,1,4.0,0.5
1157,4,5,216,6,30.78,1,3.0,0.5
1158,19,21,271,1,6.73,1,0.5,0.5
1159,11,19,195,1,3.96,1,0.5,0.5
1160,8,17,202,5,25.97,1,2.5,0.5
1161,11,16,70,3,13.15,1,1.5,0.5
1162,4,21,323,3,12.5,1,1.5,0.5
1163,17,16,107,7,16.93,1,3.5,0.5
1164,7,17,129,8,23.62,1,4.0,0.5
1165,8,12,282,2,8.52,1,1.0,0.5
1166,3,18,53,4,20.97,1,2.0,0.5
1167,2,15,181,6,18.5,1,3.0,0.5
1168,15,14,237,10,34.55,1,5.0,0.5
1169,5,5,324,6,14.36,1,3.0,0.5
1170,1,20,271,3,9.22,1,1.5,0.5
1171,4,5,24,3,8.06,1,1.5,0.5
1172,15,3,262,1,4.3,1,0.5,0.5
1173,20,18,268,1,8.66,1,0.5,0.5
1174,19,17,133,2,13.93,1,1.0,0.5
1175,3,17,15,4,15.07,1,2.0,0.5
1176,20,1,113,1,7.71,1,0.5,0.5
1177,11,18,267,6,15.06,1,3.0,0.5
1178,17,15,249,5,15.95,1,2.5,0.5
1179,13,16,23,7,25.12,1,3.5,0.5
1180,11,21,332,5,12.68,1,2.5,0.5
1181,2,14,114,3,10.48,1,1.5,0.5
1182,9,20,93,5,16.03,1,2.5,0.5
1183,2,17,80,12,25.42,1,6.0,0.5
1184,9,16,356,6,20.89,1,3.0,0.5
1185,9,20,84,3,11.91,1,1.5,0.5
1186,8,15,82,1,4.62,1,0.5,0.5
1187,17,16,298,4,15.83,1,2.0,0.5
1188,1,21,320,19,39.71,1,9.5,0.5
1189,11,15,138,9,19.95,1,4.5,0.5
1190,8,21,76,1,3.78,1,0.5,0.5
1191,10,18,322,2,6.72,1,1.0,0.5
1192,7,16,205,16,51.68,1,8.0,0.5
1193,3,20,101,13,34.48,1,6.5,0.5
1194,3,16,229,4,9.23,1,2.0,0.5
1195,18,20,123,4,10.58,1,2.0,0.5
1196,5,18,344,7,17.39,1,3.5,0.5
1197,12,11,276,13,36.04,1,6.5,0.5
1198,12,17,48,2,11.41,1,1.0,0.5
1199,19,6,154,3,14.95,1,1.5,0.5
1200,6,19,283,1,6.43,1,0.5,0.5
1201,2,21,87,3,16.29,1,1.5,0.5
1202,12,19,314,3,9.89,1,1.5,0.5
1203,19,17,55,12,35.74,1,6.0,0.5
1204,5,15,313,9,45.1,1,4.5,0.5
1205,12,7,40,1,5.17,1,0.5,0.5
1206,17,20,35,1,2.4,1,0.5,0.5
1207,17,16,37,1,6.79,1,0.5,0.5
1208,10,17,277,3,9.26,1,1.5,0.5
1209,17,15,233,5,14.34,1,2.5,0.5
1210,15,8,177,22,58.58,1,11.0,0.5
1211,12,10,205,4,17.24,1,2.0,0.5
1212,16,1,182,7,18.35,1,3.5,0.5
1213,19,18,281,1,2.94,1,0.5,0.5
1214,8,21,342,2,8.7,1,1.0,0.5
1215,17,20,306,4,12.44,1,2.0,0.5
1216,5,9,49,3,9.01,1,1.5,0.5
1217,16,1,212,3,11.88,1,1.5,0.5
1218,6,17,19,10,23.35,1,5.0,0.5
1219,8,20,236,8,31.76,1,4.0,0.5
1220,18,17,78,4,15.38,1,2.0,0.5
1221,12,16,94,6,25.41,1,3.0,0.5
1222,15,13,231,4,12.92,1,2.0,0.5
1223,9,19,36,2,11.28,1,1.0,0.5
1224,13,18,246,1,7.64,1,0.5,0.5
1225,15,7,264,7,22.69,1,3.5,0.5
1226,10,16,77,2,7.84,1,1.0,0.5
1227,16,18,192,18,41.78,1,9.0,0.5
1228,7,20,85,1,8.06,1,0.5,0.5
1229,17,18,53,7,20.15,1,3.5,0.5
1230,7,20,158,4,13.49,1,2.0,0.5
1231,14,9,251,13,28.27,1,6.5,0.5
1232,15,9,126,6,24.21,1,3.0,0.5
1233,7,20,88,4,16.6,1,2.0,0.5
1234,9,14,16,10,37.96,1,5.0,0.5
1235,19,15,343,7,17.62,1,3.5,0.5
1236,16,3,158,1,2.09,1,0.5,0.5
1237,8,20,332,2,12.74,1,1.0,0.5
1238,18,17,14,15,32.93,1,7.5,0.5
1239,18,14,281,7,37.19,1,3.5,0.5
1240,20,15,30,1,4.93,1,0.5,0.5
1241,7,3,33,5,23.08,1,2.5,0.5
1242,3,21,357,3,14.0,1,1.5,0.5
1243,18,16,292,3,15.29,1,1.5,0.5
1244,10,15,238,8,18.73,1,4.0,0.5
1245,7,21,296,9,37.07,1,4.5,0.5
1246,17,20,197,6,22.5,1,3.0,0.5
1247,14,20,193,9,33.33,1,4.5,0.5
1248,3,18,295,1,8.31,1,0.5,0.5
1249,12,17,128,19,41.55,1,9.5,0.5
1250,13,1,152,1,3.64,1,0.5,0.5
1251,2,19,38,3,6.76,1,1.5,0.5
1252,3,12,180,12,30.48,1,6.0,0.5
1253,5,21,195,4,20.4,1,2.0,0.5
1254,11,19,334,4,15.86,1,2.0,0.5
1255,8,18,159,6,16.03,1,3.0,0.5
1256,12,16,303,4,17.87,1,2.0,0.5
1257,7,19,215,7,19.09,1,3.5,0.5
1258,15,14,280,6,19.62,1,3.0,0.5
1259,17,8,336,3,11.59,1,1.5,0.5
1260,4,1,204,3,8.21,1,1.5,0.5
1261,13,20,347,1,7.13,1,0.5,0.5
1262,18,21,4,1,5.01,1,0.5,0.5
1263,1,18,5,9,48.57,1,4.5,0.5
1264,16,20,354,1,6.37,1,0.5,0.5
1265,13,16,72,11,24.96,1,5.5,0.5
1266,10,6,82,21,43.96,1,10.5,0.5
1267,12,18,319,8,30.16,1,4.0,0.5
1268,2,21,11,5,21.18,1,2.5,0.5
1269,3,13,315,5,22.99,1,2.5,0.5
1270,10,3,12,3,15.45,1,1.5,0.5
1271,2,10,228,5,20.19,1,2.5,0.5
1272,13,17,42,17,55.0,1,8.5,0.5
1273,13,10,130,6,19.7,1,3.0,0.5
1274,18,2,303,2,5.96,1,1.0,0.5
1275,3,18,162,7,18.31,1,3.5,0.5
1276,7,15,44,14,37.36,1,7.0,0.5
1277,14,3,214,4,20.41,1,2.0,0.5
1278,20,20,50,4,14.3,1,2.0,0.5
1279,17,19,326,3,14.98,1,1.5,0.5
1280,12,15,232,5,18.74,1,2.5,0.5
1281,16,15,204,23,47.54,1,11.5,0.5
1282,12,18,359,4,17.71,1,2.0,0.5
1283,15,19,6,7,18.43,1,3.5,0.5
1284,10,16,95,5,22.36,1,2.5,0.5
1285,7,9,268,6,28.93,1,3.0,0.5
1286,20,5,147,2,11.12,1,1.0,0.5
1287,5,20,130,5,25.62,1,2.5,0.5
1288,1,19,184,3,16.31,1,1.5,0.5
1289,17,15,248,15,42.39,1,7.5,0.5
1290,3,7,273,14,47.77,1,7.0,0.5
1291,13,4,194,3,16.84,1,1.5,0.5
1292,14,20,103,3,16.35,1,1.5,0.5
1293,18,16,284,3,16.95,1,1.5,0.5
1294,4,7,111,9,39.57,1,4.5,0.5
1295,18,19,320,1,6.89,1,0.5,0.5
1296,5,16,232,6,29.56,1,3.0,0.5
1297,16,18,47,5,20.81,1,2.5,0.5
1298,1,14,282,7,35.23,1,3.5,0.5
1299,14,18,353,6,24.17,1,3.0,0.5
1300,15,13,162,3,17.01,1,1.5,0.5
1301,9,20,357,4,22.63,1,2.0,0.5
1302,15,16,2,13,37.28,1,6.5,0.5
1303,17,13,343,7,16.15,1,3.5,0.5
1304,4,17,242,5,16.88,1,2.5,0.5
1305,12,20,265,10,24.62,1,5.0,0.5
1306,5,10,83,7,26.27,1,3.5,0.5
1307,5,16,153,3,18.02,1,1.5,0.5
1308,11,7,143,5,11.16,1,2.5,0.5
1309,6,10,237,1,5.44,1,0.5,0.5
1310,7,4,308,6,14.63,1,3.0,0.5
1311,14,16,135,10,27.9,1,5.0,0.5
1312,11,10,53,2,7.99,1,1.0,0.5
1313,13,15,345,14,36.12,1,7.0,0.5
1314,2,11,23,3,14.86,1,1.5,0.5
1315,7,13,30,6,16.95,1,3.0,0.5
1316,20,9,121,6,21.9,1,3.0,0.5
1317,4,13,235,20,60.7,1,10.0,0.5
1318,8,21,28,4,15.3,1,2.0,0.5
1319,20,20,314,3,16.02,1,1.5,0.5
1320,19,17,48,4,18.9,1,2.0,0.5
1321,13,17,339,7,24.08,1,3.5,0.5
1322,14,15,205,3,18.19,1,1.5,0.5
1323,10,2,249,1,5.4,1,0.5,0.5
1324,11,3,300,1,6.16,1,0.5,0.5
1325,2,13,224,1,5.63,1,0.5,0.5
1326,9,16,112,6,21.64,1,3.0,0.5
1327,17,1,43,8,27.75,1,4.0,0.5
1328,3,16,210,2,12.65,1,1.0,0.5
1329,6,2,114,4,16.15,1,2.0,0.5
1330,5,14,88,4,16.39,1,2.0,0.5
1331,5,11,90,2,6.92,1,1.0,0.5
1332,15,19,155,10,41.39,1,5.0,0.5
1333,17,5,206,13,32.53,1,6.5,0.5
1334,9,19,186,1,2.21,1,0.5,0.5
1335,3,3,134,6,29.23,1,3.0,0.5
1336,20,16,326,5,29.84,1,2.5,0.5
1337,17,19,11,4,24.38,1,2.0,0.5
1338,10,20,228,2,10.87,1,1.0,0.5
1339,3,20,55,13,28.93,1,6.5,0.5
1340,18,5,294,4,14.05,1,2.0,0.5
1341,18,13,159,9,38.79,1,4.5,0.5
1342,17,16,76,4,20.17,1,2.0,0.5
1343,3,7,67,1,4.35,1,0.5,0.5
1344,3,18,317,6,18.71,1,3.0,0.5
1345,6,18,281,1,5.83,1,0.5,0.5
1346,13,20,62,4,13.48,1,2.0,0.5
1347,15,21,366,15,43.23,1,7.5,0.5
1348,9,15,84,1,6.53,1,0.5,0.5
1349,4,19,236,8,26.2,1,4.0,0.5
1350,14,12,234,2,5.98,1,1.0,0.5
1351,5,20,197,7,36.2,1,3.5,0.5
1352,2,20,58,2,11.71,1,1.0,0.5
1353,11,20,29,13,34.97,1,6.5,0.5
1354,9,17,94,5,16.35,1,2.5,0.5
1355,3,17,176,11,25.99,1,5.5,0.5
1356,9,16,107,12,55.6,1,6.0,0.5
1357,3,12,131,8,31.62,1,4.0,0.5
1358,2,20,132,9,22.43,1,4.5,0.5
1359,12,5,163,2,9.63,1,1.0,0.5
1360,10,2,30,4,16.11,1,2.0,0.5
1361,9,18,36,1,1.63,1,0.5,0.5
1362,15,14,100,1,5.07,1,0.5,0.5
1363,8,3,363,3,9.86,1,1.5,0.5
1364,5,19,15,9,25.56,1,4.5,0.5
1365,11,17,271,1,6.87,1,0.5,0.5
1366,2,17,290,2,5.41,1,1.0,0.5
1367,15,16,333,2,7.09,1,1.0,0.5
1368,6,8,284,3,10.59,1,1.5,0.5
1369,8,19,115,1,4.61,1,0.5,0.5
1370,5,17,51,4,8.91,1,2.0,0.5
1371,16,6,202,10,26.17,1,5.0,0.5
1372,18,7,209,3,7.11,1,1.5,0.5
1373,6,8,159,10,38.91,1,5.0,0.5
1374,5,16,366,7,25.08,1,3.5,0.5
1375,16,19,291,6,17.76,1,3.0,0.5
1376,13,21,17,1,5.2,1,0.5,0.5
1377,5,18,323,8,27.02,1,4.0,0.5
1378,13,20,143,9,29.8,1,4.5,0.5
1379,17,11,245,11,44.88,1,5.5,0.5
1380,18,17,9,3,8.86,1,1.5,0.5
1381,8,18,303,3,12.53,1,1.5,0.5
1382,13,18,308,13,42.68,1,6.5,0.5
1383,19,4,132,1,4.09,1,0.5,0.5
1384,3,16,93,7,15.77,1,3.5,0.5
1385,8,20,192,6,20.77,1,3.0,0.5
1386,2,16,364,8,19.41,1,4.0,0.5
1387,8,17,154,6,24.64,1,3.0,0.5
1388,13,18,167,1,1.91,1,0.5,0.5
1389,13,10,170,9,31.51,1,4.5,0.5
1390,1,19,308,4,18.34,1,2.0,0.5
1391,6,21,289,2,8.89,1,1.0,0.5
1392,19,12,19,9,34.04,1,4.5,0.5
1393,16,19,202,2,9.3,1,1.0,0.5
1394,8,5,270,6,22.81,1,3.0,0.5
1395,1,16,38,6,19.94,1,3.0,0.5
1396,16,17,46,4,16.46,1,2.0,0.5
1397,9,8,290,4,12.18,1,2.0,0.5
1398,13,15,51,4,19.98,1,2.0,0.5
1399,11,21,166,4,21.57,1,2.0,0.5
1400,13,19,304,15,31.33,1,7.5,0.5
1401,10,20,329,13,26.92,1,6.5,0.5
1402,4,21,7,5,15.01,1,2.5,0.5
1403,6,20,365,14,32.82,1,7.0,0.5
1404,7,1,17,2,8.12,1,1.0,0.5
1405,5,21,75,1,5.07,1,0.5,0.5
1406,11,12,340,8,20.19,1,4.0,0.5
1407,13,11,22,4,15.71,1,2.0,0.5
1408,19,2,203,14,29.26,1,7.0,0.5
1409,10,4,344,11,48.53,1,5.5,0.5
1410,10,19,79,1,3.96,1,0.5,0.5
1411,11,11,141,8,36.62,1,4.0,0.5
1412,7,20,152,7,22.19,1,3.5,0.5
1413,18,14,155,21,56.72,1,10.5,0.5
1414,4,15,344,8,22.73,1,4.0,0.5
1415,2,16,236,1,5.79,1,0.5,0.5
1416,14,11,35,4,13.31,1,2.0,0.5
1417,13,21,318,4,19.87,1,2.0,0.5
1418,12,21,339,2,5.03,1,1.0,0.5
1419,7,11,297,1,6.54,1,0.5,0.5
1420,2,7,11,11,25.74,1,5.5,0.5
1421,13,3,151,3,16.72,1,1.5,0.5
1422,14,18,60,9,45.91,1,4.5,0.5
1423,17,20,266,2,12.48,1,1.0,0.5
1424,9,21,177,3,10.89,1,1.5,0.5
1425,17,16,29,3,11.0,1,1.5,0.5
1426,8,1,125,2,9.71,1,1.0,0.5
1427,2,21,366,6,25.88,1,3.0,0.5
1428,13,7,290,1,4.51,1,0.5,0.5
1429,3,12,83,2,9.36,1,1.0,0.5
1430,16,17,39,11,33.76,1,5.5,0.5
1431,6,12,69,10,25.86,1,5.0,0.5
1432,19,19,299,5,10.76,1,2.5,0.5
1433,7,7,85,7,36.5,1,3.5,0.5
1434,10,5,99,3,16.4,1,1.5,0.5
1435,9,12,349,2,9.79,1,1.0,0.5
1436,2,15,133,4,16.41,1,2.0,0.5
1437,15,17,139,6,15.76,1,3.0,0.5
1438,5,3,21,6,20.86,1,3.0,0.5
1439,4,17,318,4,17.94,1,2.0,0.5
1440,20,16,167,1,8.22,1,0.5,0.5
1441,4,9,198,11,43.46,1,5.5,0.5
1442,18,16,214,8,24.86,1,4.0,0.5
1443,4,19,72,7,27.4,1,3.5,0.5
1444,17,21,170,6,22.99,1,3.0,0.5
1445,12,12,223,2,8.63,1,1.0,0.5
1446,17,17,43,1,4.71,1,0.5,0.5
1447,10,13,189,2,11.3,1,1.0,0.5
1448,1,15,244,1,5.41,1,0.5,0.5
1449,18,7,330,1,1.58,1,0.5,0.5
1450,18,9,189,8,27.71,1,4.0,0.5
1451,14,15,165,1,4.22,1,0.5,0.5
1452,15,20,297,5,18.55,1,2.5,0.5
1453,12,18,219,9,23.13,1,4.5,0.5
1454,4,21,251,2,10.64,1,1.0,0.5
1455,3,5,351,4,12.01,1,2.0,0.5
1456,20,17,56,5,14.29,1,2.5,0.5
1457,12,19,242,17,45.98,1,8.5,0.5
1458,7,5,82,4,22.53,1,2.0,0.5
1459,11,4,204,2,10.99,1,1.0,0.5
1460,1,21,323,11,23.68,1,5.5,0.5
1461,6,19,103,3,13.18,1,1.5,0.5
1462,15,16,113,4,15.56,1,2.0,0.5
1463,15,20,292,13,28.7,1,6.5,0.5
1464,19,19,16,3,10.5,1,1.5,0.5
1465,11,15,45,4,21.36,1,2.0,0.5
1466,2,20,95,1,8.24,1,0.5,0.5
1467,14,5,119,11,33.71,1,5.5,0.5
1468,2,20,349,6,22.33,1,3.0,0.5
1469,4,21,216,7,29.98,1,3.5,0.5
1470,17,19,2,9,32.76,1,4.5,0.5
1471,3,20,309,1,5.7,1,0.5,0.5
1472,13,10,205,5,24.54,1,2.5,0.5
1473,9,15,174,7,34.72,1,3.5,0.5
1474,7,17,304,6,33.13,1,3.0,0.5
1475,15,18,76,5,14.42,1,2.5,0.5
1476,11,12,134,1,8.7,1,0.5,0.5
1477,20,15,116,4,12.02,1,2.0,0.5
1478,2,16,93,6,18.34,1,3.0,0.5
1479,15,17,186,2,12.49,1,1.0,0.5
1480,14,3,336,3,15.93,1,1.5,0.5
1481,20,16,260,4,14.65,1,2.0,0.5
1482,11,17,355,8,31.12,1,4.0,0.5
1483,3,15,214,6,17.13,1,3.0,0.5
1484,17,15,287,5,25.66,1,2.5,0.5
1485,12,6,348,8,20.1,1,4.0,0.5
1486,15,20,206,2,10.52,1,1.0,0.5
1487,16,17,54,9,34.08,1,4.5,0.5
1488,5,2,159,5,18.16,1,2.5,0.5
1489,20,18,18,1,7.55,1,0.5,0.5
1490,6,8,83,1,3.0,1,0.5,0.5
1491,19,11,91,1,0.43,1,0.5,0.5
1492,5,16,251,1,7.36,1,0.5,0.5
1493,3,18,146,9,42.76,1,4.5,0.5
1494,1,19,239,8,19.75,1,4.0,0.5
1495,6,20,282,1,3.62,1,0.5,0.5
1496,15,13,49,4,18.58,1,2.0,0.5
1497,2,17,21,1,6.34,1,0.5,0.5
1498,3,3,40,1,3.78,1,0.5,0.5
1499,17,20,260,6,21.69,1,3.0,0.5
1500,12,7,144,3,10.28,1,1.5,0.5
1501,18,16,176,5,22.61,1,2.5,0.5
1502,15,9,269,6,28.0,1,3.0,0.5
1503,12,21,270,3,13.21,1,1.5,0.5
1504,16,16,8,2,11.54,1,1.0,0.5
1505,8,15,236,5,25.43,1,2.5,0.5
1506,14,15,320,4,16.34,1,2.0,0.5
1507,17,21,19,2,9.93,1,1.0,0.5
1508,8,11,198,3,13.27,1,1.5,0.5
1509,15,19,144,1,5.0,1,0.5,0.5
1510,14,18,220,2,8.78,1,1.0,0.5
1511,18,18,226,6,22.78,1,3.0,0.5
1512,20,3,275,4,10.9,1,2.0,0.5
1513,7,7,26,5,23.48,1,2.5,0.5
1514,3,20,312,13,44.45,1,6.5,0.5
1515,12,17,113,5,26.11,1,2.5,0.5
1516,3,17,111,2,7.55,1,1.0,0.5
1517,20,15,223,13,32.37,1,6.5,0.5
1518,14,16,71,10,26.7,1,5.0,0.5
1519,15,14,364,7,20.26,1,3.5,0.5
1520,14,19,7,3,19.71,1,1.5,0.5
1521,7,16,278,7,22.58,1,3.5,0.5
1522,17,18,176,9,38.0,1,4.5,0.5
1523,12,18,100,6,32.17,1,3.0,0.5
1524,20,21,227,3,12.78,1,1.5,0.5
1525,4,12,314,8,22.57,1,4.0,0.5
1526,9,6,65,3,14.85,1,1.5,0.5
1527,6,16,157,5,19.3,1,2.5,0.5
1528,16,15,294,2,12.72,1,1.0,0.5
1529,2,19,233,2,9.36,1,1.0,0.5
1530,8,1,275,2,8.54,1,1.0,0.5
1531,11,4,223,13,32.5,1,6.5,0.5
1532,13,3,243,5,13.31,1,2.5,0.5
1533,17,6,244,5,14.39,1,2.5,0.5
1534,8,21,164,5,24.22,1,2.5,0.5
1535,18,15,298,10,33.28,1,5.0,0.5
1536,18,20,243,2,11.91,1,1.0,0.5
1537,14,16,223,7,23.8,1,3.5,0.5
1538,15,10,314,8,20.09,1,4.0,0.5
1539,6,5,146,11,50.5,1,5.5,0.5
1540,11,16,338,9,26.75,1,4.5,0.5
1541,13,17,304,9,20.28,1,4.5,0.5
1542,1,16,256,13,63.25,1,6.5,0.5
1543,6,20,116,1,4.84,1,0.5,0.5
1544,9,5,323,7,32.0,1,3.5,0.5
1545,8,18,215,1,0.54,1,0.5,0.5
1546,11,16,250,17,46.51,1,8.5,0.5
1547,19,17,235,4,14.13,1,2.0,0.5
1548,9,18,295,5,18.92,1,2.5,0.5
1549,17,14,234,5,21.01,1,2.5,0.5
1550,12,17,290,19,46.03,1,9.5,0.5
1551,14,18,284,3,17.73,1,1.5,0.5
1552,15,6,263,11,25.3,1,5.5,0.5
1553,16,18,264,1,4.55,1,0.5,0.5
1554,20,11,296,4,9.51,1,2.0,0.5
1555,1,18,332,6,22.9,1,3.0,0.5
1556,10,15,178,1,6.14,1,0.5,0.5
1557,8,7,35,3,15.41,1,1.5,0.5
1558,18,19,346,9,38.83,1,4.5,0.5
1559,1,20,203,2,6.56,1,1.0,0.5
1560,2,17,115,5,16.34,1,2.5,0.5
1561,1,16,57,6,18.49,1,3.0,0.5
1562,1,7,208,5,15.0,1,2.5,0.5
1563,9,18,305,11,37.84,1,5.5,0.5
1564,13,20,143,7,22.74,1,3.5,0.5
1565,1,21,225,10,32.85,1,5.0,0.5
1566,13,4,150,2,9.78,1,1.0,0.5
1567,20,20,248,10,42.51,1,5.0,0.5
1568,7,17,221,4,15.73,1,2.0,0.5
1569,2,16,97,7,18.29,1,3.5,0.5
1570,6,7,58,18,40.15,1,9.0,0.5
1571,7,3,129,1,5.0,1,0.5,0.5
1572,14,12,220,2,10.53,1,1.0,0.5
1573,18,16,40,9,43.41,1,4.5,0.5
1574,15,14,115,1,2.72,1,0.5,0.5
1575,2,7,9,11,35.52,1,5.5,0.5
1576,10,21,300,7,16.7,1,3.5,0.5
1577,12,21,195,1,6.35,1,0.5,0.5
1578,17,6,345,1,2.99,1,0.5,0.5
1579,8,13,121,2,8.92,1,1.0,0.5
1580,11,21,222,3,14.63,1,1.5,0.5
1581,3,14,241,10,37.97,1,5.0,0.5
1582,6,15,308,1,3.68,1,0.5,0.5
1583,9,12,333,1,1.53,1,0.5,0.5
1584,6,15,76,6,17.11,1,3.0,0.5
1585,9,11,69,4,21.03,1,2.0,0.5
1586,7,16,346,5,22.12,1,2.5,0.5
1587,9,7,74,10,33.16,1,5.0,0.5
1588,18,12,43,8,24.54,1,4.0,0.5
1589,12,16,72,9,20.58,1,4.5,0.5
1590,8,18,326,7,30.43,1,3.5,0.5
1591,8,5,304,3,11.78,1,1.5,0.5
1592,18,7,314,16,44.14,1,8.0,0.5
1593,20,20,319,10,21.78,1,5.0,0.5
1594,15,16,87,2,12.27,1,1.0,0.5
1595,7,13,115,1,7.32,1,0.5,0.5
1596,11,10,304,4,10.59,1,2.0,0.5
1597,20,19,55,1,6.09,1,0.5,0.5
1598,16,20,302,16,75.12,1,8.0,0.5
1599,4,13,167,3,13.56,1,1.5,0.5
1600,6,18,157,3,18.25,1,1.5,0.5
1601,3,3,220,4,11.09,1,2.0,0.5
1602,9,15,218,15,43.04,1,7.5,0.5
1603,10,21,365,4,13.98,1,2.0,0.5
1604,14,20,22,13,39.49,1,6.5,0.5
1605,11,17,159,3,11.29,1,1.5,0.5
1606,18,18,242,6,24.22,1,3.0,0.5
1607,12,21,272,2,6.19,1,1.0,0.5
1608,12,19,9,2,10.1,1,1.0,0.5
1609,13,20,217,6,22.2,1,3.0,0.5
1610,13,19,184,3,9.61,1,1.5,0.5
1611,19,10,61,5,18.84,1,2.5,0.5
1612,19,15,155,4,15.67,1,2.0,0.5
1613,14,17,249,1,1.77,1,0.5,0.5
1614,4,19,46,2,7.16,1,1.0,0.5
1615,13,20,178,3,10.05,1,1.5,0.5
1616,8,16,297,2,6.73,1,1.0,0.5
1617,19,19,163,29,64.46,1,14.5,0.5
1618,12,17,347,3,16.08,1,1.5,0.5
1619,18,13,12,11,36.3,1,5.5,0.5
1620,6,21,250,1,3.62,1,0.5,0.5
1621,18,10,172,9,40.27,1,4.5,0.5
1622,19,18,68,6,33.76,1,3.0,0.5
1623,5,21,291,1,6.25,1,0.5,0.5
1624,9,18,84,2,12.46,1,1.0,0.5
1625,3,15,121,5,19.87,1,2.5,0.5
1626,10,9,219,9,22.42,1,4.5,0.5
1627,19,18,282,11,31.99,1,5.5,0.5
1628,3,19,89,4,18.41,1,2.0,0.5
1629,15,16,202,1,2.92,1,0.5,0.5
1630,1,17,236,5,24.93,1,2.5,0.5
1631,7,19,86,3,12.13,1,1.5,0.5
1632,12,12,127,12,27.22,1,6.0,0.5
1633,17,15,261,6,25.6,1,3.0,0.5
1634,20,14,258,2,10.61,1,1.0,0.5
1635,5,21,234,6,16.31,1,3.0,0.5
1636,4,20,353,2,10.4,1,1.0,0.5
1637,12,9,141,7,33.4,1,3.5,0.5
1638,20,11,253,4,17.75,1,2.0,0.5
1639,18,2,95,4,18.42,1,2.0,0.5
1640,17,17,349,9,22.47,1,4.5,0.5
1641,19,20,203,10,41.65,1,5.0,0.5
1642,9,17,54,4,20.88,1,2.0,0.5
1643,4,20,256,4,9.78,1,2.0,0.5
1644,2,19,349,8,30.52,1,4.0,0.5
1645,4,18,218,2,9.0,1,1.0,0.5
1646,2,16,294,4,18.56,1,2.0,0.5
1647,15,16,7,7,24.06,1,3.5,0.5
1648,2,19,325,2,9.35,1,1.0,0.5
1649,4,20,318,2,7.07,1,1.0,0.5
1650,6,5,111,6,25.84,1,3.0,0.5
1651,7,18,322,3,12.32,1,1.5,0.5
1652,10,21,2,1,5.61,1,0.5,0.5
1653,19,10,349,1,3.17,1,0.5,0.5
1654,19,2,134,2,12.07,1,1.0,0.5
1655,12,3,159,8,37.91,1,4.0,0.5
1656,3,11,345,3,14.34,1,1.5,0.5
1657,13,5,258,1,0.71,1,0.5,0.5
1658,18,15,46,7,19.18,1,3.5,0.5
1659,8,19,56,2,14.31,1,1.0,0.5
1660,15,16,351,4,12.19,1,2.0,0.5
1661,1,14,270,14,42.66,1,7.0,0.5
1662,3,20,220,2,11.11,1,1.0,0.5
1663,8,16,237,3,17.67,1,1.5,0.5
1664,4,13,169,4,11.6,1,2.0,0.5
1665,16,17,133,1,3.72,1,0.5,0.5
1666,10,1,12,5,12.85,1,2.5,0.5
1667,12,18,214,14,39.49,1,7.0,0.5
1668,14,1,313,1,6.21,1,0.5,0.5
1669,14,7,330,4,14.4,1,2.0,0.5
1670,2,13,305,3,10.21,1,1.5,0.5
1671,5,13,58,11,25.95,1,5.5,0.5
1672,5,3,158,16,76.75,1,8.0,0.5
1673,6,7,230,10,24.71,1,5.0,0.5
1674,13,7,297,1,6.03,1,0.5,0.5
1675,9,5,140,8,17.46,1,4.0,0.5
1676,15,2,212,1,7.41,1,0.5,0.5
1677,14,4,263,4,10.6,1,2.0,0.5
1678,7,20,57,4,17.54,1,2.0,0.5
1679,20,21,169,6,13.91,1,3.0,0.5
1680,2,15,257,9,25.84,1,4.5,0.5
1681,7,21,104,1,3.1,1,0.5,0.5
1682,6,13,37,6,27.28,1,3.0,0.5
1683,17,17,305,4,17.87,1,2.0,0.5
1684,2,18,214,17,39.81,1,8.5,0.5
1685,3,16,149,9,31.35,1,4.5,0.5
1686,5,15,223,10,29.35,1,5.0,0.5
1687,5,5,147,2,7.97,1,1.0,0.5
1688,1,17,134,3,14.92,1,1.5,0.5
1689,8,18,159,13,32.99,1,6.5,0.5
1690,12,9,245,6,21.06,1,3.0,0.5
1691,4,4,29,4,22.93,1,2.0,0.5
1692,13,16,359,18,39.75,1,9.0,0.5
1693,15,8,323,3,12.0,1,1.5,0.5
1694,11,20,85,6,19.56,1,3.0,0.5
1695,10,21,6,9,26.61,1,4.5,0.5
1696,3,20,219,1,1.66,1,0.5,0.5
1697,14,16,188,5,16.36,1,2.5,0.5
1698,16,4,315,1,3.74,1,0.5,0.5
1699,10,19,166,11,52.49,1,5.5,0.5
1700,10,5,39,9,21.58,1,4.5,0.5
1701,12,4,261,10,40.93,1,5.0,0.5
1702,9,17,323,2,10.42,1,1.0,0.5
1703,1,16,267,10,38.68,1,5.0,0.5
1704,5,7,343,1,4.98,1,0.5,0.5
1705,20,21,57,3,14.4,1,1.5,0.5
1706,8,7,298,1,3.32,1,0.5,0.5
1707,11,1,74,4,18.52,1,2.0,0.5
1708,12,16,314,2,11.06,1,1.0,0.5
1709,1,2,206,1,5.29,1,0.5,0.5
1710,20,1,122,6,33.57,1,3.0,0.5
1711,11,18,222,2,8.45,1,1.0,0.5
1712,5,6,131,2,11.79,1,1.0,0.5
1713,15,19,359,5,21.94,1,2.5,0.5
1714,5,9,292,13,34.69,1,6.5,0.5
1715,12,11,47,2,9.98,1,1.0,0.5
1716,5,21,98,5,12.38,1,2.5,0.5
1717,17,18,328,10,20.71,1,5.0,0.5
1718,17,8,75,7,26.97,1,3.5,0.5
1719,12,18,302,9,41.24,1,4.5,0.5
1720,15,20,104,2,8.01,1,1.0,0.5
1721,15,21,155,7,36.97,1,3.5,0.5
1722,6,8,211,11,22.67,1,5.5,0.5
1723,12,17,58,7,34.17,1,3.5,0.5
1724,20,15,94,3,14.41,1,1.5,0.5
1725,18,5,229,1,3.36,1,0.5,0.5
1726,14,20,310,8,18.83,1,4.0,0.5
1727,2,14,301,2,11.2,1,1.0,0.5
1728,9,10,121,1,0.23,1,0.5,0.5
1729,5,16,331,2,8.73,1,1.0,0.5
1730,20,10,198,4,23.76,1,2.0,0.5
1731,1,12,106,10,29.33,1,5.0,0.5
1732,3,19,244,7,19.03,1,3.5,0.5
1733,6,4,350,6,26.72,1,3.0,0.5
1734,5,19,16,11,29.64,1,5.5,0.5
1735,5,8,332,9,27.21,1,4.5,0.5
1736,1,15,12,6,23.14,1,3.0,0.5
1737,17,5,324,6,23.94,1,3.0,0.5
1738,19,9,64,2,6.1,1,1.0,0.5
1739,14,6,186,3,9.83,1,1.5,0.5
1740,12,20,293,4,9.81,1,2.0,0.5
1741,10,15,87,1,1.9,1,0.5,0.5
1742,20,21,1,4,20.63,1,2.0,0.5
1743,18,4,3,3,7.61,1,1.5,0.5
1744,11,14,260,11,25.72,1,5.5,0.5
1745,2,20,331,2,9.09,1,1.0,0.5
1746,18,7,200,5,27.76,1,2.5,0.5
1747,7,5,169,4,22.0,1,2.0,0.5
1748,15,10,234,3,13.29,1,1.5,0.5
1749,11,17,152,1,2.07,1,0.5,0.5
1750,18,17,353,4,20.05,1,2.0,0.5
1751,12,13,344,3,14.65,1,1.5,0.5
1752,6,5,152,3,10.04,1,1.5,0.5
1753,20,21,25,7,21.65,1,3.5,0.5
1754,13,15,22,26,54.39,1,13.0,0.5
1755,20,21,46,8,37.25,1,4.0,0.5
1756,16,3,324,1,3.3,1,0.5,0.5
1757,18,15,297,4,15.61,1,2.0,0.5
1758,10,19,151,2,8.1,1,1.0,0.5
1759,8,18,196,9,36.41,1,4.5,0.5
1760,18,8,79,7,28.69,1,3.5,0.5
1761,1,1,30,11,27.22,1,5.5,0.5
1762,8,19,32,1,2.96,1,0.5,0.5
1763,6,4,260,8,36.33,1,4.0,0.5
1764,5,15,76,1,8.0,1,0.5,0.5
1765,15,3,317,6,20.01,1,3.0,0.5
1766,15,18,238,5,14.65,1,2.5,0.5
1767,2,16,131,9,24.04,1,4.5,0.5
1768,1,6,320,2,5.93,1,1.0,0.5
1769,11,12,320,1,3.06,1,0.5,0.5
1770,10,21,332,11,24.18,1,5.5,0.5
1771,18,2,10,12,42.46,1,6.0,0.5
1772,18,19,19,1,4.63,1,0.5,0.5
1773,17,10,26,10,23.7,1,5.0,0.5
1774,8,19,146,8,39.16,1,4.0,0.5
1775,15,7,205,6,27.39,1,3.0,0.5
1776,8,20,22,6,18.14,1,3.0,0.5
1777,17,19,238,2,11.74,1,1.0,0.5
1778,12,11,252,2,13.33,1,1.0,0.5
1779,8,17,109,1,8.21,1,0.5,0.5
1780,14,18,32,1,4.71,1,0.5,0.5
1781,4,17,114,4,16.76,1,2.0,0.5
1782,1,19,245,11,27.55,1,5.5,0.5
1783,1,20,236,9,30.7,1,4.5,0.5
1784,19,7,29,10,30.31,1,5.0,0.5
1785,16,6,334,8,35.95,1,4.0,0.5
1786,14,19,287,9,26.25,1,4.5,0.5
1787,16,20,125,1,1.5,1,0.5,0.5
1788,5,17,22,5,27.38,1,2.5,0.5
1789,9,7,176,10,25.27,1,5.0,0.5
1790,2,20,159,1,3.02,1,0.5,0.5
1791,18,15,301,16,44.81,1,8.0,0.5
1792,6,11,69,3,10.63,1,1.5,0.5
1793,9,18,336,2,7.93,1,1.0,0.5
1794,1,16,245,6,25.64,1,3.0,0.5
1795,9,8,203,3,15.22,1,1.5,0.5
1796,16,10,77,6,21.49,1,3.0,0.5
1797,13,21,339,4,17.2,1,2.0,0.5
1798,9,13,227,6,14.45,1,3.0,0.5
1799,13,15,173,4,23.24,1,2.0,0.5
1800,9,18,250,13,32.18,1,6.5,0.5
1801,11,10,160,11,55.33,1,5.5,0.5
1802,4,19,244,21,51.11,1,10.5,0.5
1803,2,20,56,7,25.28,1,3.5,0.5
1804,6,17,20,24,50.67,1,12.0,0.5
1805,14,17,284,1,5.18,1,0.5,0.5
1806,4,9,144,5,20.02,1,2.5,0.5
1807,6,18,86,4,11.0,1,2.0,0.5
1808,19,6,248,8,40.35,1,4.0,0.5
1809,6,21,109,3,16.05,1,1.5,0.5
1810,2,4,105,3,8.07,1,1.5,0.5
1811,18,8,7,13,57.24,1,6.5,0.5
1812,13,8,348,3,13.5,1,1.5,0.5
1813,9,12,193,4,9.22,1,2.0,0.5
1814,19,19,172,7,19.23,1,3.5,0.5
1815,13,10,172,2,7.58,1,1.0,0.5
1816,11,7,233,15,38.82,1,7.5,0.5
1817,1,4,110,1,6.48,1,0.5,0.5
1818,7,10,152,7,28.63,1,3.5,0.5
1819,15,14,64,2,6.0,1,1.0,0.5
1820,1,20,23,1,2.27,1,0.5,0.5
1821,12,3,278,1,7.38,1,0.5,0.5
1822,7,2,175,5,18.54,1,2.5,0.5
1823,15,15,344,1,3.47,1,0.5,0.5
1824,19,8,55,6,17.08,1,3.0,0.5
1825,1,12,282,6,28.19,1,3.0,0.5
1826,17,7,157,2,7.75,1,1.0,0.5
1827,17,20,297,4,14.43,1,2.0,0.5
1828,3,19,336,5,11.46,1,2.5,0.5
1829,12,18,160,2,5.33,1,1.0,0.5
1830,6,20,261,14,33.86,1,7.0,0.5
1831,11,17,51,8,40.5,1,4.0,0.5
1832,3,21,232,3,7.78,1,1.5,0.5
1833,8,15,54,1,2.18,1,0.5,0.5
1834,14,21,134,3,13.73,1,1.5,0.5
1835,14,13,8,3,17.38,1,1.5,0.5
1836,10,3,216,8,36.77,1,4.0,0.5
1837,2,16,311,1,5.02,1,0.5,0.5
1838,14,16,36,12,30.29,1,6.0,0.5
1839,9,6,290,1,3.81,1,0.5,0.5
1840,3,21,339,13,30.73,1,6.5,0.5
1841,8,19,192,14,48.9,1,7.0,0.5
1842,16,17,282,12,54.85,1,6.0,0.5
1843,2,15,243,4,18.2,1,2.0,0.5
1844,6,5,321,1,1.57,1,0.5,0.5
1845,12,20,185,6,21.34,1,3.0,0.5
1846,5,8,359,7,21.32,1,3.5,0.5
1847,2,12,150,1,1.43,1,0.5,0.5
1848,16,1,359,1,9.66,1,0.5,0.5
1849,5,2,19,9,19.5,1,4.5,0.5
1850,15,17,63,13,53.78,1,6.5,0.5
1851,12,15,220,7,28.86,1,3.5,0.5
1852,4,10,272,12,44.54,1,6.0,0.5
1853,15,5,363,12,33.14,1,6.0,0.5
1854,11,12,234,7,27.85,1,3.5,0.5
1855,16,1,26,6,29.93,1,3.0,0.5
1856,6,4,299,1,6.76,1,0.5,0.5
1857,14,20,303,1,0.75,1,0.5,0.5
1858,18,16,103,3,13.85,1,1.5,0.5
1859,12,8,9,1,3.24,1,0.5,0.5
1860,11,17,155,5,16.23,1,2.5,0.5
1861,13,1,364,3,13.03,1,1.5,0.5
1862,11,20,204,8,20.14,1,4.0,0.5
1863,16,21,263,2,8.98,1,1.0,0.5
1864,15,3,208,10,40.03,1,5.0,0.5
1865,15,19,103,15,32.1,1,7.5,0.5
1866,4,15,27,3,14.87,1,1.5,0.5
1867,11,3,76,5,24.25,1,2.5,0.5
1868,19,17,78,7,22.69,1,3.5,0.5
1869,15,6,79,1,3.8,1,0.5,0.5
1870,4,3,177,10,27.48,1,5.0,0.5
1871,13,13,91,3,16.56,1,1.5,0.5
1872,19,14,35,5,18.66,1,2.5,0.5
1873,2,16,364,7,35.22,1,3.5,0.5
1874,14,15,52,7,21.0,1,3.5,0.5
1875,4,10,362,4,14.65,1,2.0,0.5
1876,16,8,123,2,9.77,1,1.0,0.5
1877,20,21,139,8,19.24,1,4.0,0.5
1878,14,13,278,2,9.39,1,1.0,0.5
1879,15,12,362,4,14.07,1,2.0,0.5
1880,3,18,67,4,10.0,1,2.0,0.5
1881,8,20,79,8,29.85,1,4.0,0.5
1882,16,17,134,10,21.79,1,5.0,0.5
1883,10,20,356,5,26.33,1,2.5,0.5
1884,4,18,156,7,17.23,1,3.5,0.5
1885,18,12,43,15,40.78,1,7.5,0.5
1886,2,21,182,6,13.43,1,3.0,0.5
1887,17,15,212,6,23.41,1,3.0,0.5
1888,13,18,361,25,76.29,1,12.5,0.5
1889,4,9,31,3,15.67,1,1.5,0.5
1890,11,16,181,19,54.58,1,9.5,0.5
1891,7,21,5,4,17.73,1,2.0,0.5
1892,12,20,80,7,17.05,1,3.5,0.5
1893,10,17,330,3,8.68,1,1.5,0.5
1894,7,20,350,3,18.16,1,1.5,0.5
1895,13,15,353,3,17.83,1,1.5,0.5
1896,7,15,64,6,16.51,1,3.0,0.5
1897,17,21,264,11,25.8,1,5.5,0.5
1898,10,12,40,4,16.96,1,2.0,0.5
1899,10,4,31,16,36.64,1,8.0,0.5
1900,4,17,235,5,24.8,1,2.5,0.5
1901,20,3,64,3,12.36,1,1.5,0.5
1902,4,16,1,3,14.58,1,1.5,0.5
1903,7,18,148,2,8.81,1,1.0,0.5
1904,1,7,44,7,27.99,1,3.5,0.5
1905,12,21,86,3,10.25,1,1.5,0.5
1906,13,19,292,7,19.39,1,3.5,0.5
1907,10,20,164,4,19.47,1,2.0,0.5
1908,15,8,93,1,8.11,1,0.5,0.5
1909,13,16,321,2,7.11,1,1.0,0.5
1910,9,8,200,2,7.62,1,1.0,0.5
1911,9,11,261,6,19.88,1,3.0,0.5
1912,15,14,124,21,50.57,1,10.5,0.5
1913,10,1,52,1,4.67,1,0.5,0.5
1914,10,9,182,7,36.43,1,3.5,0.5
1915,8,17,193,3,8.09,1,1.5,0.5
1916,16,4,213,3,8.31,1,1.5,0.5
1917,17,15,223,10,24.35,1,5.0,0.5
1918,5,12,134,1,3.89,1,0.5,0.5
1919,4,15,147,2,11.89,1,1.0,0.5
1920,18,18,48,8,40.07,1,4.0,0.5
1921,19,16,74,4,20.08,1,2.0,0.5
1922,4,12,85,6,17.76,1,3.0,0.5
1923,7,17,174,2,11.36,1,1.0,0.5
1924,10,10,29,7,30.21,1,3.5,0.5
1925,18,15,347,5,20.11,1,2.5,0.5
1926,19,8,260,3,15.87,1,1.5,0.5
1927,4,8,212,12,43.7,1,6.0,0.5
1928,10,21,116,4,19.27,1,2.0,0.5
1929,1,16,120,5,18.98,1,2.5,0.5
1930,18,20,103,8,27.72,1,4.0,0.5
1931,5,10,231,6,24.14,1,3.0,0.5
1932,15,16,20,3,18.81,1,1.5,0.5
1933,17,15,282,3,10.22,1,1.5,0.5
1934,3,8,66,1,3.84,1,0.5,0.5
1935,12,15,336,2,7.09,1,1.0,0.5
1936,2,13,225,2,7.54,1,1.0,0.5
1937,1,12,126,2,11.11,1,1.0,0.5
1938,17,7,19,5,18.52,1,2.5,0.5
1939,16,11,55,4,15.15,1,2.0,0.5
1940,5,12,336,10,24.05,1,5.0,0.5
1941,15,18,154,2,6.82,1,1.0,0.5
1942,3,16,115,9,36.07,1,4.5,0.5
1943,7,15,199,1,8.13,1,0.5,0.5
1944,11,21,17,1,8.5,1,0.5,0.5
1945,10,14,318,2,5.81,1,1.0,0.5
1946,9,12,37,5,20.85,1,2.5,0.5
1947,14,2,168,3,11.11,1,1.5,0.5
1948,13,15,107,1,3.49,1,0.5,0.5
1949,2,4,111,5,23.83,1,2.5,0.5
1950,3,8,21,4,10.05,1,2.0,0.5
1951,7,20,92,6,17.22,1,3.0,0.5
1952,18,1,176,4,21.17,1,2.0,0.5
1953,3,18,80,4,12.34,1,2.0,0.5
1954,10,12,265,6,23.77,1,3.0,0.5
1955,7,5,98,14,29.03,1,7.0,0.5
1956,9,20,324,4,11.44,1,2.0,0.5
1957,17,15,40,7,29.03,1,3.5,0.5
1958,11,16,155,4,21.93,1,2.0,0.5
1959,7,21,183,8,39.21,1,4.0,0.5
1960,14,20,208,11,32.52,1,5.5,0.5
1961,19,14,43,1,5.93,1,0.5,0.5
1962,4,15,361,1,7.39,1,0.5,0.5
1963,6,21,56,15,42.48,1,7.5,0.5
1964,10,18,352,5,24.44,1,2.5,0.5
1965,7,18,180,3,8.21,1,1.5,0.5
1966,13,14,288,2,9.05,1,1.0,0.5
1967,14,20,308,3,14.05,1,1.5,0.5
1968,4,20,195,3,13.7,1,1.5,0.5
1969,8,19,260,7,21.09,1,3.5,0.5
1970,5,5,200,12,28.52,1,6.0,0.5
1971,1,19,67,5,20.1,1,2.5,0.5
1972,4,19,356,18,50.24,1,9.0,0.5
1973,3,9,73,6,17.16,1,3.0,0.5
1974,9,18,30,4,23.29,1,2.0,0.5
1975,8,4,6,4,17.81,1,2.0,0.5
1976,1,20,324,2,12.19,1,1.0,0.5
1977,6,18,63,1,3.72,1,0.5,0.5
1978,9,7,249,5,20.55,1,2.5,0.5
1979,7,11,36,5,27.98,1,2.5,0.5
1980,4,11,342,6,15.08,1,3.0,0.5
1981,13,17,191,6,25.36,1,3.0,0.5
1982,17,16,348,10,41.3,1,5.0,0.5
1983,2,19,319,9,33.95,1,4.5,0.5
1984,5,20,229,20,42.41,1,10.0,0.5
1985,12,9,209,6,14.46,1,3.0,0.5
1986,8,14,322,20,58.8,1,10.0,0.5
1987,6,18,71,6,17.6,1,3.0,0.5
1988,8,14,40,9,25.62,1,4.5,0.5
1989,18,4,244,2,8.08,1,1.0,0.5
1990,3,15,76,3,18.28,1,1.5,0.5
1991,12,19,102,5,20.7,1,2.5,0.5
1992,3,20,202,3,15.18,1,1.5,0.5
1993,6,18,362,4,9.42,1,2.0,0.5
1994,2,19,164,3,13.4,1,1.5,0.5
1995,12,15,67,4,15.1,1,2.0,0.5
1996,2,1,223,5,20.73,1,2.5,0.5
1997,6,17,213,3,14.7,1,1.5,0.5
1998,17,19,133,7,26.95,1,3.5,0.5
1999,3,4,286,10,35.91,1,5.0,0.5
2000,2,20,323,3,17.07,1,1.5,0.5
2001,20,15,191,3,18.0,1,1.5,0.5
2002,8,16,305,38,82.34,1,19.0,0.5
2003,12,18,284,3,13.36,1,1.5,0.5
2004,4,19,267,3,15.74,1,1.5,0.5
2005,5,17,236,1,5.72,1,0.5,0.5
2006,13,12,171,2,9.09,1,1.0,0.5
2007,15,16,91,2,4.72,1,1.0,0.5
2008,16,18,295,4,17.28,1,2.0,0.5
2009,10,17,166,2,13.75,1,1.0,0.5
2010,16,8,337,1,7.48,1,0.5,0.5
2011,12,19,321,3,11.81,1,1.5,0.5
2012,17,17,90,4,9.91,1,2.0,0.5
2013,16,16,340,6,17.11,1,3.0,0.5
2014,12,18,320,5,12.52,1,2.5,0.5
2015,8,14,210,1,3.05,1,0.5,0.5
2016,20,15,95,3,11.29,1,1.5,0.5
2017,3,18,341,1,6.58,1,0.5,0.5
2018,16,17,45,2,10.16,1,1.0,0.5
2019,13,4,330,3,13.25,1,1.5,0.5
2020,19,8,201,4,17.57,1,2.0,0.5
2021,8,17,69,14,62.82,1,7.0,0.5
2022,5,18,212,18,46.88,1,9.0,0.5
2023,20,20,265,1,3.91,1,0.5,0.5
2024,8,6,124,7,16.68,1,3.5,0.5
2025,12,19,159,4,21.41,1,2.0,0.5
2026,1,14,12,10,25.83,1,5.0,0.5
2027,20,2,132,3,17.04,1,1.5,0.5
2028,6,1,89,1,6.83,1,0.5,0.5
2029,18,17,223,1,8.27,1,0.5,0.5
2030,8,19,292,4,15.21,1,2.0,0.5
2031,7,20,175,1,6.94,1,0.5,0.5
2032,1,21,287,7,27.26,1,3.5,0.5
2033,16,19,9,11,39.8,1,5.5,0.5
2034,12,17,192,3,11.05,1,1.5,0.5
2035,6,3,306,4,12.07,1,2.0,0.5
2036,20,7,273,1,4.42,1,0.5,0.5
2037,2,10,229,2,8.57,1,1.0,0.5
2038,14,16,212,5,23.14,1,2.5,0.5
2039,4,7,280,5,16.84,1,2.5,0.5
2040,1,1,248,7,27.16,1,3.5,0.5
2041,18,9,167,4,15.66,1,2.0,0.5
2042,13,18,157,11,47.4,1,5.5,0.5
2043,2,12,265,1,6.5,1,0.5,0.5
2044,9,2,361,3,11.02,1,1.5,0.5
2045,2,16,47,10,38.24,1,5.0,0.5
2046,9,20,177,4,18.05,1,2.0,0.5
2047,1,9,186,7,20.51,1,3.5,0.5
2048,11,8,272,7,31.11,1,3.5,0.5
2049,3,21,24,2,10.61,1,1.0,0.5
2050,20,5,157,6,18.47,1,3.0,0.5
2051,4,10,335,2,12.98,1,1.0,0.5
2052,18,16,365,6,28.69,1,3.0,0.5
2053,6,17,193,1,3.43,1,0.5,0.5
2054,3,3,92,5,14.01,1,2.5,0.5
2055,11,17,350,2,10.32,1,1.0,0.5
2056,15,11,158,5,21.68,1,2.5,0.5
2057,5,15,202,2,9.25,1,1.0,0.5
2058,20,5,303,3,14.83,1,1.5,0.5
2059,10,17,314,3,12.55,1,1.5,0.5
2060,12,18,57,2,10.41,1,1.0,0.5
2061,15,20,335,3,15.66,1,1.5,0.5
2062,17,21,308,6,30.53,1,3.0,0.5
2063,10,15,7,1,6.87,1,0.5,0.5
2064,6,3,142,2,10.3,1,1.0,0.5
2065,18,9,297,4,13.98,1,2.0,0.5
2066,13,20,1,2,9.55,1,1.0,0.5
2067,3,17,147,3,11.92,1,1.5,0.5
2068,10,6,210,3,12.09,1,1.5,0.5
2069,14,6,56,1,3.46,1,0.5,0.5
2070,6,15,33,1,1.35,1,0.5,0.5
2071,3,2,256,7,30.25,1,3.5,0.5
2072,16,10,327,8,18.52,1,4.0,0.5
2073,7,7,67,7,24.46,1,3.5,0.5
2074,20,16,71,2,6.23,1,1.0,0.5
2075,14,18,87,2,6.04,1,1.0,0.5
2076,9,19,245,1,5.37,1,0.5,0.5
2077,15,14,136,10,24.02,1,5.0,0.5
2078,3,11,128,3,14.21,1,1.5,0.5
2079,2,21,262,14,54.87,1,7.0,0.5
2080,2,16,62,5,13.43,1,2.5,0.5
2081,3,19,34,9,23.75,1,4.5,0.5
2082,18,11,153,7,36.78,1,3.5,0.5
2083,14,17,264,13,38.95,1,6.5,0.5
2084,20,16,340,1,0.96,1,0.5,0.5
2085,18,14,257,5,17.13,1,2.5,0.5
2086,10,9,143,5,12.22,1,2.5,0.5
2087,2,5,6,10,30.12,1,5.0,0.5
2088,1,20,302,5,17.93,1,2.5,0.5
2089,4,15,131,1,6.08,1,0.5,0.5
2090,14,17,210,16,47.88,1,8.0,0.5
2091,1,19,174,3,11.46,1,1.5,0.5
2092,14,16,364,4,15.51,1,2.0,0.5
2093,16,19,41,3,15.62,1,1.5,0.5
2094,14,12,267,9,19.97,1,4.5,0.5
2095,20,19,103,1,6.35,1,0.5,0.5
2096,3,18,158,11,38.96,1,5.5,0.5
2097,3,2,222,5,15.11,1,2.5,0.5
2098,9,10,59,2,7.23,1,1.0,0.5
2099,6,17,285,1,3.15,1,0.5,0.5
2100,13,5,29,3,8.49,1,1.5,0.5
2101,2,16,204,1,5.59,1,0.5,0.5
2102,8,18,253,7,29.15,1,3.5,0.5
2103,2,11,300,5,14.7,1,2.5,0.5
2104,4,14,364,6,27.31,1,3.0,0.5
2105,15,17,68,4,14.93,1,2.0,0.5
2106,4,19,29,4,16.64,1,2.0,0.5
2107,13,17,222,4,18.37,1,2.0,0.5
2108,12,18,54,2,11.31,1,1.0,0.5
2109,13,21,128,8,17.56,1,4.0,0.5
2110,14,9,221,5,25.23,1,2.5,0.5
2111,20,17,155,2,9.6,1,1.0,0.5
2112,18,7,178,3,11.07,1,1.5,0.5
2113,6,17,294,2,10.58,1,1.0,0.5
2114,11,1,231,2,9.35,1,1.0,0.5
2115,2,21,16,2,9.85,1,1.0,0.5
2116,19,19,217,3,17.72,1,1.5,0.5
2117,19,6,230,4,11.33,1,2.0,0.5
2118,5,18,208,9,20.1,1,4.5,0.5
2119,19,8,301,8,36.09,1,4.0,0.5
2120,2,5,265,10,40.09,1,5.0,0.5
2121,10,18,105,10,21.35,1,5.0,0.5
2122,2,2,92,5,23.01,1,2.5,0.5
2123,11,20,167,16,71.98,1,8.0,0.5
2124,18,20,243,4,18.77,1,2.0,0.5
2125,15,3,237,4,19.61,1,2.0,0.5
2126,9,3,211,6,18.22,1,3.0,0.5
2127,19,19,113,1,2.49,1,0.5,0.5
2128,9,14,305,1,2.16,1,0.5,0.5
2129,3,3,213,9,30.16,1,4.5,0.5
2130,9,19,338,4,17.22,1,2.0,0.5
2131,14,5,7,6,27.49,1,3.0,0.5
2132,19,19,62,2,5.69,1,1.0,0.5
2133,7,10,50,10,28.94,1,5.0,0.5
2134,16,19,347,3,8.56,1,1.5,0.5
2135,16,20,357,2,5.5,1,1.0,0.5
2136,1,11,15,1,9.0,1,0.5,0.5
2137,4,3,331,7,27.63,1,3.5,0.5
2138,4,17,129,2,10.18,1,1.0,0.5
2139,7,14,311,4,14.03,1,2.0,0.5
2140,8,18,14,13,57.11,1,6.5,0.5
2141,17,7,236,2,11.7,1,1.0,0.5
2142,5,15,269,10,26.45,1,5.0,0.5
2143,7,19,284,4,14.62,1,2.0,0.5
2144,20,20,90,3,15.19,1,1.5,0.5
2145,20,21,258,7,20.17,1,3.5,0.5
2146,4,5,327,6,22.94,1,3.0,0.5
2147,6,18,211,4,21.91,1,2.0,0.5
2148,7,1,169,2,11.85,1,1.0,0.5
2149,18,12,280,5,14.29,1,2.5,0.5
2150,5,17,233,11,38.91,1,5.5,0.5
2151,20,15,279,5,13.79,1,2.5,0.5
2152,3,1,269,10,30.97,1,5.0,0.5
2153,7,20,98,5,19.19,1,2.5,0.5
2154,14,15,198,2,13.28,1,1.0,0.5
2155,7,8,114,6,18.95,1,3.0,0.5
2156,5,21,252,1,4.47,1,0.5,0.5
2157,5,3,51,3,14.67,1,1.5,0.5
2158,2,4,116,7,28.77,1,3.5,0.5
2159,6,5,343,5,14.63,1,2.5,0.5
2160,15,5,236,5,24.83,1,2.5,0.5
2161,10,15,132,7,32.0,1,3.5,0.5
2162,7,6,329,8,23.79,1,4.0,0.5
2163,5,18,286,6,16.13,1,3.0,0.5
2164,1,9,237,12,30.83,1,6.0,0.5
2165,13,15,199,3,7.77,1,1.5,0.5
2166,18,21,215,3,12.45,1,1.5,0.5
2167,13,2,245,1,4.45,1,0.5,0.5
2168,18,20,26,6,31.51,1,3.0,0.5
2169,5,21,252,1,3.97,1,0.5,0.5
2170,13,20,33,7,22.5,1,3.5,0.5
2171,4,12,111,7,15.57,1,3.5,0.5
2172,17,15,135,2,9.54,1,1.0,0.5
2173,3,5,176,14,37.63,1,7.0,0.5
2174,17,7,244,6,25.06,1,3.0,0.5
2175,11,21,212,5,15.33,1,2.5,0.5
2176,20,15,198,5,20.95,1,2.5,0.5
2177,4,19,178,4,14.8,1,2.0,0.5
2178,2,2,315,5,13.61,1,2.5,0.5
2179,20,9,292,5,27.85,1,2.5,0.5
2180,16,19,355,12,42.47,1,6.0,0.5
2181,18,17,14,2,11.65,1,1.0,0.5
2182,8,14,271,5,12.18,1,2.5,0.5
2183,3,9,255,1,6.07,1,0.5,0.5
2184,9,21,172,11,42.85,1,5.5,0.5
2185,20,19,36,3,10.35,1,1.5,0.5
2186,6,18,139,2,10.67,1,1.0,0.5
2187,10,20,359,1,2.3,1,0.5,0.5
2188,10,2,70,1,3.35,1,0.5,0.5
2189,13,15,92,1,2.84,1,0.5,0.5
2190,17,21,348,2,9.16,1,1.0,0.5
2191,9,4,212,6,26.54,1,3.0,0.5
2192,17,17,156,5,27.05,1,2.5,0.5
2193,9,19,174,7,22.0,1,3.5,0.5
2194,9,20,152,1,3.27,1,0.5,0.5
2195,1,11,186,3,12.25,1,1.5,0.5
2196,2,14,77,1,2.54,1,0.5,0.5
2197,16,10,210,2,7.1,1,1.0,0.5
2198,1,16,299,8,34.41,1,4.0,0.5
2199,10,15,256,2,9.6,1,1.0,0.5
2200,18,16,73,4,12.82,1,2.0,0.5
2201,8,17,11,2,8.57,1,1.0,0.5
2202,11,18,363,2,14.21,1,1.0,0.5
2203,2,11,240,5,15.51,1,2.5,0.5
2204,8,19,176,4,16.82,1,2.0,0.5
2205,8,17,107,6,16.6,1,3.0,0.5
2206,17,12,148,11,37.0,1,5.5,0.5
2207,15,18,304,4,11.59,1,2.0,0.5
2208,17,20,31,9,44.16,1,4.5,0.5
2209,13,12,239,2,12.86,1,1.0,0.5
2210,19,2,25,3,12.77,1,1.5,0.5
2211,5,16,280,3,16.11,1,1.5,0.5
2212,12,6,244,2,12.14,1,1.0,0.5
2213,1,3,258,7,17.64,1,3.5,0.5
2214,5,13,180,2,10.25,1,1.0,0.5
2215,8,17,193,4,17.44,1,2.0,0.5
2216,13,20,238,1,4.82,1,0.5,0.5
2217,8,16,207,3,15.32,1,1.5,0.5
2218,11,5,192,14,49.87,1,7.0,0.5
2219,1,17,150,4,15.57,1,2.0,0.5
2220,13,20,211,2,11.99,1,1.0,0.5
2221,19,11,59,12,41.89,1,6.0,0.5
2222,3,8,333,11,54.78,1,5.5,0.5
2223,17,17,243,5,15.79,1,2.5,0.5
2224,5,16,224,14,51.19,1,7.0,0.5
2225,20,17,356,2,10.52,1,1.0,0.5
2226,8,16,170,6,26.33,1,3.0,0.5
2227,14,11,197,6,21.92,1,3.0,0.5
2228,4,4,194,13,31.78,1,6.5,0.5
2229,11,16,280,3,13.62,1,1.5,0.5
2230,20,12,329,7,17.99,1,3.5,0.5
2231,15,16,60,1,4.71,1,0.5,0.5
2232,19,19,326,16,41.03,1,8.0,0.5
2233,7,7,324,7,16.46,1,3.5,0.5
2234,19,17,51,5,25.58,1,2.5,0.5
2235,19,5,125,5,11.74,1,2.5,0.5
2236,11,15,201,1,7.67,1,0.5,0.5
2237,5,19,225,4,17.75,1,2.0,0.5
2238,5,15,77,2,11.75,1,1.0,0.5
2239,8,16,192,6,13.98,1,3.0,0.5
2240,10,20,292,1,3.04,1,0.5,0.5
2241,6,17,15,1,8.22,1,0.5,0.5
2242,15,13,308,6,17.17,1,3.0,0.5
2243,16,16,250,4,19.27,1,2.0,0.5
2244,17,4,207,1,5.34,1,0.5,0.5
2245,8,21,124,5,24.87,1,2.5,0.5
2246,8,8,265,7,21.47,1,3.5,0.5
2247,9,8,204,1,2.8,1,0.5,0.5
2248,2,7,1,3,10.83,1,1.5,0.5
2249,15,15,155,6,28.96,1,3.0,0.5
2250,18,4,250,1,6.14,1,0.5,0.5
2251,3,6,73,4,18.27,1,2.0,0.5
2252,17,5,265,3,9.25,1,1.5,0.5
2253,4,17,243,3,12.44,1,1.5,0.5
2254,4,8,308,2,7.97,1,1.0,0.5
2255,14,16,93,4,21.19,1,2.0,0.5
2256,9,21,144,1,1.84,1,0.5,0.5
2257,9,16,21,10,42.64,1,5.0,0.5
2258,18,8,271,6,23.75,1,3.0,0.5
2259,10,18,105,9,44.67,1,4.5,0.5
2260,4,7,343,6,16.94,1,3.0,0.5
2261,12,16,12,3,13.99,1,1.5,0.5
2262,8,10,258,3,8.95,1,1.5,0.5
2263,2,21,348,6,14.63,1,3.0,0.5
2264,13,19,338,13,60.98,1,6.5,0.5
2265,16,3,140,1,8.46,1,0.5,0.5
2266,2,3,294,4,11.74,1,2.0,0.5
2267,11,19,152,1,4.93,1,0.5,0.5
2268,10,17,148,2,9.21,1,1.0,0.5
2269,15,5,283,2,9.0,1,1.0,0.5
2270,17,20,241,4,18.97,1,2.0,0.5
2271,8,17,129,2,4.99,1,1.0,0.5
2272,18,8,267,11,23.89,1,5.5,0.5
2273,9,17,178,3,15.19,1,1.5,0.5
2274,8,16,222,1,3.57,1,0.5,0.5
2275,14,17,15,4,21.13,1,2.0,0.5
2276,18,21,12,11,33.32,1,5.5,0.5
2277,20,21,262,10,41.2,1,5.0,0.5
2278,20,16,49,8,29.72,1,4.0,0.5
2279,12,16,66,1,8.53,1,0.5,0.5
2280,19,15,109,1,7.98,1,0.5,0.5
2281,14,5,350,8,39.93,1,4.0,0.5
2282,17,11,211,3,15.19,1,1.5,0.5
2283,3,16,69,4,13.85,1,2.0,0.5
2284,7,18,303,5,23.96,1,2.5,0.5
2285,17,21,290,6,22.12,1,3.0,0.5
2286,12,17,134,10,40.57,1,5.0,0.5
2287,9,14,332,10,52.39,1,5.0,0.5
2288,15,17,146,1,5.6,1,0.5,0.5
2289,18,20,105,8,20.02,1,4.0,0.5
2290,13,13,98,5,21.82,1,2.5,0.5
2291,8,3,71,8,33.15,1,4.0,0.5
2292,14,16,363,1,7.24,1,0.5,0.5
2293,8,4,204,5,13.29,1,2.5,0.5
2294,14,16,153,1,4.61,1,0.5,0.5
2295,7,12,179,1,2.28,1,0.5,0.5
2296,12,8,231,7,31.27,1,3.5,0.5
2297,11,12,154,10,45.32,1,5.0,0.5
2298,11,9,77,3,11.83,1,1.5,0.5
2299,13,21,55,3,13.33,1,1.5,0.5
2300,18,5,138,2,8.91,1,1.0,0.5
2301,2,9,321,18,68.07,1,9.0,0.5
2302,15,12,317,7,19.47,1,3.5,0.5
2303,20,17,238,4,17.26,1,2.0,0.5
2304,18,5,115,3,7.8,1,1.5,0.5
2305,15,19,73,10,23.31,1,5.0,0.5
2306,19,19,248,8,28.32,1,4.0,0.5
2307,12,7,96,2,10.09,1,1.0,0.5
2308,13,1,247,3,12.68,1,1.5,0.5
2309,11,19,52,14,35.65,1,7.0,0.5
2310,5,17,266,5,15.28,1,2.5,0.5
2311,1,20,207,1,4.51,1,0.5,0.5
2312,3,8,288,11,46.27,1,5.5,0.5
2313,19,11,224,7,21.77,1,3.5,0.5
2314,7,11,329,9,31.07,1,4.5,0.5
2315,12,2,105,3,7.63,1,1.5,0.5
2316,15,17,307,2,9.8,1,1.0,0.5
2317,5,7,152,1,6.7,1,0.5,0.5
2318,15,11,323,2,12.55,1,1.0,0.5
2319,8,19,337,8,25.63,1,4.0,0.5
2320,10,18,87,1,7.24,1,0.5,0.5
2321,16,20,337,7,31.3,1,3.5,0.5
2322,8,18,366,1,4.06,1,0.5,0.5
2323,1,14,76,5,17.34,1,2.5,0.5
2324,12,19,213,1,2.63,1,0.5,0.5
2325,5,11,351,9,29.67,1,4.5,0.5
2326,3,17,359,6,16.79,1,3.0,0.5
2327,1,5,223,9,28.85,1,4.5,0.5
2328,4,18,363,3,11.52,1,1.5,0.5
2329,8,21,41,3,13.92,1,1.5,0.5
2330,3,10,133,4,20.66,1,2.0,0.5
2331,10,15,158,9,36.17,1,4.5,0.5
2332,2,17,64,6,20.26,1,3.0,0.5
2333,11,6,102,9,32.17,1,4.5,0.5
2334,10,17,31,19,60.48,1,9.5,0.5
2335,14,2,266,1,7.26,1,0.5,0.5
2336,7,1,265,5,13.82,1,2.5,0.5
2337,2,4,356,7,26.97,1,3.5,0.5
2338,9,20,128,10,27.24,1,5.0,0.5
2339,16,15,73,15,39.95,1,7.5,0.5
2340,13,17,208,24,70.64,1,12.0,0.5
2341,9,1,296,2,4.97,1,1.0,0.5
2342,20,19,132,3,12.86,1,1.5,0.5
2343,4,11,281,6,30.18,1,3.0,0.5
2344,10,20,363,8,25.11,1,4.0,0.5
2345,12,16,188,1,3.83,1,0.5,0.5
2346,17,9,70,1,3.42,1,0.5,0.5
2347,14,21,355,8,30.1,1,4.0,0.5
2348,14,20,134,2,8.85,1,1.0,0.5
2349,2,19,152,2,11.44,1,1.0,0.5
2350,20,16,66,1,7.73,1,0.5,0.5
2351,11,19,224,1,4.81,1,0.5,0.5
2352,16,8,67,2,13.27,1,1.0,0.5
2353,19,13,157,2,10.2,1,1.0,0.5
2354,6,5,229,5,18.31,1,2.5,0.5
2355,19,16,87,8,31.47,1,4.0,0.5
2356,5,15,338,2,11.54,1,1.0,0.5
2357,4,20,270,8,23.13,1,4.0,0.5
2358,15,20,87,1,5.17,1,0.5,0.5
2359,4,15,134,1,2.85,1,0.5,0.5
2360,20,9,206,2,11.08,1,1.0,0.5
2361,10,6,237,3,14.73,1,1.5,0.5
2362,3,20,304,3,10.33,1,1.5,0.5
2363,5,21,267,1,0.4,1,0.5,0.5
2364,6,12,144,4,16.42,1,2.0,0.5
2365,8,5,40,6,29.29,1,3.0,0.5
2366,7,4,87,2,7.28,1,1.0,0.5
2367,10,4,335,4,16.7,1,2.0,0.5
2368,6,19,365,16,41.23,1,8.0,0.5
2369,14,18,196,5,26.67,1,2.5,0.5
2370,4,15,42,4,14.71,1,2.0,0.5
2371,13,5,218,6,15.14,1,3.0,0.5
2372,20,7,276,8,33.15,1,4.0,0.5
2373,17,19,152,5,24.73,1,2.5,0.5
2374,7,16,144,4,18.09,1,2.0,0.5
2375,4,15,143,5,19.66,1,2.5,0.5
2376,14,17,10,4,20.06,1,2.0,0.5
2377,3,20,251,9,28.4,1,4.5,0.5
2378,5,6,191,8,36.32,1,4.0,0.5
2379,16,11,202,6,18.31,1,3.0,0.5
2380,20,15,103,6,23.47,1,3.0,0.5
2381,4,15,151,4,20.31,1,2.0,0.5
2382,2,15,331,1,4.52,1,0.5,0.5
2383,18,19,217,9,27.11,1,4.5,0.5
2384,19,19,126,1,7.97,1,0.5,0.5
2385,19,14,7,1,5.29,1,0.5,0.5
2386,17,21,237,6,23.78,1,3.0,0.5
2387,14,14,125,8,35.75,1,4.0,0.5
2388,19,16,294,5,24.83,1,2.5,0.5
2389,13,11,190,2,9.93,1,1.0,0.5
2390,12,6,301,4,15.73,1,2.0,0.5
2391,6,8,265,4,14.6,1,2.0,0.5
2392,4,19,112,8,33.37,1,4.0,0.5
2393,19,19,321,2,8.14,1,1.0,0.5
2394,16,10,102,3,12.01,1,1.5,0.5
2395,13,8,88,9,27.1,1,4.5,0.5
2396,4,6,3,12,27.75,1,6.0,0.5
2397,17,19,76,3,12.39,1,1.5,0.5
2398,1,18,120,13,48.75,1,6.5,0.5
2399,18,1,244,12,52.19,1,6.0,0.5
2400,20,13,243,2,7.36,1,1.0,0.5
2401,17,21,47,1,6.39,1,0.5,0.5
2402,15,11,341,2,9.63,1,1.0,0.5
2403,11,14,263,2,4.71,1,1.0,0.5
2404,13,1,348,5,18.72,1,2.5,0.5
2405,1,19,199,4,10.28,1,2.0,0.5
2406,17,16,321,2,11.02,1,1.0,0.5
2407,6,21,225,4,15.12,1,2.0,0.5
2408,4,13,29,6,22.42,1,3.0,0.5
2409,20,17,360,7,25.53,1,3.5,0.5
2410,16,18,324,8,35.99,1,4.0,0.5
2411,15,18,44,2,11.02,1,1.0,0.5
2412,15,18,355,8,21.18,1,4.0,0.5
2413,6,4,187,7,39.22,1,3.5,0.5
2414,15,7,233,8,21.43,1,4.0,0.5
2415,14,18,189,2,9.83,1,1.0,0.5
2416,11,21,65,2,9.25,1,1.0,0.5
2417,7,20,19,2,4.96,1,1.0,0.5
2418,9,16,78,9,33.04,1,4.5,0.5
2419,16,21,203,4,23.46,1,2.0,0.5
2420,5,19,324,2,7.29,1,1.0,0.5
2421,20,10,274,3,16.42,1,1.5,0.5
2422,10,15,130,31,75.22,1,15.5,0.5
2423,18,19,227,4,15.42,1,2.0,0.5
2424,3,15,92,4,10.13,1,2.0,0.5
2425,13,17,105,17,44.39,1,8.5,0.5
2426,11,5,309,3,12.64,1,1.5,0.5
2427,17,10,15,4,19.02,1,2.0,0.5
2428,13,16,34,4,20.76,1,2.0,0.5
2429,6,3,326,5,18.88,1,2.5,0.5
2430,17,12,142,3,12.08,1,1.5,0.5
2431,13,7,82,2,8.77,1,1.0,0.5
2432,19,15,154,1,5.86,1,0.5,0.5
2433,19,13,120,6,32.55,1,3.0,0.5
2434,10,20,35,10,28.78,1,5.0,0.5
2435,3,16,127,14,54.77,1,7.0,0.5
2436,14,15,115,5,23.48,1,2.5,0.5
2437,19,21,177,5,26.62,1,2.5,0.5
2438,5,17,42,12,32.28,1,6.0,0.5
2439,5,16,127,9,32.05,1,4.5,0.5
2440,20,18,322,5,25.4,1,2.5,0.5
2441,17,19,128,4,21.09,1,2.0,0.5
2442,10,15,79,9,28.76,1,4.5,0.5
2443,5,21,42,4,17.43,1,2.0,0.5
2444,4,8,85,4,16.49,1,2.0,0.5
2445,6,3,284,4,17.6,1,2.0,0.5
2446,4,15,68,5,12.46,1,2.5,0.5
2447,7,18,143,10,47.52,1,5.0,0.5
2448,7,15,241,3,12.11,1,1.5,0.5
2449,18,13,345,13,35.54,1,6.5,0.5
2450,3,17,84,2,8.91,1,1.0,0.5
2451,1,20,318,6,15.71,1,3.0,0.5
2452,4,10,163,3,17.11,1,1.5,0.5
2453,6,17,185,9,41.21,1,4.5,0.5
2454,9,15,283,33,81.47,1,16.5,0.5
2455,14,1,329,3,11.68,1,1.5,0.5
2456,12,7,204,3,19.51,1,1.5,0.5
2457,20,20,38,8,42.19,1,4.0,0.5
2458,4,17,93,5,25.09,1,2.5,0.5
2459,12,14,311,3,16.3,1,1.5,0.5
2460,10,19,166,8,28.9,1,4.0,0.5
2461,7,15,174,4,13.66,1,2.0,0.5
2462,3,18,331,3,12.5,1,1.5,0.5
2463,14,5,124,1,2.71,1,0.5,0.5
2464,10,18,18,10,25.73,1,5.0,0.5
2465,16,18,7,6,26.7,1,3.0,0.5
2466,16,21,242,7,24.69,1,3.5,0.5
2467,10,17,104,2,6.72,1,1.0,0.5
2468,13,17,329,6,20.48,1,3.0,0.5
2469,6,15,59,10,23.28,1,5.0,0.5
2470,12,18,271,5,24.23,1,2.5,0.5
2471,9,20,336,4,9.99,1,2.0,0.5
2472,13,3,250,3,12.14,1,1.5,0.5
2473,4,20,312,2,7.48,1,1.0,0.5
2474,11,19,43,3,12.89,1,1.5,0.5
2475,20,12,111,2,11.82,1,1.0,0.5
2476,18,5,299,1,8.47,1,0.5,0.5
2477,11,14,308,5,14.63,1,2.5,0.5
2478,4,20,34,1,7.37,1,0.5,0.5
2479,18,21,14,15,34.45,1,7.5,0.5
2480,1,21,302,2,10.72,1,1.0,0.5
2481,7,2,138,7,33.94,1,3.5,0.5
2482,6,18,69,9,31.73,1,4.5,0.5
2483,15,2,178,2,8.12,1,1.0,0.5
2484,18,7,149,12,40.13,1,6.0,0.5
2485,11,8,240,1,2.69,1,0.5,0.5
2486,20,20,206,9,19.61,1,4.5,0.5
2487,15,21,48,13,30.56,1,6.5,0.5
2488,16,13,271,5,15.84,1,2.5,0.5
2489,7,17,230,2,11.44,1,1.0,0.5
2490,10,9,204,6,32.62,1,3.0,0.5
2491,12,3,184,2,7.04,1,1.0,0.5
2492,14,20,219,15,64.14,1,7.5,0.5
2493,5,4,24,12,30.51,1,6.0,0.5
2494,18,17,235,10,35.03,1,5.0,0.5
2495,5,15,285,13,51.32,1,6.5,0.5
2496,3,20,325,1,5.85,1,0.5,0.5
2497,5,17,52,1,3.93,1,0.5,0.5
2498,17,19,295,1,2.94,1,0.5,0.5
2499,19,16,186,3,18.45,1,1.5,0.5
2500,19,17,3,4,12.59,1,2.0,0.5
2501,12,15,106,6,23.78,1,3.0,0.5
2502,9,14,141,7,34.66,1,3.5,0.5
2503,1,19,51,7,15.48,1,3.5,0.5
2504,18,19,92,1,1.83,1,0.5,0.5
2505,4,18,329,14,51.78,1,7.0,0.5
2506,10,20,200,9,45.82,1,4.5,0.5
2507,7,17,205,8,32.73,1,4.0,0.5
2508,1,2,217,4,21.42,1,2.0,0.5
2509,17,19,333,6,19.64,1,3.0,0.5
2510,2,2,298,15,56.15,1,7.5,0.5
2511,11,18,136,1,4.82,1,0.5,0.5
2512,9,7,157,9,24.06,1,4.5,0.5
2513,7,1,64,2,12.52,1,1.0,0.5
2514,17,19,346,3,7.8,1,1.5,0.5
2515,17,19,54,3,14.97,1,1.5,0.5
2516,2,11,364,7,33.78,1,3.5,0.5
2517,6,20,129,15,31.56,1,7.5,0.5
2518,14,11,217,8,37.16,1,4.0,0.5
2519,6,17,315,7,24.06,1,3.5,0.5
2520,2,11,355,3,14.67,1,1.5,0.5
2521,1,7,315,2,7.61,1,1.0,0.5
2522,10,16,302,1,4.58,1,0.5,0.5
2523,5,15,167,11,38.54,1,5.5,0.5
2524,2,21,162,6,23.68,1,3.0,0.5
2525,16,16,23,3,13.98,1,1.5,0.5
2526,2,7,127,2,7.08,1,1.0,0.5
2527,10,17,336,2,12.09,1,1.0,0.5
2528,2,11,301,1,5.67,1,0.5,0.5
2529,16,17,227,8,19.98,1,4.0,0.5
2530,16,9,197,5,12.65,1,2.5,0.5
2531,19,20,162,7,15.5,1,3.5,0.5
2532,7,3,308,3,11.44,1,1.5,0.5
2533,12,13,293,19,44.38,1,9.5,0.5
2534,15,6,175,4,9.56,1,2.0,0.5
2535,8,12,210,13,35.94,1,6.5,0.5
2536,6,16,172,2,12.63,1,1.0,0.5
2537,10,15,109,3,7.13,1,1.5,0.5
2538,3,9,116,1,4.64,1,0.5,0.5
2539,19,14,335,3,12.16,1,1.5,0.5
2540,17,16,66,4,15.86,1,2.0,0.5
2541,7,6,54,3,13.14,1,1.5,0.5
2542,20,6,192,13,27.14,1,6.5,0.5
2543,4,6,275,3,17.26,1,1.5,0.5
2544,14,20,132,7,27.56,1,3.5,0.5
2545,20,15,199,9,23.44,1,4.5,0.5
2546,15,14,131,4,11.38,1,2.0,0.5
2547,8,20,288,2,11.54,1,1.0,0.5
2548,15,19,347,11,32.48,1,5.5,0.5
2549,20,11,260,4,12.32,1,2.0,0.5
2550,14,11,109,6,24.57,1,3.0,0.5
2551,9,18,211,1,2.25,1,0.5,0.5
2552,8,20,246,4,11.33,1,2.0,0.5
2553,17,10,132,12,28.97,1,6.0,0.5
2554,2,15,285,2,11.25,1,1.0,0.5
2555,3,6,229,7,34.6,1,3.5,0.5
2556,8,21,164,12,45.94,1,6.0,0.5
2557,12,16,142,9,26.29,1,4.5,0.5
2558,1,18,310,2,9.62,1,1.0,0.5
2559,10,19,337,3,9.17,1,1.5,0.5
2560,20,16,124,2,8.12,1,1.0,0.5
2561,3,4,306,12,30.64,1,6.0,0.5
2562,6,9,277,4,15.56,1,2.0,0.5
2563,7,18,327,5,20.05,1,2.5,0.5
2564,20,8,239,4,12.23,1,2.0,0.5
2565,18,17,112,2,8.74,1,1.0,0.5
2566,11,15,70,3,9.89,1,1.5,0.5
2567,19,15,195,8,26.8,1,4.0,0.5
2568,5,5,51,1,6.5,1,0.5,0.5
2569,19,10,119,6,26.67,1,3.0,0.5
2570,11,1,239,7,23.33,1,3.5,0.5
2571,12,1,354,3,16.65,1,1.5,0.5
2572,10,1,47,2,9.35,1,1.0,0.5
2573,8,20,33,4,19.31,1,2.0,0.5
2574,9,14,316,4,9.32,1,2.0,0.5
2575,4,7,270,1,3.25,1,0.5,0.5
2576,5,7,167,1,4.66,1,0.5,0.5
2577,8,2,130,4,16.37,1,2.0,0.5
2578,9,15,10,4,15.26,1,2.0,0.5
2579,15,18,53,2,11.36,1,1.0,0.5
2580,15,2,363,3,14.23,1,1.5,0.5
2581,16,5,331,6,25.84,1,3.0,0.5
2582,14,17,3,2,9.71,1,1.0,0.5
2583,8,4,343,2,8.0,1,1.0,0.5
2584,18,17,16,2,13.64,1,1.0,0.5
2585,10,9,17,9,20.98,1,4.5,0.5
2586,20,21,61,1,7.47,1,0.5,0.5
2587,6,2,312,8,25.29,1,4.0,0.5
2588,12,21,120,2,9.81,1,1.0,0.5
2589,2,18,145,9,37.19,1,4.5,0.5
2590,7,6,249,1,7.75,1,0.5,0.5
2591,16,20,90,9,24.74,1,4.5,0.5
2592,3,18,228,11,29.45,1,5.5,0.5
2593,13,17,252,1,3.55,1,0.5,0.5
2594,3,7,342,2,6.71,1,1.0,0.5
2595,18,17,91,8,41.33,1,4.0,0.5
2596,11,4,29,1,4.33,1,0.5,0.5
2597,8,2,92,4,14.39,1,2.0,0.5
2598,6,19,51,1,9.25,1,0.5,0.5
2599,1,20,250,6,28.08,1,3.0,0.5
2600,1,11,341,3,6.98,1,1.5,0.5
2601,8,6,321,5,25.13,1,2.5,0.5
2602,5,19,343,1,4.2,1,0.5,0.5
2603,16,16,322,12,49.99,1,6.0,0.5
2604,11,13,45,2,11.21,1,1.0,0.5
2605,5,2,311,1,3.78,1,0.5,0.5
2606,4,3,127,1,3.54,1,0.5,0.5
2607,6,9,338,1,8.13,1,0.5,0.5
2608,14,19,124,4,9.57,1,2.0,0.5
2609,19,21,27,6,22.48,1,3.0,0.5
2610,9,18,81,1,8.99,1,0.5,0.5
2611,12,18,3,1,5.92,1,0.5,0.5
2612,11,17,126,5,14.47,1,2.5,0.5
2613,14,15,133,1,4.04,1,0.5,0.5
2614,16,1,187,3,8.05,1,1.5,0.5
2615,1,20,14,1,4.63,1,0.5,0.5
2616,13,20,203,6,20.13,1,3.0,0.5
2617,13,19,80,2,10.48,1,1.0,0.5
2618,2,16,246,1,3.79,1,0.5,0.5
2619,4,16,246,1,7.69,1,0.5,0.5
2620,6,1,166,3,10.04,1,1.5,0.5
2621,5,11,216,3,13.23,1,1.5,0.5
2622,3,15,287,9,20.43,1,4.5,0.5
2623,1,19,71,3,9.98,1,1.5,0.5
2624,4,13,265,1,2.22,1,0.5,0.5
2625,20,16,39,4,12.55,1,2.0,0.5
2626,2,19,111,8,28.46,1,4.0,0.5
2627,5,16,118,22,69.81,1,11.0,0.5
2628,3,15,111,3,12.81,1,1.5,0.5
2629,9,19,331,1,6.99,1,0.5,0.5
2630,20,8,202,3,9.69,1,1.5,0.5
2631,6,21,204,9,24.72,1,4.5,0.5
2632,18,17,240,7,36.35,1,3.5,0.5
2633,6,19,149,4,13.54,1,2.0,0.5
2634,19,13,150,15,51.88,1,7.5,0.5
2635,12,21,228,3,8.43,1,1.5,0.5
2636,11,19,241,2,9.89,1,1.0,0.5
2637,2,17,279,12,29.75,1,6.0,0.5
2638,15,8,191,4,21.24,1,2.0,0.5
2639,12,13,56,1,4.21,1,0.5,0.5
2640,12,16,195,4,17.69,1,2.0,0.5
2641,9,4,331,8,18.67,1,4.0,0.5
2642,2,3,269,1,5.17,1,0.5,0.5
2643,3,21,364,7,29.67,1,3.5,0.5
2644,12,13,87,6,13.73,1,3.0,0.5
2645,16,16,165,7,19.04,1,3.5,0.5
2646,1,16,175,8,22.73,1,4.0,0.5
2647,3,18,350,11,49.81,1,5.5,0.5
2648,20,17,248,4,19.71,1,2.0,0.5
2649,2,14,307,13,35.88,1,6.5,0.5
2650,9,18,172,2,8.48,1,1.0,0.5
2651,19,19,280,8,42.19,1,4.0,0.5
2652,15,20,114,4,10.21,1,2.0,0.5
2653,18,3,250,9,34.52,1,4.5,0.5
2654,11,8,161,6,17.28,1,3.0,0.5
2655,16,11,59,5,22.2,1,2.5,0.5
2656,17,5,291,3,10.27,1,1.5,0.5
2657,5,20,3,1,8.61,1,0.5,0.5
2658,12,7,51,6,19.44,1,3.0,0.5
2659,11,20,143,4,18.85,1,2.0,0.5
2660,15,16,329,1,3.97,1,0.5,0.5
2661,3,5,201,1,6.11,1,0.5,0.5
2662,1,5,287,4,17.11,1,2.0,0.5
2663,20,21,274,3,15.72,1,1.5,0.5
2664,16,21,66,2,8.94,1,1.0,0.5
2665,2,16,357,4,16.06,1,2.0,0.5
2666,2,4,144,4,20.38,1,2.0,0.5
2667,3,15,112,1,2.63,1,0.5,0.5
2668,8,19,82,5,23.86,1,2.5,0.5
2669,15,14,28,3,14.49,1,1.5,0.5
2670,7,16,205,4,21.51,1,2.0,0.5
2671,6,18,85,11,27.75,1,5.5,0.5
2672,9,8,313,3,6.96,1,1.5,0.5
2673,20,5,316,11,38.89,1,5.5,0.5
2674,1,19,68,5,20.97,1,2.5,0.5
2675,8,21,275,5,24.15,1,2.5,0.5
2676,3,18,212,5,11.48,1,2.5,0.5
2677,4,17,314,10,22.18,1,5.0,0.5
2678,15,6,318,2,12.57,1,1.0,0.5
2679,6,10,42,2,8.21,1,1.0,0.5
2680,15,6,287,4,18.36,1,2.0,0.5
2681,3,17,52,8,21.35,1,4.0,0.5
2682,14,16,74,9,22.71,1,4.5,0.5
2683,20,16,325,2,12.09,1,1.0,0.5
2684,14,13,25,3,17.0,1,1.5,0.5
2685,4,11,50,3,18.46,1,1.5,0.5
2686,12,7,78,11,49.37,1,5.5,0.5
2687,17,8,236,1,6.81,1,0.5,0.5
2688,7,17,56,19,51.67,1,9.5,0.5
2689,9,11,342,8,36.73,1,4.0,0.5
2690,3,21,327,4,15.22,1,2.0,0.5
2691,13,17,251,10,28.09,1,5.0,0.5
2692,15,21,3,1,4.79,1,0.5,0.5
2693,18,4,244,2,5.59,1,1.0,0.5
2694,19,2,119,2,8.78,1,1.0,0.5
2695,1,15,243,10,44.9,1,5.0,0.5
2696,6,4,36,2,5.8,1,1.0,0.5
2697,2,21,23,7,38.1,1,3.5,0.5
2698,14,17,147,6,28.7,1,3.0,0.5
2699,6,11,287,20,52.17,1,10.0,0.5
2700,14,6,4,1,5.13,1,0.5,0.5
2701,4,18,344,4,9.01,1,2.0,0.5
2702,8,1,35,8,20.69,1,4.0,0.5
2703,3,18,202,9,20.22,1,4.5,0.5
2704,19,18,96,1,0.43,1,0.5,0.5
2705,14,19,162,4,8.87,1,2.0,0.5
2706,20,17,102,10,24.31,1,5.0,0.5
2707,17,4,191,9,31.64,1,4.5,0.5
2708,8,17,63,10,41.84,1,5.0,0.5
2709,14,21,80,6,17.74,1,3.0,0.5
2710,6,17,279,2,7.22,1,1.0,0.5
2711,16,20,215,1,5.05,1,0.5,0.5
2712,19,7,180,2,6.83,1,1.0,0.5
2713,14,21,134,6,16.56,1,3.0,0.5
2714,19,21,10,4,12.23,1,2.0,0.5
2715,3,18,207,7,25.07,1,3.5,0.5
2716,10,8,65,15,33.14,1,7.5,0.5
2717,19,18,298,5,20.9,1,2.5,0.5
2718,9,17,184,20,64.75,1,10.0,0.5
2719,20,18,157,7,14.76,1,3.5,0.5
2720,13,9,202,10,48.26,1,5.0,0.5
2721,7,17,275,8,18.32,1,4.0,0.5
2722,14,18,34,3,15.44,1,1.5,0.5
2723,9,2,259,12,57.08,1,6.0,0.5
2724,19,18,178,7,17.44,1,3.5,0.5
2725,15,6,69,11,45.86,1,5.5,0.5
2726,20,10,306,3,6.74,1,1.5,0.5
2727,14,9,71,3,16.93,1,1.5,0.5
2728,6,20,350,3,13.54,1,1.5,0.5
2729,4,15,136,3,13.64,1,1.5,0.5
2730,8,1,187,2,11.61,1,1.0,0.5
2731,17,19,181,7,28.69,1,3.5,0.5
2732,9,14,125,6,16.88,1,3.0,0.5
2733,1,21,102,4,20.52,1,2.0,0.5
2734,20,21,291,12,26.13,1,6.0,0.5
2735,14,17,142,8,27.73,1,4.0,0.5
2736,11,17,219,6,24.67,1,3.0,0.5
2737,3,7,244,8,17.32,1,4.0,0.5
2738,9,20,104,3,12.89,1,1.5,0.5
2739,14,20,188,2,7.93,1,1.0,0.5
2740,9,13,53,10,23.25,1,5.0,0.5
2741,4,21,148,4,15.94,1,2.0,0.5
2742,4,10,61,2,7.94,1,1.0,0.5
2743,8,12,336,1,3.07,1,0.5,0.5
2744,2,19,222,7,25.69,1,3.5,0.5
2745,9,18,366,8,26.02,1,4.0,0.5
2746,14,16,13,9,33.28,1,4.5,0.5
2747,9,4,127,3,8.73,1,1.5,0.5
2748,16,20,56,11,34.78,1,5.5,0.5
2749,17,16,241,4,12.03,1,2.0,0.5
2750,16,16,36,5,22.39,1,2.5,0.5
2751,12,19,199,4,13.77,1,2.0,0.5
2752,3,17,318,5,18.79,1,2.5,0.5
2753,11,15,302,2,9.46,1,1.0,0.5
2754,14,15,333,6,21.39,1,3.0,0.5
2755,18,21,261,3,13.05,1,1.5,0.5
2756,5,17,289,1,7.78,1,0.5,0.5
2757,16,1,177,13,38.28,1,6.5,0.5
2758,20,6,149,3,13.4,1,1.5,0.5
2759,5,14,350,3,12.51,1,1.5,0.5
2760,3,17,256,17,61.74,1,8.5,0.5
2761,12,3,216,5,16.18,1,2.5,0.5
2762,1,18,94,5,24.75,1,2.5,0.5
2763,9,19,284,15,31.94,1,7.5,0.5
2764,9,21,40,1,2.32,1,0.5,0.5
2765,4,21,153,7,36.11,1,3.5,0.5
2766,3,19,21,5,12.44,1,2.5,0.5
2767,17,15,214,7,31.46,1,3.5,0.5
2768,2,16,338,12,51.81,1,6.0,0.5
2769,1,4,71,2,12.5,1,1.0,0.5
2770,8,3,279,7,26.02,1,3.5,0.5
2771,13,16,171,11,32.13,1,5.5,0.5
2772,15,20,47,21,63.58,1,10.5,0.5
2773,8,21,251,15,35.04,1,7.5,0.5
2774,12,16,183,15,56.87,1,7.5,0.5
2775,12,10,69,6,29.33,1,3.0,0.5
2776,14,20,25,4,23.82,1,2.0,0.5
2777,15,18,178,10,43.6,1,5.0,0.5
2778,15,17,267,9,28.23,1,4.5,0.5
2779,9,4,84,12,26.08,1,6.0,0.5
2780,19,1,78,6,28.75,1,3.0,0.5
2781,20,9,173,4,13.66,1,2.0,0.5
2782,8,1,306,13,44.65,1,6.5,0.5
2783,19,15,279,4,12.06,1,2.0,0.5
2784,6,21,283,2,8.28,1,1.0,0.5
2785,20,17,85,6,18.53,1,3.0,0.5
2786,19,14,360,1,3.41,1,0.5,0.5
2787,4,21,220,8,22.46,1,4.0,0.5
2788,7,21,255,2,7.16,1,1.0,0.5
2789,4,19,227,4,21.09,1,2.0,0.5
2790,12,18,73,10,27.57,1,5.0,0.5
2791,13,12,326,1,5.68,1,0.5,0.5
2792,3,13,360,3,16.52,1,1.5,0.5
2793,12,16,12,5,24.38,1,2.5,0.5
2794,2,11,127,10,34.87,1,5.0,0.5
2795,2,8,71,3,9.43,1,1.5,0.5
2796,9,9,68,2,8.83,1,1.0,0.5
2797,1,1,61,7,16.67,1,3.5,0.5
2798,8,17,224,1,0.84,1,0.5,0.5
2799,6,15,221,12,39.61,1,6.0,0.5
2800,6,18,354,9,18.82,1,4.5,0.5
2801,18,19,239,2,7.83,1,1.0,0.5
2802,17,2,84,1,6.71,1,0.5,0.5
2803,12,21,288,20,45.54,1,10.0,0.5
2804,6,21,160,3,11.08,1,1.5,0.5
2805,8,10,343,9,22.58,1,4.5,0.5
2806,19,9,67,2,10.46,1,1.0,0.5
2807,10,9,40,2,11.09,1,1.0,0.5
2808,1,15,285,1,2.27,1,0.5,0.5
2809,13,18,166,4,17.9,1,2.0,0.5
2810,17,14,311,11,31.16,1,5.5,0.5
2811,3,16,127,2,9.87,1,1.0,0.5
2812,8,13,256,6,20.0,1,3.0,0.5
2813,14,16,332,1,4.97,1,0.5,0.5
2814,3,18,228,16,41.58,1,8.0,0.5
2815,16,15,30,12,37.49,1,6.0,0.5
2816,13,20,249,1,2.79,1,0.5,0.5
2817,20,14,118,3,14.77,1,1.5,0.5
2818,17,21,92,1,1.87,1,0.5,0.5
2819,13,21,215,6,13.69,1,3.0,0.5
2820,6,18,214,2,9.54,1,1.0,0.5
2821,17,19,56,8,40.78,1,4.0,0.5
2822,14,11,92,2,13.33,1,1.0,0.5
2823,17,20,349,4,16.95,1,2.0,0.5
2824,8,4,65,8,39.25,1,4.0,0.5
2825,11,14,127,5,14.29,1,2.5,0.5
2826,20,19,254,6,16.49,1,3.0,0.5
2827,1,19,142,3,10.96,1,1.5,0.5
2828,7,17,273,2,7.76,1,1.0,0.5
2829,17,21,95,3,10.57,1,1.5,0.5
2830,10,19,307,5,19.62,1,2.5,0.5
2831,11,17,225,9,34.45,1,4.5,0.5
2832,9,10,333,5,26.38,1,2.5,0.5
2833,9,20,348,2,7.75,1,1.0,0.5
2834,5,17,210,5,26.51,1,2.5,0.5
2835,17,16,79,4,12.72,1,2.0,0.5
2836,9,19,125,5,23.45,1,2.5,0.5
2837,17,18,216,9,35.96,1,4.5,0.5
2838,19,20,365,3,12.7,1,1.5,0.5
2839,7,17,120,3,15.8,1,1.5,0.5
2840,9,18,104,4,19.07,1,2.0,0.5
2841,7,21,163,4,15.94,1,2.0,0.5
2842,13,15,48,5,17.39,1,2.5,0.5
2843,11,17,190,5,23.92,1,2.5,0.5
2844,14,2,282,1,1.18,1,0.5,0.5
2845,19,15,251,5,21.68,1,2.5,0.5
2846,11,20,180,1,5.29,1,0.5,0.5
2847,13,13,287,1,6.39,1,0.5,0.5
2848,14,13,289,8,30.33,1,4.0,0.5
2849,13,21,343,1,3.08,1,0.5,0.5
2850,1,1,192,9,18.57,1,4.5,0.5
2851,8,4,85,8,29.36,1,4.0,0.5
2852,12,5,63,18,50.3,1,9.0,0.5
2853,19,6,314,1,4.37,1,0.5,0.5
2854,12,19,153,5,23.75,1,2.5,0.5
2855,8,20,113,4,13.37,1,2.0,0.5
2856,8,21,96,1,2.77,1,0.5,0.5
2857,13,15,366,3,13.43,1,1.5,0.5
2858,12,12,8,12,31.67,1,6.0,0.5
2859,16,5,222,13,31.15,1,6.5,0.5
2860,1,2,130,7,26.71,1,3.5,0.5
2861,13,19,102,11,38.81,1,5.5,0.5
2862,7,18,337,5,13.0,1,2.5,0.5
2863,5,21,99,1,4.3,1,0.5,0.5
2864,8,1,225,6,26.42,1,3.0,0.5
2865,14,3,315,2,4.63,1,1.0,0.5
2866,13,15,301,2,10.32,1,1.0,0.5
2867,15,18,194,1,6.97,1,0.5,0.5
2868,17,20,238,16,69.17,1,8.0,0.5
2869,15,15,278,4,20.02,1,2.0,0.5
2870,20,12,282,3,9.66,1,1.5,0.5
2871,18,7,46,13,34.89,1,6.5,0.5
2872,18,20,71,5,14.84,1,2.5,0.5
2873,2,20,347,1,5.11,1,0.5,0.5
2874,4,17,174,2,7.16,1,1.0,0.5
2875,1,16,235,1,4.59,1,0.5,0.5
2876,4,17,321,6,25.99,1,3.0,0.5
2877,18,17,330,3,9.64,1,1.5,0.5
2878,5,18,335,7,28.95,1,3.5,0.5
2879,19,1,227,3,10.52,1,1.5,0.5
2880,15,3,171,15,32.62,1,7.5,0.5
2881,8,16,2,7,19.22,1,3.5,0.5
2882,20,15,73,8,19.61,1,4.0,0.5
2883,17,17,222,2,9.57,1,1.0,0.5
2884,1,20,68,5,17.55,1,2.5,0.5
2885,12,5,171,5,12.81,1,2.5,0.5
2886,19,16,28,8,22.47,1,4.0,0.5
2887,15,18,63,1,6.92,1,0.5,0.5
2888,9,3,22,5,22.25,1,2.5,0.5
2889,7,6,129,5,22.66,1,2.5,0.5
2890,2,19,96,7,15.93,1,3.5,0.5
2891,9,9,259,9,24.97,1,4.5,0.5
2892,10,20,350,4,17.98,1,2.0,0.5
2893,2,11,232,2,5.12,1,1.0,0.5
2894,19,2,182,3,17.28,1,1.5,0.5
2895,11,2,296,2,13.87,1,1.0,0.5
2896,13,1,205,6,23.51,1,3.0,0.5
2897,10,20,354,7,32.71,1,3.5,0.5
2898,14,19,194,6,29.66,1,3.0,0.5
2899,18,21,280,12,39.81,1,6.0,0.5
2900,19,21,44,12,51.59,1,6.0,0.5
2901,9,21,84,8,16.96,1,4.0,0.5
2902,7,12,191,6,27.59,1,3.0,0.5
2903,3,7,275,2,7.62,1,1.0,0.5
2904,20,8,348,9,34.63,1,4.5,0.5
2905,6,19,318,6,15.88,1,3.0,0.5
2906,2,16,127,10,29.26,1,5.0,0.5
2907,6,17,54,13,37.4,1,6.5,0.5
2908,3,8,226,4,10.37,1,2.0,0.5
2909,16,21,217,7,28.93,1,3.5,0.5
2910,8,9,356,23,65.13,1,11.5,0.5
2911,2,13,202,1,9.95,1,0.5,0.5
2912,17,7,95,6,30.9,1,3.0,0.5
2913,9,13,51,2,9.3,1,1.0,0.5
2914,12,20,58,2,5.43,1,1.0,0.5
2915,3,18,11,1,3.27,1,0.5,0.5
2916,11,15,316,2,8.83,1,1.0,0.5
2917,1,11,263,7,23.36,1,3.5,0.5
2918,13,21,293,2,6.83,1,1.0,0.5
2919,15,17,39,10,36.06,1,5.0,0.5
2920,5,15,53,12,39.84,1,6.0,0.5
2921,17,7,309,1,1.84,1,0.5,0.5
2922,6,2,142,4,23.75,1,2.0,0.5
2923,11,15,155,3,11.68,1,1.5,0.5
2924,18,10,284,9,20.72,1,4.5,0.5
2925,4,12,308,6,21.26,1,3.0,0.5
2926,3,18,282,6,24.22,1,3.0,0.5
2927,13,6,336,2,8.98,1,1.0,0.5
2928,9,19,22,5,19.39,1,2.5,0.5
2929,6,15,213,3,17.78,1,1.5,0.5
2930,12,12,74,2,11.58,1,1.0,0.5
2931,2,18,68,9,42.08,1,4.5,0.5
2932,3,2,15,7,29.45,1,3.5,0.5
2933,3,15,344,1,4.85,1,0.5,0.5
2934,12,15,18,2,6.62,1,1.0,0.5
2935,15,16,104,2,6.85,1,1.0,0.5
2936,9,1,296,4,18.36,1,2.0,0.5
2937,8,21,216,12,36.64,1,6.0,0.5
2938,11,6,190,7,25.73,1,3.5,0.5
2939,16,15,236,2,10.82,1,1.0,0.5
2940,4,5,315,1,5.03,1,0.5,0.5
2941,1,19,365,4,15.27,1,2.0,0.5
2942,7,8,267,6,13.03,1,3.0,0.5
2943,2,16,344,4,15.98,1,2.0,0.5
2944,5,3,181,1,1.3,1,0.5,0.5
2945,7,19,202,4,10.88,1,2.0,0.5
2946,4,16,196,1,8.44,1,0.5,0.5
2947,5,18,197,6,32.87,1,3.0,0.5
2948,1,17,336,2,8.04,1,1.0,0.5
2949,1,19,221,10,31.93,1,5.0,0.5
2950,15,17,171,1,2.86,1,0.5,0.5
2951,20,18,136,4,11.8,1,2.0,0.5
2952,19,16,266,4,21.58,1,2.0,0.5
2953,10,9,82,7,29.74,1,3.5,0.5
2954,18,18,270,9,29.07,1,4.5,0.5
2955,3,8,288,16,44.01,1,8.0,0.5
2956,11,11,281,1,9.66,1,0.5,0.5
2957,15,2,274,4,19.57,1,2.0,0.5
2958,11,20,342,2,4.98,1,1.0,0.5
2959,17,5,145,7,29.67,1,3.5,0.5
2960,17,5,260,14,34.27,1,7.0,0.5
2961,6,17,200,4,16.52,1,2.0,0.5
2962,5,6,139,1,3.83,1,0.5,0.5
2963,8,21,72,4,20.7,1,2.0,0.5
2964,2,7,92,4,18.38,1,2.0,0.5
2965,16,16,248,3,10.97,1,1.5,0.5
2966,20,20,208,6,15.38,1,3.0,0.5
2967,12,21,154,34,77.67,1,17.0,0.5
2968,6,17,359,8,23.91,1,4.0,0.5
2969,1,21,24,11,29.17,1,5.5,0.5
2970,4,13,311,5,13.91,1,2.5,0.5
2971,17,18,326,6,30.54,1,3.0,0.5
2972,13,15,359,2,5.51,1,1.0,0.5
2973,18,20,292,12,31.48,1,6.0,0.5
2974,5,3,307,1,4.52,1,0.5,0.5
2975,3,7,316,1,3.76,1,0.5,0.5
2976,11,15,299,1,4.49,1,0.5,0.5
2977,13,15,16,2,9.57,1,1.0,0.5
2978,4,17,79,5,20.46,1,2.5,0.5
2979,14,17,7,4,17.36,1,2.0,0.5
2980,11,20,109,10,41.12,1,5.0,0.5
2981,10,15,118,4,10.74,1,2.0,0.5
2982,19,21,92,4,15.4,1,2.0,0.5
2983,18,10,359,3,17.84,1,1.5,0.5
2984,6,19,151,2,12.06,1,1.0,0.5
2985,15,21,251,3,17.04,1,1.5,0.5
2986,10,16,32,7,30.68,1,3.5,0.5
2987,5,18,317,12,28.14,1,6.0,0.5
2988,5,20,223,12,27.89,1,6.0,0.5
2989,10,6,333,1,8.41,1,0.5,0.5
2990,5,13,309,2,7.32,1,1.0,0.5
2991,3,13,223,17,46.21,1,8.5,0.5
2992,6,19,125,6,16.92,1,3.0,0.5
2993,4,15,43,3,12.75,1,1.5,0.5
2994,18,8,179,8,20.84,1,4.0,0.5
2995,9,20,26,7,21.89,1,3.5,0.5
2996,17,20,135,9,23.18,1,4.5,0.5
2997,13,15,325,10,26.36,1,5.0,0.5
2998,15,20,339,3,12.71,1,1.5,0.5
2999,20,14,64,5,24.97,1,2.5,0.5
3000,17,5,82,9,29.86,1,4.5,0.5
3001,13,17,339,2,10.01,1,1.0,0.5
3002,16,20,283,7,37.94,1,3.5,0.5
3003,4,9,222,9,23.04,1,4.5,0.5
3004,5,12,349,6,17.53,1,3.0,0.5
3005,5,2,361,2,7.61,1,1.0,0.5
3006,9,1,337,4,14.49,1,2.0,0.5
3007,17,13,37,19,79.08,1,9.5,0.5
3008,13,19,9,4,17.81,1,2.0,0.5
3009,2,21,303,8,20.62,1,4.0,0.5
3010,13,18,58,1,3.46,1,0.5,0.5
3011,19,13,250,17,43.03,1,8.5,0.5
3012,3,9,225,3,13.28,1,1.5,0.5
3013,10,15,66,20,43.29,1,10.0,0.5
3014,2,12,303,4,19.81,1,2.0,0.5
3015,13,17,360,7,15.16,1,3.5,0.5
3016,19,18,284,4,13.39,1,2.0,0.5
3017,17,10,366,2,8.31,1,1.0,0.5
3018,14,15,228,7,33.82,1,3.5,0.5
3019,12,11,291,5,13.51,1,2.5,0.5
3020,12,20,136,2,7.76,1,1.0,0.5
3021,11,15,258,11,34.0,1,5.5,0.5
3022,7,17,10,5,12.57,1,2.5,0.5
3023,4,15,36,1,5.49,1,0.5,0.5
3024,19,1,118,3,10.79,1,1.5,0.5
3025,1,16,78,5,12.5,1,2.5,0.5
3026,3,12,186,11,48.78,1,5.5,0.5
3027,13,7,108,1,4.28,1,0.5,0.5
3028,15,6,254,6,20.52,1,3.0,0.5
3029,2,19,338,12,31.36,1,6.0,0.5
3030,11,5,286,1,8.86,1,0.5,0.5
3031,4,18,199,3,18.81,1,1.5,0.5
3032,19,7,75,8,34.76,1,4.0,0.5
3033,17,1,23,3,14.67,1,1.5,0.5
3034,3,18,238,6,19.22,1,3.0,0.5
3035,18,10,320,1,6.43,1,0.5,0.5
3036,8,19,77,2,11.29,1,1.0,0.5
3037,19,15,355,5,13.48,1,2.5,0.5
3038,5,1,2,6,30.26,1,3.0,0.5
3039,7,21,224,4,12.21,1,2.0,0.5
3040,8,21,162,4,18.01,1,2.0,0.5
3041,5,17,183,3,12.34,1,1.5,0.5
3042,17,21,33,6,17.67,1,3.0,0.5
3043,5,16,82,5,25.29,1,2.5,0.5
3044,4,8,267,2,9.2,1,1.0,0.5
3045,19,18,231,3,9.28,1,1.5,0.5
3046,2,3,195,1,6.0,1,0.5,0.5
3047,11,17,37,3,8.61,1,1.5,0.5
3048,13,21,237,2,8.53,1,1.0,0.5
3049,15,18,45,1,2.13,1,0.5,0.5
3050,12,21,57,12,27.77,1,6.0,0.5
3051,11,21,155,25,54.83,1,12.5,0.5
3052,7,18,19,1,3.04,1,0.5,0.5
3053,5,15,246,3,8.46,1,1.5,0.5
3054,17,1,59,3,10.46,1,1.5,0.5
3055,20,15,285,8,33.25,1,4.0,0.5
3056,9,8,59,4,17.75,1,2.0,0.5
3057,14,14,45,6,19.16,1,3.0,0.5
3058,12,20,81,23,81.61,1,11.5,0.5
3059,6,15,62,7,25.29,1,3.5,0.5
3060,17,14,46,6,30.8,1,3.0,0.5
3061,19,11,337,5,23.49,1,2.5,0.5
3062,19,10,267,5,26.77,1,2.5,0.5
3063,16,20,359,2,6.68,1,1.0,0.5
3064,12,1,273,6,25.39,1,3.0,0.5
3065,12,16,179,12,27.51,1,6.0,0.5
3066,20,17,160,6,15.33,1,3.0,0.5
3067,6,15,182,6,29.72,1,3.0,0.5
3068,4,2,293,1,4.39,1,0.5,0.5
3069,6,14,257,3,11.39,1,1.5,0.5
3070,11,7,55,1,2.69,1,0.5,0.5
3071,1,17,21,1,7.64,1,0.5,0.5
3072,15,11,45,8,19.8,1,4.0,0.5
3073,11,8,236,4,12.28,1,2.0,0.5
3074,19,18,300,4,13.37,1,2.0,0.5
3075,18,20,290,6,34.23,1,3.0,0.5
3076,17,19,262,4,19.46,1,2.0,0.5
3077,19,16,35,10,26.53,1,5.0,0.5
3078,14,18,46,2,14.24,1,1.0,0.5
3079,18,1,44,15,31.95,1,7.5,0.5
3080,19,7,149,4,10.33,1,2.0,0.5
3081,15,17,157,3,10.13,1,1.5,0.5
3082,15,21,41,5,20.47,1,2.5,0.5
3083,4,16,51,7,32.61,1,3.5,0.5
3084,7,11,355,3,16.09,1,1.5,0.5
3085,13,14,71,16,44.44,1,8.0,0.5
3086,3,2,17,2,11.84,1,1.0,0.5
3087,16,16,47,9,44.77,1,4.5,0.5
3088,9,20,240,5,15.06,1,2.5,0.5
3089,8,18,281,8,28.16,1,4.0,0.5
3090,20,9,13,2,10.18,1,1.0,0.5
3091,13,7,174,4,11.92,1,2.0,0.5
3092,17,2,53,3,14.56,1,1.5,0.5
3093,17,19,281,3,14.41,1,1.5,0.5
3094,17,9,134,2,6.08,1,1.0,0.5
3095,1,7,257,6,21.27,1,3.0,0.5
3096,8,8,289,6,26.0,1,3.0,0.5
3097,19,9,360,5,22.59,1,2.5,0.5
3098,6,17,206,6,20.93,1,3.0,0.5
3099,3,21,296,11,45.97,1,5.5,0.5
3100,5,17,170,9,27.16,1,4.5,0.5
3101,13,14,363,9,35.77,1,4.5,0.5
3102,15,1,97,13,61.33,1,6.5,0.5
3103,14,8,77,11,30.83,1,5.5,0.5
3104,16,3,360,7,32.98,1,3.5,0.5
3105,18,21,242,16,41.14,1,8.0,0.5
3106,11,19,291,8,21.47,1,4.0,0.5
3107,3,14,284,1,6.32,1,0.5,0.5
3108,10,6,84,7,20.41,1,3.5,0.5
3109,10,2,15,1,4.58,1,0.5,0.5
3110,16,13,115,2,8.97,1,1.0,0.5
3111,12,12,223,6,25.5,1,3.0,0.5
3112,2,5,75,1,7.24,1,0.5,0.5
3113,9,19,168,1,6.48,1,0.5,0.5
3114,3,19,148,4,8.95,1,2.0,0.5
3115,15,18,131,7,28.25,1,3.5,0.5
3116,3,12,81,5,27.03,1,2.5,0.5
3117,19,6,209,7,21.99,1,3.5,0.5
3118,18,14,6,11,45.62,1,5.5,0.5
3119,8,1,257,3,18.01,1,1.5,0.5
3120,17,21,70,2,13.76,1,1.0,0.5
3121,8,16,177,5,15.2,1,2.5,0.5
3122,7,20,253,1,9.05,1,0.5,0.5
3123,7,20,341,4,18.2,1,2.0,0.5
3124,3,21,259,4,16.76,1,2.0,0.5
3125,1,13,316,2,7.57,1,1.0,0.5
3126,4,21,118,6,21.69,1,3.0,0.5
3127,5,19,302,2,10.11,1,1.0,0.5
3128,1,10,203,1,7.35,1,0.5,0.5
3129,15,15,41,7,27.77,1,3.5,0.5
3130,5,18,59,11,51.34,1,5.5,0.5
3131,13,8,297,5,24.69,1,2.5,0.5
3132,8,21,305,1,2.62,1,0.5,0.5
3133,8,15,110,2,12.41,1,1.0,0.5
3134,5,2,69,1,7.07,1,0.5,0.5
3135,9,12,40,4,19.53,1,2.0,0.5
3136,1,7,35,5,19.4,1,2.5,0.5
3137,4,19,111,8,18.61,1,4.0,0.5
3138,3,4,9,9,36.61,1,4.5,0.5
3139,2,19,307,1,3.55,1,0.5,0.5
3140,8,19,217,12,29.66,1,6.0,0.5
3141,9,16,266,3,16.39,1,1.5,0.5
3142,2,12,154,18,39.45,1,9.0,0.5
3143,14,10,243,1,7.34,1,0.5,0.5
3144,14,1,204,6,13.47,1,3.0,0.5
3145,4,18,55,1,4.19,1,0.5,0.5
3146,6,18,359,7,32.54,1,3.5,0.5
3147,11,7,131,2,13.18,1,1.0,0.5
3148,3,15,334,7,28.23,1,3.5,0.5
3149,8,15,4,2,11.99,1,1.0,0.5
3150,3,12,224,8,44.36,1,4.0,0.5
3151,14,14,259,9,42.75,1,4.5,0.5
3152,13,17,127,5,17.6,1,2.5,0.5
3153,13,15,53,3,12.37,1,1.5,0.5
3154,2,7,59,4,12.0,1,2.0,0.5
3155,13,16,232,2,10.57,1,1.0,0.5
3156,19,7,112,9,37.48,1,4.5,0.5
3157,6,19,146,7,20.38,1,3.5,0.5
3158,16,4,51,4,21.74,1,2.0,0.5
3159,2,12,7,6,29.01,1,3.0,0.5
3160,8,19,327,18,56.96,1,9.0,0.5
3161,17,20,320,1,5.27,1,0.5,0.5
3162,2,7,230,10,23.4,1,5.0,0.5
3163,10,2,76,17,54.88,1,8.5,0.5
3164,16,4,273,4,22.22,1,2.0,0.5
3165,6,18,329,2,12.03,1,1.0,0.5
3166,2,20,143,7,17.36,1,3.5,0.5
3167,2,21,136,4,18.93,1,2.0,0.5
3168,13,21,281,19,47.92,1,9.5,0.5
3169,15,1,148,1,7.46,1,0.5,0.5
3170,2,8,327,6,14.47,1,3.0,0.5
3171,7,12,308,10,33.54,1,5.0,0.5
3172,3,15,26,10,25.29,1,5.0,0.5
3173,8,17,315,9,26.4,1,4.5,0.5
3174,14,15,289,12,30.47,1,6.0,0.5
3175,7,20,286,5,15.85,1,2.5,0.5
3176,7,17,255,1,4.36,1,0.5,0.5
3177,1,9,1,2,9.94,1,1.0,0.5
3178,17,19,313,3,8.84,1,1.5,0.5
3179,9,11,362,1,6.51,1,0.5,0.5
3180,13,15,84,10,27.3,1,5.0,0.5
3181,19,13,278,3,12.99,1,1.5,0.5
3182,19,18,260,16,37.36,1,8.0,0.5
3183,17,5,221,12,32.29,1,6.0,0.5
3184,10,20,232,5,20.38,1,2.5,0.5
3185,10,16,135,21,47.78,1,10.5,0.5
3186,4,10,50,9,40.42,1,4.5,0.5
3187,8,15,303,3,11.92,1,1.5,0.5
3188,20,21,270,11,23.49,1,5.5,0.5
3189,20,16,227,3,15.14,1,1.5,0.5
3190,18,19,193,5,24.6,1,2.5,0.5
3191,14,11,320,11,53.42,1,5.5,0.5
3192,18,7,7,18,54.61,1,9.0,0.5
3193,14,15,302,6,24.95,1,3.0,0.5
3194,20,18,38,8,40.97,1,4.0,0.5
3195,15,11,89,5,18.5,1,2.5,0.5
3196,4,4,177,9,31.03,1,4.5,0.5
3197,13,3,47,1,4.73,1,0.5,0.5
3198,8,18,56,12,38.15,1,6.0,0.5
3199,18,6,107,1,4.93,1,0.5,0.5
3200,12,21,75,6,24.71,1,3.0,0.5
3201,14,15,165,2,10.24,1,1.0,0.5
3202,2,20,364,1,7.57,1,0.5,0.5
3203,18,18,140,4,9.5,1,2.0,0.5
3204,2,15,214,1,3.28,1,0.5,0.5
3205,11,12,127,3,13.95,1,1.5,0.5
3206,9,21,210,3,12.31,1,1.5,0.5
3207,12,18,143,1,5.98,1,0.5,0.5
3208,17,2,151,1,2.35,1,0.5,0.5
3209,15,1,120,7,31.87,1,3.5,0.5
3210,17,18,297,3,11.0,1,1.5,0.5
3211,18,15,359,6,31.51,1,3.0,0.5
3212,6,20,51,3,12.59,1,1.5,0.5
3213,17,15,83,2,10.6,1,1.0,0.5
3214,18,21,329,5,24.99,1,2.5,0.5
3215,8,8,11,26,59.7,1,13.0,0.5
3216,9,16,101,6,14.46,1,3.0,0.5
3217,6,6,366,7,15.95,1,3.5,0.5
3218,5,18,30,4,12.83,1,2.0,0.5
3219,12,19,345,1,0.64,1,0.5,0.5
3220,11,20,289,9,28.12,1,4.5,0.5
3221,1,20,303,5,20.64,1,2.5,0.5
3222,11,16,61,4,20.24,1,2.0,0.5
3223,19,19,10,2,12.9,1,1.0,0.5
3224,9,16,55,1,8.44,1,0.5,0.5
3225,2,9,188,1,5.78,1,0.5,0.5
3226,12,11,362,11,36.03,1,5.5,0.5
3227,4,18,21,1,3.44,1,0.5,0.5
3228,4,20,165,15,45.8,1,7.5,0.5
3229,18,21,48,5,10.93,1,2.5,0.5
3230,15,17,141,12,50.28,1,6.0,0.5
3231,19,12,239,6,25.57,1,3.0,0.5
3232,13,20,63,2,6.67,1,1.0,0.5
3233,19,18,187,7,35.24,1,3.5,0.5
3234,17,17,90,6,23.67,1,3.0,0.5
3235,6,21,217,3,12.23,1,1.5,0.5
3236,16,19,193,5,22.13,1,2.5,0.5
3237,12,16,108,6,23.21,1,3.0,0.5
3238,19,10,24,39,91.2,1,19.5,0.5
3239,5,15,65,7,35.14,1,3.5,0.5
3240,17,17,233,2,12.92,1,1.0,0.5
3241,1,18,241,14,43.53,1,7.0,0.5
3242,10,16,24,5,24.43,1,2.5,0.5
3243,15,16,173,5,17.37,1,2.5,0.5
3244,11,20,280,7,17.37,1,3.5,0.5
3245,13,17,281,9,24.79,1,4.5,0.5
3246,5,1,34,8,31.23,1,4.0,0.5
3247,1,11,168,6,17.78,1,3.0,0.5
3248,12,17,166,4,18.6,1,2.0,0.5
3249,11,17,335,8,38.73,1,4.0,0.5
3250,17,18,230,3,9.94,1,1.5,0.5
3251,4,19,9,4,16.57,1,2.0,0.5
3252,15,16,161,4,17.96,1,2.0,0.5
3253,9,18,89,2,9.24,1,1.0,0.5
3254,20,13,51,1,9.19,1,0.5,0.5
3255,19,19,50,8,39.82,1,4.0,0.5
3256,19,12,334,2,9.33,1,1.0,0.5
3257,12,15,110,1,3.05,1,0.5,0.5
3258,5,20,207,5,27.29,1,2.5,0.5
3259,10,21,253,1,2.96,1,0.5,0.5
3260,17,18,350,1,4.54,1,0.5,0.5
3261,5,4,42,4,23.1,1,2.0,0.5
3262,16,18,133,1,2.53,1,0.5,0.5
3263,7,20,125,2,13.72,1,1.0,0.5
3264,9,20,102,5,24.6,1,2.5,0.5
3265,3,17,336,4,18.3,1,2.0,0.5
3266,15,6,62,1,1.87,1,0.5,0.5
3267,16,20,322,12,48.35,1,6.0,0.5
3268,18,14,342,2,10.36,1,1.0,0.5
3269,14,20,266,12,37.86,1,6.0,0.5
3270,3,1,246,10,48.3,1,5.0,0.5
3271,12,16,250,6,31.32,1,3.0,0.5
3272,9,19,3,2,10.07,1,1.0,0.5
3273,7,17,87,9,33.73,1,4.5,0.5
3274,9,13,273,3,16.47,1,1.5,0.5
3275,13,17,276,8,31.15,1,4.0,0.5
3276,18,7,337,11,31.63,1,5.5,0.5
3277,5,9,111,2,11.1,1,1.0,0.5
3278,13,19,13,5,12.32,1,2.5,0.5
3279,4,11,97,8,36.49,1,4.0,0.5
3280,2,19,23,3,10.96,1,1.5,0.5
3281,16,5,49,14,36.69,1,7.0,0.5
3282,9,11,7,6,28.7,1,3.0,0.5
3283,9,6,240,9,29.41,1,4.5,0.5
3284,6,19,142,10,45.97,1,5.0,0.5
3285,11,17,353,9,19.2,1,4.5,0.5
3286,1,20,352,1,5.48,1,0.5,0.5
3287,4,18,158,11,35.92,1,5.5,0.5
3288,13,20,193,1,1.48,1,0.5,0.5
3289,13,16,220,6,14.95,1,3.0,0.5
3290,13,18,356,1,8.57,1,0.5,0.5
3291,2,17,299,3,17.62,1,1.5,0.5
3292,9,20,249,6,20.48,1,3.0,0.5
3293,8,9,176,1,9.5,1,0.5,0.5
3294,7,17,144,2,8.75,1,1.0,0.5
3295,4,18,165,25,54.58,1,12.5,0.5
3296,18,1,347,1,4.09,1,0.5,0.5
3297,3,19,306,7,29.53,1,3.5,0.5
3298,6,15,120,1,4.61,1,0.5,0.5
3299,12,21,242,2,10.03,1,1.0,0.5
3300,12,9,26,1,5.11,1,0.5,0.5
3301,8,17,145,3,11.95,1,1.5,0.5
3302,1,19,172,7,14.99,1,3.5,0.5
3303,4,4,230,3,12.94,1,1.5,0.5
3304,11,19,263,1,2.06,1,0.5,0.5
3305,3,15,303,10,24.34,1,5.0,0.5
3306,13,17,136,11,22.06,1,5.5,0.5
3307,17,9,145,1,1.62,1,0.5,0.5
3308,10,12,111,1,4.41,1,0.5,0.5
3309,12,19,166,5,20.5,1,2.5,0.5
3310,15,1,328,11,31.59,1,5.5,0.5
3311,10,15,67,3,11.98,1,1.5,0.5
3312,14,17,96,3,9.51,1,1.5,0.5
3313,13,19,98,5,15.82,1,2.5,0.5
3314,5,5,187,14,35.4,1,7.0,0.5
3315,6,19,327,2,8.35,1,1.0,0.5
3316,2,1,42,14,35.41,1,7.0,0.5
3317,17,7,54,3,9.44,1,1.5,0.5
3318,4,19,325,10,30.3,1,5.0,0.5
3319,14,10,315,11,44.51,1,5.5,0.5
3320,10,9,98,1,3.25,1,0.5,0.5
3321,3,19,180,2,11.17,1,1.0,0.5
3322,3,2,169,1,4.97,1,0.5,0.5
3323,15,17,2,4,12.0,1,2.0,0.5
3324,6,17,43,2,7.69,1,1.0,0.5
3325,17,19,18,1,3.26,1,0.5,0.5
3326,12,4,216,4,21.35,1,2.0,0.5
3327,20,8,24,8,17.85,1,4.0,0.5
3328,11,1,299,1,3.84,1,0.5,0.5
3329,4,14,47,1,2.94,1,0.5,0.5
3330,6,18,310,4,21.75,1,2.0,0.5
3331,1,21,305,1,5.93,1,0.5,0.5
3332,20,15,200,11,30.79,1,5.5,0.5
3333,16,15,48,3,11.95,1,1.5,0.5
3334,15,20,16,12,28.67,1,6.0,0.5
3335,17,2,81,1,2.38,1,0.5,0.5
3336,8,10,11,10,43.7,1,5.0,0.5
3337,12,20,314,5,23.05,1,2.5,0.5
3338,10,21,354,9,46.4,1,4.5,0.5
3339,15,21,287,6,22.06,1,3.0,0.5
3340,9,15,308,8,35.5,1,4.0,0.5
3341,2,1,161,12,57.25,1,6.0,0.5
3342,5,3,216,6,14.18,1,3.0,0.5
3343,6,15,90,5,14.61,1,2.5,0.5
3344,7,9,39,11,39.99,1,5.5,0.5
3345,1,20,175,5,19.14,1,2.5,0.5
3346,7,9,155,14,39.76,1,7.0,0.5
3347,20,8,108,4,11.69,1,2.0,0.5
3348,12,11,297,20,43.23,1,10.0,0.5
3349,16,2,35,4,19.47,1,2.0,0.5
3350,16,10,190,11,26.03,1,5.5,0.5
3351,11,21,63,8,38.78,1,4.0,0.5
3352,4,20,165,5,28.64,1,2.5,0.5
3353,13,19,201,10,49.94,1,5.0,0.5
3354,7,5,17,5,11.71,1,2.5,0.5
3355,4,17,212,9,37.17,1,4.5,0.5
3356,15,10,6,3,10.57,1,1.5,0.5
3357,19,15,201,3,14.82,1,1.5,0.5
3358,9,14,38,2,5.11,1,1.0,0.5
3359,11,19,316,5,22.75,1,2.5,0.5
3360,8,8,283,15,36.6,1,7.5,0.5
3361,1,12,261,10,50.16,1,5.0,0.5
3362,8,17,143,3,16.86,1,1.5,0.5
3363,13,20,174,17,53.07,1,8.5,0.5
3364,4,14,42,1,9.46,1,0.5,0.5
3365,8,14,58,8,22.26,1,4.0,0.5
3366,3,19,231,15,48.28,1,7.5,0.5
3367,9,19,12,4,18.99,1,2.0,0.5
3368,2,1,338,8,38.57,1,4.0,0.5
3369,2,20,280,2,10.7,1,1.0,0.5
3370,13,15,43,3,14.37,1,1.5,0.5
3371,15,15,134,1,7.81,1,0.5,0.5
3372,12,19,274,1,0.96,1,0.5,0.5
3373,4,15,24,2,8.12,1,1.0,0.5
3374,8,5,180,1,6.68,1,0.5,0.5
3375,9,8,33,7,21.25,1,3.5,0.5
3376,5,5,76,7,18.84,1,3.5,0.5
3377,20,17,198,5,25.62,1,2.5,0.5
3378,18,4,17,3,12.83,1,1.5,0.5
3379,11,21,159,7,26.93,1,3.5,0.5
3380,15,8,176,4,20.57,1,2.0,0.5
3381,9,20,40,7,16.76,1,3.5,0.5
3382,17,14,96,4,17.26,1,2.0,0.5
3383,12,18,21,10,48.05,1,5.0,0.5
3384,7,17,180,3,13.45,1,1.5,0.5
3385,10,4,277,7,33.07,1,3.5,0.5
3386,10,19,90,1,7.72,1,0.5,0.5
3387,13,7,129,4,18.53,1,2.0,0.5
3388,19,16,31,6,30.9,1,3.0,0.5
3389,11,20,19,1,7.57,1,0.5,0.5
3390,13,19,316,8,29.44,1,4.0,0.5
3391,8,18,338,3,7.94,1,1.5,0.5
3392,8,17,112,1,1.45,1,0.5,0.5
3393,4,14,141,2,7.65,1,1.0,0.5
3394,15,21,207,8,36.1,1,4.0,0.5
3395,11,15,108,1,2.45,1,0.5,0.5
3396,11,20,192,15,33.1,1,7.5,0.5
3397,1,17,117,5,13.28,1,2.5,0.5
3398,17,15,78,2,9.35,1,1.0,0.5
3399,15,4,312,10,40.83,1,5.0,0.5
3400,20,18,156,11,38.58,1,5.5,0.5
3401,6,13,68,5,20.17,1,2.5,0.5
3402,15,7,45,1,4.31,1,0.5,0.5
3403,9,10,274,12,30.27,1,6.0,0.5
3404,14,13,77,2,6.34,1,1.0,0.5
3405,18,2,10,3,17.82,1,1.5,0.5
3406,17,11,7,2,7.18,1,1.0,0.5
3407,18,11,220,3,12.65,1,1.5,0.5
3408,5,15,169,4,16.79,1,2.0,0.5
3409,20,16,71,1,4.77,1,0.5,0.5
3410,20,12,136,5,22.42,1,2.5,0.5
3411,9,16,207,9,26.71,1,4.5,0.5
3412,11,10,334,2,11.69,1,1.0,0.5
3413,1,8,206,9,30.03,1,4.5,0.5
3414,18,15,263,4,20.33,1,2.0,0.5
3415,6,6,138,26,60.03,1,13.0,0.5
3416,2,1,174,1,8.29,1,0.5,0.5
3417,15,10,166,5,23.01,1,2.5,0.5
3418,14,3,274,2,10.49,1,1.0,0.5
3419,5,21,167,1,5.35,1,0.5,0.5
3420,6,20,232,2,12.51,1,1.0,0.5
3421,6,18,99,2,5.18,1,1.0,0.5
3422,18,15,193,9,34.89,1,4.5,0.5
3423,14,16,12,15,41.93,1,7.5,0.5
3424,10,18,80,10,43.39,1,5.0,0.5
3425,14,21,47,7,15.87,1,3.5,0.5
3426,13,14,218,12,60.5,1,6.0,0.5
3427,3,18,3,9,28.05,1,4.5,0.5
3428,6,5,130,1,4.09,1,0.5,0.5
3429,8,16,78,2,6.83,1,1.0,0.5
3430,12,15,261,2,7.64,1,1.0,0.5
3431,13,10,313,5,26.26,1,2.5,0.5
3432,11,10,339,1,3.44,1,0.5,0.5
3433,12,15,302,6,20.84,1,3.0,0.5
3434,1,17,78,6,15.44,1,3.0,0.5
3435,17,21,236,2,9.26,1,1.0,0.5
3436,16,13,157,5,15.8,1,2.5,0.5
3437,11,15,61,3,7.14,1,1.5,0.5
3438,13,15,320,6,31.4,1,3.0,0.5
3439,18,11,315,1,4.3,1,0.5,0.5
3440,11,7,358,2,11.2,1,1.0,0.5
3441,12,16,365,9,23.33,1,4.5,0.5
3442,6,15,171,1,2.4,1,0.5,0.5
3443,9,20,359,15,39.32,1,7.5,0.5
3444,16,21,99,1,2.39,1,0.5,0.5
3445,4,15,326,2,7.18,1,1.0,0.5
3446,3,15,170,9,22.54,1,4.5,0.5
3447,16,13,346,9,36.27,1,4.5,0.5
3448,12,1,153,6,27.36,1,3.0,0.5
3449,11,3,170,11,39.11,1,5.5,0.5
3450,5,11,320,7,27.73,1,3.5,0.5
3451,18,16,58,4,9.32,1,2.0,0.5
3452,19,19,31,1,5.1,1,0.5,0.5
3453,6,13,138,1,2.49,1,0.5,0.5
3454,18,18,228,6,16.07,1,3.0,0.5
3455,6,4,25,7,27.41,1,3.5,0.5
3456,4,8,204,3,13.75,1,1.5,0.5
3457,12,5,94,10,46.99,1,5.0,0.5
3458,19,17,323,6,19.62,1,3.0,0.5
3459,2,19,54,11,48.65,1,5.5,0.5
3460,17,7,272,2,11.09,1,1.0,0.5
3461,11,16,332,7,18.63,1,3.5,0.5
3462,11,10,185,1,4.66,1,0.5,0.5
3463,16,3,8,12,49.38,1,6.0,0.5
3464,2,21,13,2,9.12,1,1.0,0.5
3465,2,17,23,4,16.2,1,2.0,0.5
3466,8,20,104,6,31.23,1,3.0,0.5
3467,13,16,157,11,37.49,1,5.5,0.5
3468,10,15,162,3,14.41,1,1.5,0.5
3469,8,20,166,8,29.29,1,4.0,0.5
3470,4,21,39,2,6.74,1,1.0,0.5
3471,15,3,121,7,27.66,1,3.5,0.5
3472,1,5,129,25,57.71,1,12.5,0.5
3473,11,19,244,4,14.75,1,2.0,0.5
3474,7,14,229,14,34.23,1,7.0,0.5
3475,17,14,10,15,33.88,1,7.5,0.5
3476,20,6,294,3,19.11,1,1.5,0.5
3477,18,8,27,16,49.1,1,8.0,0.5
3478,12,18,309,1,6.9,1,0.5,0.5
3479,9,15,46,2,7.26,1,1.0,0.5
3480,5,11,20,3,13.61,1,1.5,0.5
3481,10,17,174,2,7.41,1,1.0,0.5
3482,4,9,229,3,15.94,1,1.5,0.5
3483,5,17,189,2,13.0,1,1.0,0.5
3484,10,13,259,1,4.26,1,0.5,0.5
3485,11,15,182,7,34.69,1,3.5,0.5
3486,10,7,49,7,35.32,1,3.5,0.5
3487,8,17,355,4,21.59,1,2.0,0.5
3488,2,17,98,16,44.72,1,8.0,0.5
3489,8,5,15,1,2.74,1,0.5,0.5
3490,16,18,8,1,8.26,1,0.5,0.5
3491,5,15,291,9,44.18,1,4.5,0.5
3492,3,20,255,2,13.43,1,1.0,0.5
3493,12,15,103,11,44.79,1,5.5,0.5
3494,13,17,228,1,2.36,1,0.5,0.5
3495,13,9,92,2,12.22,1,1.0,0.5
3496,10,18,212,6,14.76,1,3.0,0.5
3497,4,9,299,5,12.08,1,2.5,0.5
3498,9,17,366,10,32.39,1,5.0,0.5
3499,2,17,215,1,5.48,1,0.5,0.5
3500,19,9,27,14,30.96,1,7.0,0.5
3501,1,9,319,11,42.56,1,5.5,0.5
3502,7,21,278,13,31.85,1,6.5,0.5
3503,17,19,219,1,4.96,1,0.5,0.5
3504,3,12,295,2,11.38,1,1.0,0.5
3505,20,15,272,2,8.93,1,1.0,0.5
3506,20,17,334,20,64.3,1,10.0,0.5
3507,3,11,275,1,6.27,1,0.5,0.5
3508,3,20,246,2,5.42,1,1.0,0.5
3509,17,19,271,1,8.18,1,0.5,0.5
3510,7,5,105,4,16.85,1,2.0,0.5
3511,14,15,223,18,58.74,1,9.0,0.5
3512,17,16,2,8,28.39,1,4.0,0.5
3513,18,15,123,7,17.43,1,3.5,0.5
3514,13,12,97,8,23.55,1,4.0,0.5
3515,20,3,260,6,19.86,1,3.0,0.5
3516,20,19,275,3,18.61,1,1.5,0.5
3517,18,4,26,8,30.19,1,4.0,0.5
3518,4,3,123,23,90.21,1,11.5,0.5
3519,1,2,305,5,27.25,1,2.5,0.5
3520,18,14,67,2,8.73,1,1.0,0.5
3521,1,11,17,4,21.34,1,2.0,0.5
3522,13,2,100,3,8.83,1,1.5,0.5
3523,20,18,238,15,43.81,1,7.5,0.5
3524,20,18,237,4,16.82,1,2.0,0.5
3525,10,15,195,1,6.67,1,0.5,0.5
3526,11,18,15,2,10.96,1,1.0,0.5
3527,9,20,314,8,18.32,1,4.0,0.5
3528,9,19,229,5,21.76,1,2.5,0.5
3529,5,19,116,2,6.13,1,1.0,0.5
3530,1,2,252,1,3.48,1,0.5,0.5
3531,17,8,323,4,14.01,1,2.0,0.5
3532,2,19,233,2,9.07,1,1.0,0.5
3533,13,20,320,1,7.53,1,0.5,0.5
3534,9,11,193,2,10.62,1,1.0,0.5
3535,4,15,361,1,2.34,1,0.5,0.5
3536,5,16,355,8,25.11,1,4.0,0.5
3537,11,20,154,7,33.29,1,3.5,0.5
3538,19,17,305,1,1.19,1,0.5,0.5
3539,3,8,236,2,12.25,1,1.0,0.5
3540,12,1,206,14,36.57,1,7.0,0.5
3541,19,21,192,3,9.3,1,1.5,0.5
3542,19,21,249,1,7.01,1,0.5,0.5
3543,13,17,87,7,19.71,1,3.5,0.5
3544,7,17,252,1,3.81,1,0.5,0.5
3545,15,18,26,4,15.95,1,2.0,0.5
3546,7,14,78,6,28.66,1,3.0,0.5
3547,8,14,180,12,44.88,1,6.0,0.5
3548,5,4,230,13,48.37,1,6.5,0.5
3549,14,15,171,2,12.78,1,1.0,0.5
3550,4,11,267,2,12.38,1,1.0,0.5
3551,10,15,47,2,12.77,1,1.0,0.5
3552,20,5,316,2,11.96,1,1.0,0.5
3553,15,18,162,1,6.42,1,0.5,0.5
3554,18,6,149,11,26.47,1,5.5,0.5
3555,20,19,235,6,14.77,1,3.0,0.5
3556,13,16,217,7,29.57,1,3.5,0.5
3557,8,12,292,7,23.14,1,3.5,0.5
3558,9,2,114,3,9.22,1,1.5,0.5
3559,16,15,40,1,4.59,1,0.5,0.5
3560,19,2,160,8,18.38,1,4.0,0.5
3561,16,6,353,10,23.02,1,5.0,0.5
3562,7,2,149,6,27.84,1,3.0,0.5
3563,14,6,39,4,16.36,1,2.0,0.5
3564,14,17,58,9,35.7,1,4.5,0.5
3565,4,2,84,1,8.18,1,0.5,0.5
3566,15,21,189,8,28.92,1,4.0,0.5
3567,3,18,112,6,26.06,1,3.0,0.5
3568,5,17,20,4,17.93,1,2.0,0.5
3569,1,21,189,13,51.48,1,6.5,0.5
3570,3,20,187,1,4.17,1,0.5,0.5
3571,15,19,222,8,18.7,1,4.0,0.5
3572,8,5,104,4,14.49,1,2.0,0.5
3573,4,5,97,4,20.23,1,2.0,0.5
3574,2,13,91,8,17.12,1,4.0,0.5
3575,10,12,323,3,7.31,1,1.5,0.5
3576,4,17,68,3,7.72,1,1.5,0.5
3577,3,16,297,3,18.3,1,1.5,0.5
3578,2,16,126,6,25.35,1,3.0,0.5
3579,17,9,170,4,11.98,1,2.0,0.5
3580,20,6,72,5,11.76,1,2.5,0.5
3581,13,17,82,1,1.14,1,0.5,0.5
3582,5,4,287,13,34.2,1,6.5,0.5
3583,9,10,268,8,40.7,1,4.0,0.5
3584,6,15,201,1,1.03,1,0.5,0.5
3585,5,4,261,1,7.24,1,0.5,0.5
3586,10,10,230,5,24.15,1,2.5,0.5
3587,8,13,232,1,1.14,1,0.5,0.5
3588,7,14,113,10,23.78,1,5.0,0.5
3589,7,12,227,3,9.61,1,1.5,0.5
3590,6,3,221,14,63.65,1,7.0,0.5
3591,20,6,355,14,37.36,1,7.0,0.5
3592,3,4,45,9,42.91,1,4.5,0.5
3593,19,5,238,5,16.8,1,2.5,0.5
3594,15,18,174,5,18.42,1,2.5,0.5
3595,4,6,314,1,9.71,1,0.5,0.5
3596,12,20,6,4,21.79,1,2.0,0.5
3597,6,17,27,1,5.72,1,0.5,0.5
3598,19,10,277,13,34.15,1,6.5,0.5
3599,4,18,320,16,35.84,1,8.0,0.5
3600,15,15,354,8,29.4,1,4.0,0.5
3601,9,19,103,5,14.97,1,2.5,0.5
3602,5,17,65,7,20.99,1,3.5,0.5
3603,13,20,344,3,12.24,1,1.5,0.5
3604,18,3,168,4,13.67,1,2.0,0.5
3605,5,15,330,4,22.33,1,2.0,0.5
3606,16,15,257,7,39.53,1,3.5,0.5
3607,19,5,55,1,4.03,1,0.5,0.5
3608,14,16,11,4,17.98,1,2.0,0.5
3609,16,16,84,7,25.79,1,3.5,0.5
3610,15,14,182,3,14.07,1,1.5,0.5
3611,4,21,20,3,13.54,1,1.5,0.5
3612,7,16,201,13,28.11,1,6.5,0.5
3613,16,18,179,1,4.77,1,0.5,0.5
3614,8,7,319,3,14.74,1,1.5,0.5
3615,17,10,352,6,33.1,1,3.0,0.5
3616,16,20,210,4,19.73,1,2.0,0.5
3617,10,21,328,1,5.69,1,0.5,0.5
3618,10,15,67,10,21.97,1,5.0,0.5
3619,2,8,42,7,27.24,1,3.5,0.5
3620,9,8,35,2,7.39,1,1.0,0.5
3621,17,11,160,13,40.99,1,6.5,0.5
3622,11,18,22,2,6.74,1,1.0,0.5
3623,10,6,327,1,7.53,1,0.5,0.5
3624,17,8,62,7,17.79,1,3.5,0.5
3625,4,20,257,3,8.29,1,1.5,0.5
3626,16,1,259,1,1.44,1,0.5,0.5
3627,20,7,257,12,25.72,1,6.0,0.5
3628,15,12,11,1,7.5,1,0.5,0.5
3629,5,19,245,9,29.34,1,4.5,0.5
3630,6,12,312,10,22.24,1,5.0,0.5
3631,17,21,257,6,12.92,1,3.0,0.5
3632,1,14,244,9,22.26,1,4.5,0.5
3633,19,7,101,7,32.06,1,3.5,0.5
3634,4,15,37,2,9.23,1,1.0,0.5
3635,17,21,330,7,27.97,1,3.5,0.5
3636,9,18,362,1,3.44,1,0.5,0.5
3637,2,19,351,2,7.6,1,1.0,0.5
3638,8,18,364,5,12.25,1,2.5,0.5
3639,15,21,212,5,25.58,1,2.5,0.5
3640,7,9,311,1,1.1,1,0.5,0.5
3641,6,18,33,9,21.84,1,4.5,0.5
3642,1,12,92,14,53.28,1,7.0,0.5
3643,15,16,144,1,1.66,1,0.5,0.5
3644,7,10,266,1,3.43,1,0.5,0.5
3645,17,20,273,3,9.46,1,1.5,0.5
3646,2,4,292,6,22.24,1,3.0,0.5
3647,9,13,239,2,5.56,1,1.0,0.5
3648,9,21,222,5,14.65,1,2.5,0.5
3649,13,6,200,3,14.2,1,1.5,0.5
3650,6,15,232,3,10.08,1,1.5,0.5
3651,6,18,196,3,9.75,1,1.5,0.5
3652,20,8,344,2,6.43,1,1.0,0.5
3653,20,7,303,6,29.48,1,3.0,0.5
3654,3,16,228,2,8.92,1,1.0,0.5
3655,17,20,175,7,23.59,1,3.5,0.5
3656,17,10,350,5,27.2,1,2.5,0.5
3657,12,15,57,2,7.96,1,1.0,0.5
3658,16,21,349,17,45.0,1,8.5,0.5
3659,15,18,44,5,24.89,1,2.5,0.5
3660,13,20,33,7,34.17,1,3.5,0.5
3661,1,12,173,4,13.58,1,2.0,0.5
3662,17,8,9,4,22.75,1,2.0,0.5
3663,3,21,284,1,4.09,1,0.5,0.5
3664,15,6,325,5,13.96,1,2.5,0.5
3665,4,2,209,2,9.85,1,1.0,0.5
3666,4,21,196,11,36.12,1,5.5,0.5
3667,18,19,244,3,16.62,1,1.5,0.5
3668,17,3,229,10,22.36,1,5.0,0.5
3669,19,16,113,4,17.95,1,2.0,0.5
3670,11,20,361,1,5.87,1,0.5,0.5
3671,20,21,257,4,9.43,1,2.0,0.5
3672,3,1,198,3,10.0,1,1.5,0.5
3673,8,18,12,3,16.42,1,1.5,0.5
3674,14,9,317,1,4.13,1,0.5,0.5
3675,1,3,319,7,20.35,1,3.5,0.5
3676,14,5,331,7,27.46,1,3.5,0.5
3677,2,18,28,3,15.64,1,1.5,0.5
3678,4,12,213,1,4.77,1,0.5,0.5
3679,19,7,361,4,11.94,1,2.0,0.5
3680,6,7,155,3,12.13,1,1.5,0.5
3681,1,16,348,4,15.34,1,2.0,0.5
3682,17,19,101,7,19.82,1,3.5,0.5
3683,8,11,119,10,30.94,1,5.0,0.5
3684,19,21,208,1,3.8,1,0.5,0.5
3685,1,15,54,8,35.17,1,4.0,0.5
3686,5,19,63,4,21.75,1,2.0,0.5
3687,16,15,295,7,14.91,1,3.5,0.5
3688,6,9,47,16,35.12,1,8.0,0.5
3689,8,8,176,1,5.12,1,0.5,0.5
3690,13,16,342,9,26.14,1,4.5,0.5
3691,16,18,344,10,28.92,1,5.0,0.5
3692,3,5,139,5,12.84,1,2.5,0.5
3693,19,19,203,3,18.2,1,1.5,0.5
3694,12,15,200,1,3.52,1,0.5,0.5
3695,16,21,287,4,16.7,1,2.0,0.5
3696,11,18,361,14,31.56,1,7.0,0.5
3697,10,21,91,3,15.81,1,1.5,0.5
3698,20,14,222,2,11.36,1,1.0,0.5
3699,4,7,172,4,9.45,1,2.0,0.5
3700,12,6,197,1,9.46,1,0.5,0.5
3701,2,19,146,1,8.84,1,0.5,0.5
3702,19,19,170,1,3.89,1,0.5,0.5
3703,5,19,363,5,23.93,1,2.5,0.5
3704,8,14,5,1,5.85,1,0.5,0.5
3705,7,21,210,1,1.68,1,0.5,0.5
3706,14,8,68,3,15.1,1,1.5,0.5
3707,3,18,24,9,28.69,1,4.5,0.5
3708,18,16,316,5,15.33,1,2.5,0.5
3709,16,16,10,5,12.32,1,2.5,0.5
3710,19,2,101,1,8.29,1,0.5,0.5
3711,19,18,210,1,6.01,1,0.5,0.5
3712,18,19,19,4,18.08,1,2.0,0.5
3713,20,16,163,1,3.13,1,0.5,0.5
3714,16,6,185,1,5.96,1,0.5,0.5
3715,8,2,125,2,8.1,1,1.0,0.5
3716,1,20,184,4,19.54,1,2.0,0.5
3717,17,17,259,3,17.91,1,1.5,0.5
3718,12,15,37,11,24.97,1,5.5,0.5
3719,11,16,322,11,43.67,1,5.5,0.5
3720,5,9,328,10,23.42,1,5.0,0.5
3721,12,16,70,13,31.23,1,6.5,0.5
3722,17,16,328,5,19.18,1,2.5,0.5
3723,6,19,74,7,23.96,1,3.5,0.5
3724,1,18,148,2,8.51,1,1.0,0.5
3725,5,17,219,8,33.4,1,4.0,0.5
3726,14,4,34,20,44.6,1,10.0,0.5
3727,5,8,117,1,2.39,1,0.5,0.5
3728,1,21,232,16,60.54,1,8.0,0.5
3729,18,9,157,3,16.38,1,1.5,0.5
3730,16,15,36,1,4.36,1,0.5,0.5
3731,9,19,297,4,16.43,1,2.0,0.5
3732,19,11,252,1,5.8,1,0.5,0.5
3733,5,20,260,9,20.43,1,4.5,0.5
3734,2,20,33,10,29.96,1,5.0,0.5
3735,15,8,363,2,10.3,1,1.0,0.5
3736,7,2,62,5,22.49,1,2.5,0.5
3737,4,15,199,6,15.63,1,3.0,0.5
3738,1,20,347,3,17.73,1,1.5,0.5
3739,13,21,195,4,17.02,1,2.0,0.5
3740,20,8,262,20,62.77,1,10.0,0.5
3741,7,16,318,2,6.43,1,1.0,0.5
3742,15,20,230,1,9.06,1,0.5,0.5
3743,14,11,106,10,45.89,1,5.0,0.5
3744,19,15,308,2,9.01,1,1.0,0.5
3745,20,10,65,4,15.07,1,2.0,0.5
3746,18,21,233,1,4.76,1,0.5,0.5
3747,10,15,261,2,7.83,1,1.0,0.5
3748,9,12,165,1,2.84,1,0.5,0.5
3749,8,7,218,4,18.45,1,2.0,0.5
3750,10,14,352,6,22.6,1,3.0,0.5
3751,17,15,197,1,1.77,1,0.5,0.5
3752,2,17,59,2,9.69,1,1.0,0.5
3753,6,17,180,2,10.57,1,1.0,0.5
3754,5,5,283,30,75.42,1,15.0,0.5
3755,9,20,293,3,10.32,1,1.5,0.5
3756,5,4,153,12,38.47,1,6.0,0.5
3757,18,1,225,2,9.94,1,1.0,0.5
3758,20,12,261,2,8.61,1,1.0,0.5
3759,9,17,362,15,44.25,1,7.5,0.5
3760,17,7,330,3,9.52,1,1.5,0.5
3761,17,19,186,1,4.87,1,0.5,0.5
3762,12,15,259,6,25.87,1,3.0,0.5
3763,7,9,247,2,10.38,1,1.0,0.5
3764,3,17,20,3,9.86,1,1.5,0.5
3765,10,21,104,3,13.98,1,1.5,0.5
3766,2,10,17,10,39.08,1,5.0,0.5
3767,3,13,229,8,29.64,1,4.0,0.5
3768,16,10,138,2,12.19,1,1.0,0.5
3769,2,16,90,9,42.71,1,4.5,0.5
3770,10,11,278,1,6.27,1,0.5,0.5
3771,6,5,46,5,21.92,1,2.5,0.5
3772,11,19,101,3,8.3,1,1.5,0.5
3773,7,19,352,1,2.13,1,0.5,0.5
3774,15,21,307,4,15.31,1,2.0,0.5
3775,6,3,35,19,52.5,1,9.5,0.5
3776,20,4,307,5,21.61,1,2.5,0.5
3777,9,12,226,6,22.55,1,3.0,0.5
3778,20,15,165,9,22.7,1,4.5,0.5
3779,12,16,44,2,9.7,1,1.0,0.5
3780,19,20,138,3,15.03,1,1.5,0.5
3781,20,12,166,11,31.0,1,5.5,0.5
3782,3,5,18,3,18.25,1,1.5,0.5
3783,15,17,192,3,17.18,1,1.5,0.5
3784,2,18,350,1,6.68,1,0.5,0.5
3785,2,7,215,3,10.45,1,1.5,0.5
3786,3,5,250,6,29.11,1,3.0,0.5
3787,6,4,97,3,16.42,1,1.5,0.5
3788,15,11,69,10,37.76,1,5.0,0.5
3789,10,4,190,8,30.93,1,4.0,0.5
3790,9,15,111,1,2.32,1,0.5,0.5
3791,1,17,262,6,14.13,1,3.0,0.5
3792,16,11,348,4,21.16,1,2.0,0.5
3793,6,20,314,5,21.2,1,2.5,0.5
3794,9,7,269,1,3.27,1,0.5,0.5
3795,4,18,215,9,35.74,1,4.5,0.5
3796,2,5,217,15,57.75,1,7.5,0.5
3797,4,21,88,2,5.95,1,1.0,0.5
3798,1,18,130,12,30.86,1,6.0,0.5
3799,19,8,281,1,2.67,1,0.5,0.5
3800,10,10,147,3,14.17,1,1.5,0.5
3801,15,19,138,4,15.1,1,2.0,0.5
3802,19,18,42,6,21.91,1,3.0,0.5
3803,16,20,303,1,3.86,1,0.5,0.5
3804,4,7,362,3,11.24,1,1.5,0.5
3805,2,16,179,2,9.02,1,1.0,0.5
3806,13,21,226,1,4.6,1,0.5,0.5
3807,1,16,310,2,5.67,1,1.0,0.5
3808,17,11,334,2,11.02,1,1.0,0.5
3809,13,19,313,5,12.31,1,2.5,0.5
3810,4,1,256,4,12.61,1,2.0,0.5
3811,7,3,261,10,48.27,1,5.0,0.5
3812,17,9,250,9,21.87,1,4.5,0.5
3813,9,19,155,6,24.98,1,3.0,0.5
3814,4,21,71,7,16.49,1,3.5,0.5
3815,19,21,114,3,14.36,1,1.5,0.5
3816,1,8,249,11,39.57,1,5.5,0.5
3817,10,20,18,9,36.12,1,4.5,0.5
3818,4,15,344,7,16.04,1,3.5,0.5
3819,9,19,235,3,13.91,1,1.5,0.5
3820,13,12,360,8,18.32,1,4.0,0.5
3821,14,6,164,11,36.56,1,5.5,0.5
3822,10,16,273,4,18.23,1,2.0,0.5
3823,6,17,249,3,11.06,1,1.5,0.5
3824,16,17,110,3,7.68,1,1.5,0.5
3825,6,16,325,3,14.67,1,1.5,0.5
3826,17,14,237,2,10.88,1,1.0,0.5
3827,10,20,147,1,3.51,1,0.5,0.5
3828,18,2,150,3,16.34,1,1.5,0.5
3829,18,20,213,9,40.17,1,4.5,0.5
3830,3,1,97,3,14.89,1,1.5,0.5
3831,20,6,280,3,14.82,1,1.5,0.5
3832,15,2,103,11,31.58,1,5.5,0.5
3833,15,13,364,13,29.52,1,6.5,0.5
3834,4,17,238,3,10.72,1,1.5,0.5
3835,9,17,167,8,23.92,1,4.0,0.5
3836,19,20,10,2,8.97,1,1.0,0.5
3837,17,21,104,8,18.59,1,4.0,0.5
3838,11,12,176,1,3.78,1,0.5,0.5
3839,9,16,199,9,29.22,1,4.5,0.5
3840,10,14,122,2,8.26,1,1.0,0.5
3841,18,17,59,2,7.47,1,1.0,0.5
3842,20,21,26,6,15.71,1,3.0,0.5
3843,13,17,173,3,16.99,1,1.5,0.5
3844,8,13,5,8,19.06,1,4.0,0.5
3845,7,6,60,1,7.11,1,0.5,0.5
3846,17,16,218,1,3.99,1,0.5,0.5
3847,15,18,132,17,43.53,1,8.5,0.5
3848,20,20,40,4,14.45,1,2.0,0.5
3849,15,15,150,4,12.81,1,2.0,0.5
3850,1,9,56,1,2.31,1,0.5,0.5
3851,14,4,63,5,16.24,1,2.5,0.5
3852,5,16,363,12,30.7,1,6.0,0.5
3853,11,12,139,6,25.54,1,3.0,0.5
3854,16,18,226,14,39.6,1,7.0,0.5
3855,2,11,296,2,10.52,1,1.0,0.5
3856,8,8,95,6,23.82,1,3.0,0.5
3857,11,17,321,2,10.87,1,1.0,0.5
3858,18,17,245,16,51.76,1,8.0,0.5
3859,3,14,158,3,11.37,1,1.5,0.5
3860,1,10,107,8,36.03,1,4.0,0.5
3861,11,16,211,6,24.4,1,3.0,0.5
3862,16,8,213,1,5.42,1,0.5,0.5
3863,18,17,49,10,51.46,1,5.0,0.5
3864,16,2,1,5,15.1,1,2.5,0.5
3865,10,9,196,1,4.04,1,0.5,0.5
3866,18,14,223,12,39.97,1,6.0,0.5
3867,6,19,307,8,37.32,1,4.0,0.5
3868,19,14,303,5,26.49,1,2.5,0.5
3869,4,18,87,8,31.27,1,4.0,0.5
3870,13,15,104,25,54.73,1,12.5,0.5
3871,14,16,208,2,8.78,1,1.0,0.5
3872,3,15,156,18,37.47,1,9.0,0.5
3873,10,19,207,1,3.2,1,0.5,0.5
3874,6,16,271,1,5.71,1,0.5,0.5
3875,1,17,195,2,4.96,1,1.0,0.5
3876,14,18,89,9,43.2,1,4.5,0.5
3877,8,18,239,1,3.4,1,0.5,0.5
3878,19,17,16,3,11.65,1,1.5,0.5
3879,14,2,342,6,24.5,1,3.0,0.5
3880,10,19,170,5,24.18,1,2.5,0.5
3881,17,16,54,1,5.78,1,0.5,0.5
3882,9,16,101,3,13.02,1,1.5,0.5
3883,6,20,154,13,27.84,1,6.5,0.5
3884,11,16,187,1,2.78,1,0.5,0.5
3885,7,13,59,3,14.99,1,1.5,0.5
3886,17,6,293,21,44.02,1,10.5,0.5
3887,1,15,205,3,17.48,1,1.5,0.5
3888,5,10,173,2,4.73,1,1.0,0.5
3889,9,10,234,8,38.92,1,4.0,0.5
3890,18,14,224,3,16.03,1,1.5,0.5
3891,2,6,27,7,28.72,1,3.5,0.5
3892,11,9,166,2,8.47,1,1.0,0.5
3893,6,21,9,4,12.55,1,2.0,0.5
3894,8,20,243,3,14.27,1,1.5,0.5
3895,4,15,324,7,34.19,1,3.5,0.5
3896,18,17,25,8,24.86,1,4.0,0.5
3897,11,20,35,5,25.89,1,2.5,0.5
3898,5,7,117,7,22.69,1,3.5,0.5
3899,15,12,29,5,18.06,1,2.5,0.5
3900,18,18,84,2,14.5,1,1.0,0.5
3901,2,17,323,6,24.09,1,3.0,0.5
3902,11,18,44,1,3.27,1,0.5,0.5
3903,13,17,228,5,24.79,1,2.5,0.5
3904,4,6,348,2,12.37,1,1.0,0.5
3905,7,19,294,2,7.2,1,1.0,0.5
3906,11,3,282,3,10.13,1,1.5,0.5
3907,4,21,97,1,5.9,1,0.5,0.5
3908,15,6,139,3,10.51,1,1.5,0.5
3909,1,15,257,10,37.37,1,5.0,0.5
3910,3,3,294,3,15.58,1,1.5,0.5
3911,14,7,233,11,29.37,1,5.5,0.5
3912,6,19,249,12,38.59,1,6.0,0.5
3913,18,20,317,4,16.2,1,2.0,0.5
3914,1,19,64,4,9.07,1,2.0,0.5
3915,6,11,319,4,10.97,1,2.0,0.5
3916,6,3,340,1,6.42,1,0.5,0.5
3917,16,19,80,2,9.63,1,1.0,0.5
3918,5,17,278,4,18.67,1,2.0,0.5
3919,17,6,159,25,94.5,1,12.5,0.5
3920,10,15,42,10,28.53,1,5.0,0.5
3921,18,21,91,3,8.12,1,1.5,0.5
3922,7,2,83,12,37.35,1,6.0,0.5
3923,3,19,185,1,4.84,1,0.5,0.5
3924,13,11,280,4,21.33,1,2.0,0.5
3925,15,16,159,16,36.93,1,8.0,0.5
3926,20,18,348,4,15.6,1,2.0,0.5
3927,19,5,1,2,10.41,1,1.0,0.5
3928,3,18,133,5,15.45,1,2.5,0.5
3929,4,18,73,2,5.13,1,1.0,0.5
3930,5,21,97,7,31.86,1,3.5,0.5
3931,1,17,18,3,11.25,1,1.5,0.5
3932,4,21,357,2,10.91,1,1.0,0.5
3933,12,14,99,1,1.82,1,0.5,0.5
3934,10,10,125,1,2.57,1,0.5,0.5
3935,20,20,217,6,24.03,1,3.0,0.5
3936,13,20,199,1,3.88,1,0.5,0.5
3937,14,21,37,4,23.3,1,2.0,0.5
3938,5,14,156,6,32.65,1,3.0,0.5
3939,4,15,130,13,30.3,1,6.5,0.5
3940,14,8,303,4,19.21,1,2.0,0.5
3941,10,5,323,3,9.16,1,1.5,0.5
3942,17,4,272,6,26.67,1,3.0,0.5
3943,10,19,9,4,19.73,1,2.0,0.5
3944,7,16,354,1,3.64,1,0.5,0.5
3945,16,20,65,2,8.22,1,1.0,0.5
3946,1,21,140,22,48.43,1,11.0,0.5
3947,17,19,353,14,30.54,1,7.0,0.5
3948,9,12,109,1,1.78,1,0.5,0.5
3949,6,21,292,1,8.24,1,0.5,0.5
3950,19,10,118,4,16.73,1,2.0,0.5
3951,13,21,193,4,13.25,1,2.0,0.5
3952,3,15,57,1,9.2,1,0.5,0.5
3953,7,21,102,3,12.2,1,1.5,0.5
3954,9,18,49,6,32.62,1,3.0,0.5
3955,5,21,240,9,29.51,1,4.5,0.5
3956,10,20,38,4,10.95,1,2.0,0.5
3957,17,19,167,1,4.33,1,0.5,0.5
3958,12,19,124,4,19.8,1,2.0,0.5
3959,16,9,253,15,32.25,1,7.5,0.5
3960,3,8,13,8,26.12,1,4.0,0.5
3961,9,15,340,3,16.92,1,1.5,0.5
3962,15,3,76,5,13.3,1,2.5,0.5
3963,5,5,271,6,30.42,1,3.0,0.5
3964,13,12,113,21,49.12,1,10.5,0.5
3965,14,10,107,9,23.54,1,4.5,0.5
3966,20,21,11,10,44.42,1,5.0,0.5
3967,15,21,306,1,8.26,1,0.5,0.5
3968,16,21,221,5,25.64,1,2.5,0.5
3969,13,19,162,10,23.91,1,5.0,0.5
3970,17,15,157,8,16.67,1,4.0,0.5
3971,8,5,329,7,17.08,1,3.5,0.5
3972,2,10,25,1,3.33,1,0.5,0.5
3973,5,12,183,4,14.82,1,2.0,0.5
3974,6,12,294,1,7.26,1,0.5,0.5
3975,12,20,288,3,10.57,1,1.5,0.5
3976,18,12,189,1,6.45,1,0.5,0.5
3977,1,16,349,10,24.54,1,5.0,0.5
3978,17,20,355,8,30.84,1,4.0,0.5
3979,11,20,362,12,30.82,1,6.0,0.5
3980,10,18,291,4,9.87,1,2.0,0.5
3981,19,1,26,11,41.12,1,5.5,0.5
3982,14,12,300,1,5.94,1,0.5,0.5
3983,10,15,201,13,30.34,1,6.5,0.5
3984,15,17,50,1,5.07,1,0.5,0.5
3985,19,18,272,11,36.73,1,5.5,0.5
3986,4,2,101,8,37.82,1,4.0,0.5
3987,2,15,231,2,10.07,1,1.0,0.5
3988,9,15,210,2,10.06,1,1.0,0.5
3989,10,5,223,16,41.92,1,8.0,0.5
3990,11,20,293,2,12.1,1,1.0,0.5
3991,14,7,213,1,7.26,1,0.5,0.5
3992,7,18,245,4,11.15,1,2.0,0.5
3993,15,15,17,6,17.96,1,3.0,0.5
3994,19,17,213,11,35.69,1,5.5,0.5
3995,15,13,211,3,8.7,1,1.5,0.5
3996,8,4,353,2,6.58,1,1.0,0.5
3997,11,17,284,2,6.91,1,1.0,0.5
3998,9,11,2,3,15.39,1,1.5,0.5
3999,15,16,337,10,37.43,1,5.0,0.5
4000,1,20,156,4,19.49,1,2.0,0.5
4001,1,11,180,1,7.17,1,0.5,0.5
4002,19,13,324,2,9.26,1,1.0,0.5
4003,3,21,215,1,7.61,1,0.5,0.5
4004,10,15,57,4,19.09,1,2.0,0.5
4005,8,6,38,8,24.26,1,4.0,0.5
4006,15,15,106,1,1.62,1,0.5,0.5
4007,10,20,31,1,6.3,1,0.5,0.5
4008,1,20,172,14,48.55,1,7.0,0.5
4009,18,13,106,17,58.14,1,8.5,0.5
4010,2,21,161,2,5.44,1,1.0,0.5
4011,19,2,201,1,6.3,1,0.5,0.5
4012,13,19,330,18,57.41,1,9.0,0.5
4013,1,15,41,9,37.82,1,4.5,0.5
4014,2,18,306,5,11.49,1,2.5,0.5
4015,16,9,88,1,2.5,1,0.5,0.5
4016,15,19,327,1,2.6,1,0.5,0.5
4017,13,21,127,4,17.99,1,2.0,0.5
4018,16,19,242,1,5.47,1,0.5,0.5
4019,17,6,72,1,3.79,1,0.5,0.5
4020,7,20,357,2,10.69,1,1.0,0.5
4021,17,21,154,1,9.31,1,0.5,0.5
4022,7,2,244,2,8.28,1,1.0,0.5
4023,13,19,147,8,20.64,1,4.0,0.5
4024,5,18,103,5,23.66,1,2.5,0.5
4025,17,21,213,9,27.1,1,4.5,0.5
4026,3,1,164,12,40.95,1,6.0,0.5
4027,7,21,240,9,20.75,1,4.5,0.5
4028,17,16,258,2,7.49,1,1.0,0.5
4029,7,3,210,12,26.58,1,6.0,0.5
4030,1,14,240,8,18.28,1,4.0,0.5
4031,17,7,313,7,37.87,1,3.5,0.5
4032,17,16,356,23,75.48,1,11.5,0.5
4033,11,21,97,1,5.17,1,0.5,0.5
4034,3,10,272,3,14.34,1,1.5,0.5
4035,15,15,226,8,18.15,1,4.0,0.5
4036,11,16,154,5,18.09,1,2.5,0.5
4037,16,2,271,4,13.22,1,2.0,0.5
4038,9,21,241,13,32.3,1,6.5,0.5
4039,1,13,214,12,32.01,1,6.0,0.5
4040,16,11,172,1,1.75,1,0.5,0.5
4041,9,20,122,6,26.07,1,3.0,0.5
4042,19,18,362,5,15.54,1,2.5,0.5
4043,12,15,197,22,50.58,1,11.0,0.5
4044,19,10,149,3,14.21,1,1.5,0.5
4045,9,10,221,3,18.1,1,1.5,0.5
4046,7,18,122,1,2.1,1,0.5,0.5
4047,14,12,268,12,41.88,1,6.0,0.5
4048,19,15,347,3,8.4,1,1.5,0.5
4049,19,2,337,17,55.72,1,8.5,0.5
4050,2,1,36,12,32.19,1,6.0,0.5
4051,9,19,128,8,30.5,1,4.0,0.5
4052,13,2,133,3,9.03,1,1.5,0.5
4053,15,14,229,9,33.12,1,4.5,0.5
4054,3,1,102,2,5.57,1,1.0,0.5
4055,11,8,122,8,36.94,1,4.0,0.5
4056,14,8,313,16,40.28,1,8.0,0.5
4057,8,1,257,9,37.87,1,4.5,0.5
4058,18,1,20,13,43.51,1,6.5,0.5
4059,19,19,43,11,28.27,1,5.5,0.5
4060,16,17,49,1,6.35,1,0.5,0.5
4061,2,19,239,6,12.5,1,3.0,0.5
4062,8,20,53,1,2.75,1,0.5,0.5
4063,6,19,281,5,18.71,1,2.5,0.5
4064,12,21,233,8,21.52,1,4.0,0.5
4065,15,19,264,3,17.86,1,1.5,0.5
4066,8,4,71,5,25.2,1,2.5,0.5
4067,4,7,23,4,13.54,1,2.0,0.5
4068,15,16,329,5,18.85,1,2.5,0.5
4069,20,5,267,8,35.06,1,4.0,0.5
4070,17,12,304,2,5.98,1,1.0,0.5
4071,13,21,186,1,6.99,1,0.5,0.5
4072,18,4,141,4,16.42,1,2.0,0.5
4073,2,17,96,9,29.19,1,4.5,0.5
4074,13,16,271,2,8.06,1,1.0,0.5
4075,13,3,361,5,26.93,1,2.5,0.5
4076,15,21,149,2,8.81,1,1.0,0.5
4077,20,19,346,2,10.34,1,1.0,0.5
4078,10,15,270,4,17.76,1,2.0,0.5
4079,3,9,18,4,12.24,1,2.0,0.5
4080,19,13,137,4,15.41,1,2.0,0.5
4081,3,15,45,8,40.55,1,4.0,0.5
4082,14,20,28,1,5.74,1,0.5,0.5
4083,8,16,185,3,8.42,1,1.5,0.5
4084,4,8,31,1,2.83,1,0.5,0.5
4085,20,5,165,1,1.62,1,0.5,0.5
4086,11,21,266,1,5.37,1,0.5,0.5
4087,11,18,283,2,8.04,1,1.0,0.5
4088,11,4,25,4,16.73,1,2.0,0.5
4089,2,3,89,4,20.34,1,2.0,0.5
4090,17,14,324,2,8.3,1,1.0,0.5
4091,9,9,232,6,21.23,1,3.0,0.5
4092,2,17,209,1,6.91,1,0.5,0.5
4093,15,14,293,1,6.97,1,0.5,0.5
4094,16,15,300,3,8.49,1,1.5,0.5
4095,4,21,216,8,35.78,1,4.0,0.5
4096,8,20,314,1,1.3,1,0.5,0.5
4097,9,3,154,7,20.17,1,3.5,0.5
4098,5,11,81,3,13.17,1,1.5,0.5
4099,16,19,164,8,24.36,1,4.0,0.5
4100,13,19,123,4,17.38,1,2.0,0.5
4101,7,19,97,4,14.97,1,2.0,0.5
4102,20,20,160,4,14.18,1,2.0,0.5
4103,17,17,276,2,10.64,1,1.0,0.5
4104,3,2,252,6,14.93,1,3.0,0.5
4105,5,18,49,7,22.04,1,3.5,0.5
4106,19,10,39,12,59.43,1,6.0,0.5
4107,12,19,200,10,23.57,1,5.0,0.5
4108,7,19,225,2,5.34,1,1.0,0.5
4109,9,16,101,3,15.5,1,1.5,0.5
4110,6,6,128,6,29.75,1,3.0,0.5
4111,17,3,145,6,29.42,1,3.0,0.5
4112,16,19,233,4,10.54,1,2.0,0.5
4113,3,17,22,6,26.26,1,3.0,0.5
4114,4,9,148,4,17.78,1,2.0,0.5
4115,10,4,189,8,19.59,1,4.0,0.5
4116,5,9,3,4,10.99,1,2.0,0.5
4117,10,15,20,1,4.87,1,0.5,0.5
4118,12,20,10,3,13.79,1,1.5,0.5
4119,10,15,231,9,29.48,1,4.5,0.5
4120,13,7,255,1,0.73,1,0.5,0.5
4121,11,4,253,3,18.13,1,1.5,0.5
4122,16,16,223,3,10.57,1,1.5,0.5
4123,8,17,117,11,35.44,1,5.5,0.5
4124,8,1,314,1,6.17,1,0.5,0.5
4125,8,13,53,2,10.56,1,1.0,0.5
4126,13,19,117,1,3.59,1,0.5,0.5
4127,2,19,206,7,30.44,1,3.5,0.5
4128,12,15,226,1,5.67,1,0.5,0.5
4129,10,20,98,4,9.64,1,2.0,0.5
4130,12,3,70,6,19.0,1,3.0,0.5
4131,11,21,19,1,5.17,1,0.5,0.5
4132,15,17,114,4,17.05,1,2.0,0.5
4133,16,15,358,3,14.34,1,1.5,0.5
4134,17,17,147,5,16.67,1,2.5,0.5
4135,2,18,146,2,8.12,1,1.0,0.5
4136,18,17,266,13,43.91,1,6.5,0.5
4137,12,20,337,3,13.42,1,1.5,0.5
4138,19,15,107,2,12.93,1,1.0,0.5
4139,18,16,306,1,5.33,1,0.5,0.5
4140,17,8,351,1,4.18,1,0.5,0.5
4141,6,4,288,1,6.66,1,0.5,0.5
4142,15,15,335,2,7.22,1,1.0,0.5
4143,3,10,217,6,18.0,1,3.0,0.5
4144,6,1,239,1,5.47,1,0.5,0.5
4145,3,17,169,1,4.8,1,0.5,0.5
4146,1,16,168,8,30.26,1,4.0,0.5
4147,13,16,194,16,53.06,1,8.0,0.5
4148,14,17,160,20,47.86,1,10.0,0.5
4149,13,17,20,11,42.8,1,5.5,0.5
4150,4,15,127,5,25.16,1,2.5,0.5
4151,7,16,307,2,4.68,1,1.0,0.5
4152,10,15,170,3,12.6,1,1.5,0.5
4153,7,8,102,5,14.76,1,2.5,0.5
4154,15,16,63,1,3.83,1,0.5,0.5
4155,15,8,6,7,29.81,1,3.5,0.5
4156,4,8,319,1,2.58,1,0.5,0.5
4157,6,17,308,10,42.62,1,5.0,0.5
4158,20,19,362,4,10.33,1,2.0,0.5
4159,5,19,121,7,25.42,1,3.5,0.5
4160,20,17,123,4,20.85,1,2.0,0.5
4161,12,14,165,9,32.69,1,4.5,0.5
4162,1,14,337,19,62.5,1,9.5,0.5
4163,8,20,142,2,13.44,1,1.0,0.5
4164,1,18,191,1,3.67,1,0.5,0.5
4165,5,16,294,1,3.55,1,0.5,0.5
4166,6,4,173,15,35.22,1,7.5,0.5
4167,3,20,133,2,12.37,1,1.0,0.5
4168,15,3,209,2,11.88,1,1.0,0.5
4169,5,20,347,14,35.78,1,7.0,0.5
4170,14,18,12,2,11.02,1,1.0,0.5
4171,18,11,222,5,14.45,1,2.5,0.5
4172,16,1,176,3,14.93,1,1.5,0.5
4173,6,13,304,5,13.72,1,2.5,0.5
4174,14,8,120,10,26.7,1,5.0,0.5
4175,8,6,299,1,7.87,1,0.5,0.5
4176,7,19,124,7,36.66,1,3.5,0.5
4177,8,13,86,3,16.13,1,1.5,0.5
4178,13,10,75,4,20.23,1,2.0,0.5
4179,6,21,304,5,22.68,1,2.5,0.5
4180,18,3,197,15,32.21,1,7.5,0.5
4181,2,15,313,1,6.48,1,0.5,0.5
4182,8,11,237,1,7.74,1,0.5,0.5
4183,11,20,12,1,5.96,1,0.5,0.5
4184,1,15,166,4,14.09,1,2.0,0.5
4185,6,15,51,2,11.98,1,1.0,0.5
4186,16,21,95,2,8.02,1,1.0,0.5
4187,20,4,333,8,30.82,1,4.0,0.5
4188,12,15,304,1,2.21,1,0.5,0.5
4189,11,15,144,7,16.65,1,3.5,0.5
4190,10,11,101,3,18.5,1,1.5,0.5
4191,3,9,311,5,26.52,1,2.5,0.5
4192,13,6,158,8,20.62,1,4.0,0.5
4193,3,15,341,1,5.87,1,0.5,0.5
4194,15,3,149,9,37.04,1,4.5,0.5
4195,16,14,305,8,19.65,1,4.0,0.5
4196,13,10,51,2,6.73,1,1.0,0.5
4197,17,11,332,1,6.02,1,0.5,0.5
4198,3,7,247,9,28.33,1,4.5,0.5
4199,20,16,72,1,3.04,1,0.5,0.5
4200,11,14,300,1,6.74,1,0.5,0.5
4201,19,12,163,2,9.46,1,1.0,0.5
4202,11,5,131,1,8.85,1,0.5,0.5
4203,16,5,273,2,14.02,1,1.0,0.5
4204,3,18,113,10,22.42,1,5.0,0.5
4205,6,10,22,3,7.16,1,1.5,0.5
4206,14,18,43,3,16.58,1,1.5,0.5
4207,18,19,154,5,21.77,1,2.5,0.5
4208,17,10,246,3,12.29,1,1.5,0.5
4209,4,18,130,6,27.59,1,3.0,0.5
4210,15,12,235,4,9.9,1,2.0,0.5
4211,11,21,237,6,20.96,1,3.0,0.5
4212,3,10,135,2,8.61,1,1.0,0.5
4213,3,17,89,4,8.84,1,2.0,0.5
4214,16,16,360,14,33.47,1,7.0,0.5
4215,5,18,21,2,12.47,1,1.0,0.5
4216,10,9,4,8,23.4,1,4.0,0.5
4217,19,1,270,5,20.7,1,2.5,0.5
4218,4,21,362,1,4.42,1,0.5,0.5
4219,19,17,263,5,23.03,1,2.5,0.5
4220,11,18,166,13,58.66,1,6.5,0.5
4221,2,19,63,4,17.24,1,2.0,0.5
4222,10,9,333,1,2.54,1,0.5,0.5
4223,11,15,73,4,17.95,1,2.0,0.5
4224,20,2,46,4,8.75,1,2.0,0.5
4225,16,20,68,1,3.32,1,0.5,0.5
4226,19,19,60,2,10.19,1,1.0,0.5
4227,11,2,115,7,20.1,1,3.5,0.5
4228,14,21,71,6,21.43,1,3.0,0.5
4229,2,3,296,4,17.98,1,2.0,0.5
4230,5,19,310,1,2.99,1,0.5,0.5
4231,5,10,176,3,12.78,1,1.5,0.5
4232,19,21,167,12,42.04,1,6.0,0.5
4233,12,1,343,1,4.43,1,0.5,0.5
4234,18,21,186,4,16.97,1,2.0,0.5
4235,4,21,270,10,29.95,1,5.0,0.5
4236,17,8,256,14,39.06,1,7.0,0.5
4237,10,21,185,7,17.25,1,3.5,0.5
4238,20,16,121,1,7.23,1,0.5,0.5
4239,6,19,156,6,26.58,1,3.0,0.5
4240,14,19,53,6,19.41,1,3.0,0.5
4241,11,18,297,5,25.91,1,2.5,0.5
4242,11,9,123,1,5.01,1,0.5,0.5
4243,18,19,239,3,8.4,1,1.5,0.5
4244,18,7,27,1,3.18,1,0.5,0.5
4245,11,19,152,8,29.1,1,4.0,0.5
4246,12,14,11,9,30.56,1,4.5,0.5
4247,5,20,41,1,1.53,1,0.5,0.5
4248,9,21,31,10,24.9,1,5.0,0.5
4249,9,21,69,5,20.48,1,2.5,0.5
4250,10,8,110,2,6.58,1,1.0,0.5
4251,19,11,276,5,18.62,1,2.5,0.5
4252,1,18,39,12,36.95,1,6.0,0.5
4253,7,15,36,1,6.39,1,0.5,0.5
4254,4,13,145,5,16.31,1,2.5,0.5
4255,1,17,354,2,10.53,1,1.0,0.5
4256,15,11,331,5,24.5,1,2.5,0.5
4257,8,13,196,2,6.06,1,1.0,0.5
4258,12,13,317,9,24.06,1,4.5,0.5
4259,18,6,98,5,16.8,1,2.5,0.5
4260,15,9,208,9,27.24,1,4.5,0.5
4261,17,15,310,6,15.25,1,3.0,0.5
4262,14,3,201,23,86.97,1,11.5,0.5
4263,14,17,249,3,16.25,1,1.5,0.5
4264,18,16,151,1,4.98,1,0.5,0.5
4265,20,19,24,11,26.42,1,5.5,0.5
4266,18,8,3,1,7.78,1,0.5,0.5
4267,16,4,296,12,27.06,1,6.0,0.5
4268,1,20,352,8,23.06,1,4.0,0.5
4269,11,9,209,5,22.2,1,2.5,0.5
4270,15,3,6,16,34.88,1,8.0,0.5
4271,12,8,43,17,39.0,1,8.5,0.5
4272,8,19,185,15,51.98,1,7.5,0.5
4273,20,16,229,3,9.6,1,1.5,0.5
4274,6,18,201,5,27.01,1,2.5,0.5
4275,3,17,154,10,35.72,1,5.0,0.5
4276,13,17,187,5,20.07,1,2.5,0.5
4277,13,14,277,4,21.17,1,2.0,0.5
4278,2,17,193,8,19.5,1,4.0,0.5
4279,5,15,218,5,15.13,1,2.5,0.5
4280,17,21,50,4,14.94,1,2.0,0.5
4281,6,7,77,2,8.47,1,1.0,0.5
4282,2,19,340,4,14.05,1,2.0,0.5
4283,4,18,31,1,8.13,1,0.5,0.5
4284,11,16,68,1,7.06,1,0.5,0.5
4285,8,21,225,4,22.0,1,2.0,0.5
4286,12,17,232,1,0.82,1,0.5,0.5
4287,8,9,343,1,4.53,1,0.5,0.5
4288,11,19,366,16,38.32,1,8.0,0.5
4289,20,15,140,3,16.05,1,1.5,0.5
4290,8,12,173,2,9.66,1,1.0,0.5
4291,8,17,362,7,28.67,1,3.5,0.5
4292,17,16,306,4,20.9,1,2.0,0.5
4293,20,16,349,1,5.03,1,0.5,0.5
4294,20,15,6,11,34.35,1,5.5,0.5
4295,16,17,362,6,20.39,1,3.0,0.5
4296,14,20,312,6,19.65,1,3.0,0.5
4297,11,17,107,1,3.42,1,0.5,0.5
4298,7,1,174,11,32.96,1,5.5,0.5
4299,16,5,53,1,1.17,1,0.5,0.5
4300,13,16,279,2,10.16,1,1.0,0.5
4301,15,19,159,10,37.88,1,5.0,0.5
4302,16,15,308,5,15.53,1,2.5,0.5
4303,9,1,103,3,14.83,1,1.5,0.5
4304,3,7,332,4,17.1,1,2.0,0.5
4305,19,7,64,5,15.75,1,2.5,0.5
4306,20,17,249,9,25.29,1,4.5,0.5
4307,5,15,316,23,78.54,1,11.5,0.5
4308,10,11,166,3,14.98,1,1.5,0.5
4309,17,1,30,5,18.98,1,2.5,0.5
4310,15,1,58,3,16.13,1,1.5,0.5
4311,8,9,284,12,51.28,1,6.0,0.5
4312,15,18,44,13,56.55,1,6.5,0.5
4313,14,16,358,5,13.94,1,2.5,0.5
4314,20,21,64,3,8.93,1,1.5,0.5
4315,7,18,21,12,33.13,1,6.0,0.5
4316,12,17,80,1,4.45,1,0.5,0.5
4317,17,9,206,1,6.21,1,0.5,0.5
4318,17,3,98,9,27.78,1,4.5,0.5
4319,10,5,89,18,43.34,1,9.0,0.5
4320,19,16,286,5,14.8,1,2.5,0.5
4321,14,16,296,17,57.76,1,8.5,0.5
4322,11,13,344,4,15.58,1,2.0,0.5
4323,2,13,186,3,12.57,1,1.5,0.5
4324,18,10,133,4,19.0,1,2.0,0.5
4325,7,19,89,2,12.82,1,1.0,0.5
4326,12,14,168,2,14.21,1,1.0,0.5
4327,2,10,135,1,2.42,1,0.5,0.5
4328,20,14,271,11,30.38,1,5.5,0.5
4329,18,4,229,3,10.02,1,1.5,0.5
4330,6,20,284,22,48.17,1,11.0,0.5
4331,10,15,150,1,2.88,1,0.5,0.5
4332,20,20,337,11,35.85,1,5.5,0.5
4333,15,20,293,4,10.94,1,2.0,0.5
4334,5,21,207,12,35.68,1,6.0,0.5
4335,20,21,19,1,2.68,1,0.5,0.5
4336,3,12,180,3,8.06,1,1.5,0.5
4337,5,12,216,5,19.99,1,2.5,0.5
4338,8,17,137,2,10.57,1,1.0,0.5
4339,8,20,319,4,14.96,1,2.0,0.5
4340,8,17,247,4,9.18,1,2.0,0.5
4341,12,20,66,3,15.93,1,1.5,0.5
4342,8,16,144,16,48.74,1,8.0,0.5
4343,11,18,103,3,12.33,1,1.5,0.5
4344,14,14,200,13,54.35,1,6.5,0.5
4345,8,18,68,8,27.21,1,4.0,0.5
4346,10,6,121,8,24.27,1,4.0,0.5
4347,7,6,50,4,21.32,1,2.0,0.5
4348,17,16,48,2,7.33,1,1.0,0.5
4349,4,16,261,21,73.03,1,10.5,0.5
4350,13,10,217,7,16.47,1,3.5,0.5
4351,4,16,270,1,2.72,1,0.5,0.5
4352,5,16,292,2,13.5,1,1.0,0.5
4353,4,16,91,1,5.62,1,0.5,0.5
4354,18,6,196,7,16.68,1,3.5,0.5
4355,6,18,126,8,29.72,1,4.0,0.5
4356,2,14,342,9,24.17,1,4.5,0.5
4357,11,19,99,14,33.4,1,7.0,0.5
4358,14,6,141,3,14.54,1,1.5,0.5
4359,5,19,310,3,17.97,1,1.5,0.5
4360,6,5,293,14,55.6,1,7.0,0.5
4361,10,18,105,3,7.27,1,1.5,0.5
4362,8,16,19,16,64.54,1,8.0,0.5
4363,14,1,13,16,51.18,1,8.0,0.5
4364,3,7,263,4,16.85,1,2.0,0.5
4365,12,15,167,3,14.54,1,1.5,0.5
4366,16,19,99,3,10.17,1,1.5,0.5
4367,17,15,119,7,23.07,1,3.5,0.5
4368,1,4,254,4,14.47,1,2.0,0.5
4369,10,20,143,9,34.45,1,4.5,0.5
4370,10,19,111,6,20.92,1,3.0,0.5
4371,2,8,254,4,18.28,1,2.0,0.5
4372,9,21,182,1,7.22,1,0.5,0.5
4373,13,20,132,12,49.77,1,6.0,0.5
4374,16,16,288,19,42.28,1,9.5,0.5
4375,18,1,57,4,17.89,1,2.0,0.5
4376,19,15,338,5,16.86,1,2.5,0.5
4377,12,21,77,13,36.94,1,6.5,0.5
4378,8,20,329,1,3.69,1,0.5,0.5
4379,17,19,342,5,21.74,1,2.5,0.5
4380,15,4,30,3,15.8,1,1.5,0.5
4381,10,19,44,9,45.19,1,4.5,0.5
4382,15,20,55,1,2.99,1,0.5,0.5
4383,15,21,76,1,2.71,1,0.5,0.5
4384,7,9,60,12,40.65,1,6.0,0.5
4385,13,20,363,2,6.22,1,1.0,0.5
4386,17,20,277,7,32.54,1,3.5,0.5
4387,9,16,174,14,53.89,1,7.0,0.5
4388,8,1,111,1,3.32,1,0.5,0.5
4389,20,15,299,6,24.46,1,3.0,0.5
4390,18,18,209,3,9.02,1,1.5,0.5
4391,13,21,239,1,4.47,1,0.5,0.5
4392,16,15,298,4,14.34,1,2.0,0.5
4393,9,15,287,8,22.79,1,4.0,0.5
4394,12,17,284,2,11.36,1,1.0,0.5
4395,12,20,191,2,6.3,1,1.0,0.5
4396,6,20,265,5,13.34,1,2.5,0.5
4397,19,4,366,3,11.25,1,1.5,0.5
4398,7,10,242,3,18.81,1,1.5,0.5
4399,3,15,285,1,6.78,1,0.5,0.5
4400,16,6,317,6,13.23,1,3.0,0.5
4401,18,20,33,1,5.35,1,0.5,0.5
4402,16,6,176,11,54.52,1,5.5,0.5
4403,7,18,171,14,39.2,1,7.0,0.5
4404,4,1,350,1,5.99,1,0.5,0.5
4405,8,14,301,1,1.91,1,0.5,0.5
4406,13,6,155,8,21.55,1,4.0,0.5
4407,13,17,297,2,14.17,1,1.0,0.5
4408,17,19,81,9,33.84,1,4.5,0.5
4409,17,7,95,5,14.07,1,2.5,0.5
4410,5,19,259,2,8.42,1,1.0,0.5
4411,6,21,114,6,25.74,1,3.0,0.5
4412,19,15,251,1,6.52,1,0.5,0.5
4413,13,10,250,5,18.56,1,2.5,0.5
4414,14,17,264,5,13.26,1,2.5,0.5
4415,4,18,289,4,10.17,1,2.0,0.5
4416,7,17,65,2,9.98,1,1.0,0.5
4417,8,19,191,2,11.53,1,1.0,0.5
4418,13,16,66,4,22.18,1,2.0,0.5
4419,6,16,12,1,0.74,1,0.5,0.5
4420,6,5,75,3,14.1,1,1.5,0.5
4421,3,9,337,8,23.81,1,4.0,0.5
4422,3,15,324,1,6.81,1,0.5,0.5
4423,13,15,216,3,19.22,1,1.5,0.5
4424,2,16,210,7,27.53,1,3.5,0.5
4425,16,17,148,1,4.39,1,0.5,0.5
4426,6,13,267,4,12.46,1,2.0,0.5
4427,8,11,66,3,16.97,1,1.5,0.5
4428,8,18,319,2,10.15,1,1.0,0.5
4429,6,18,29,14,50.88,1,7.0,0.5
4430,14,4,349,9,32.6,1,4.5,0.5
4431,3,21,185,4,11.55,1,2.0,0.5
4432,10,19,138,12,26.76,1,6.0,0.5
4433,3,14,278,8,17.72,1,4.0,0.5
4434,12,16,5,3,7.24,1,1.5,0.5
4435,17,17,255,3,11.59,1,1.5,0.5
4436,5,19,211,7,23.44,1,3.5,0.5
4437,20,16,24,5,21.87,1,2.5,0.5
4438,9,17,312,4,17.13,1,2.0,0.5
4439,20,17,329,5,22.33,1,2.5,0.5
4440,7,4,27,1,5.53,1,0.5,0.5
4441,4,16,236,18,79.4,1,9.0,0.5
4442,13,17,305,10,25.32,1,5.0,0.5
4443,13,18,151,6,16.28,1,3.0,0.5
4444,10,17,96,4,24.18,1,2.0,0.5
4445,18,19,322,4,16.76,1,2.0,0.5
4446,17,20,17,5,10.88,1,2.5,0.5
4447,20,16,100,5,17.42,1,2.5,0.5
4448,20,18,128,11,39.34,1,5.5,0.5
4449,13,5,278,3,14.89,1,1.5,0.5
4450,17,3,247,10,33.59,1,5.0,0.5
4451,4,17,76,3,13.53,1,1.5,0.5
4452,1,18,13,10,22.03,1,5.0,0.5
4453,1,19,151,2,10.31,1,1.0,0.5
4454,15,8,237,2,14.56,1,1.0,0.5
4455,13,21,308,2,12.18,1,1.0,0.5
4456,17,17,90,1,4.46,1,0.5,0.5
4457,8,8,127,1,7.15,1,0.5,0.5
4458,18,8,280,8,41.6,1,4.0,0.5
4459,13,18,212,1,4.24,1,0.5,0.5
4460,14,7,196,5,22.16,1,2.5,0.5
4461,8,18,323,3,13.27,1,1.5,0.5
4462,8,20,57,3,15.56,1,1.5,0.5
4463,15,16,104,7,20.24,1,3.5,0.5
4464,13,13,243,1,1.21,1,0.5,0.5
4465,7,3,348,6,22.93,1,3.0,0.5
4466,5,7,90,9,23.29,1,4.5,0.5
4467,17,8,129,4,16.05,1,2.0,0.5
4468,16,17,330,4,23.23,1,2.0,0.5
4469,2,17,90,15,40.0,1,7.5,0.5
4470,18,17,343,2,7.71,1,1.0,0.5
4471,17,13,119,13,51.88,1,6.5,0.5
4472,7,19,5,11,54.3,1,5.5,0.5
4473,13,19,14,3,14.01,1,1.5,0.5
4474,18,20,334,2,12.04,1,1.0,0.5
4475,14,20,358,1,7.29,1,0.5,0.5
4476,18,16,336,5,16.45,1,2.5,0.5
4477,13,1,272,10,29.56,1,5.0,0.5
4478,11,2,306,2,9.87,1,1.0,0.5
4479,16,17,247,4,14.52,1,2.0,0.5
4480,17,8,288,1,5.98,1,0.5,0.5
4481,8,18,41,4,13.56,1,2.0,0.5
4482,19,21,200,2,12.28,1,1.0,0.5
4483,20,4,27,4,18.85,1,2.0,0.5
4484,15,15,278,6,12.49,1,3.0,0.5
4485,9,18,339,3,6.15,1,1.5,0.5
4486,20,20,154,7,37.17,1,3.5,0.5
4487,10,19,172,4,15.08,1,2.0,0.5
4488,12,19,185,7,23.25,1,3.5,0.5
4489,20,17,197,4,18.05,1,2.0,0.5
4490,1,18,112,2,8.29,1,1.0,0.5
4491,20,8,200,6,16.86,1,3.0,0.5
4492,9,14,352,7,34.49,1,3.5,0.5
4493,15,21,27,1,7.01,1,0.5,0.5
4494,1,19,328,1,3.42,1,0.5,0.5
4495,12,15,166,3,15.7,1,1.5,0.5
4496,3,15,135,1,4.35,1,0.5,0.5
4497,11,21,67,3,15.63,1,1.5,0.5
4498,2,18,109,4,19.73,1,2.0,0.5
4499,16,3,99,2,7.0,1,1.0,0.5
4500,9,10,99,16,54.03,1,8.0,0.5
4501,15,8,357,4,11.85,1,2.0,0.5
4502,12,17,261,1,3.94,1,0.5,0.5
4503,1,16,140,7,20.05,1,3.5,0.5
4504,13,18,102,1,6.77,1,0.5,0.5
4505,14,3,102,4,21.59,1,2.0,0.5
4506,8,5,167,1,7.22,1,0.5,0.5
4507,8,17,21,3,14.71,1,1.5,0.5
4508,12,12,321,13,63.65,1,6.5,0.5
4509,1,18,207,4,11.37,1,2.0,0.5
4510,11,18,82,2,9.27,1,1.0,0.5
4511,8,16,319,3,17.25,1,1.5,0.5
4512,10,20,208,11,25.17,1,5.5,0.5
4513,19,2,342,13,40.13,1,6.5,0.5
4514,11,19,141,10,23.59,1,5.0,0.5
4515,7,19,268,3,16.78,1,1.5,0.5
4516,11,16,26,2,8.1,1,1.0,0.5
4517,17,15,185,1,8.61,1,0.5,0.5
4518,1,17,235,16,46.83,1,8.0,0.5
4519,8,18,241,2,7.67,1,1.0,0.5
4520,6,19,85,3,12.7,1,1.5,0.5
4521,18,13,175,8,25.7,1,4.0,0.5
4522,6,21,274,5,13.87,1,2.5,0.5
4523,5,19,305,15,36.75,1,7.5,0.5
4524,13,16,215,9,23.22,1,4.5,0.5
4525,19,8,42,8,22.1,1,4.0,0.5
4526,8,16,7,11,36.72,1,5.5,0.5
4527,9,21,250,2,5.49,1,1.0,0.5
4528,17,21,267,11,36.79,1,5.5,0.5
4529,3,17,253,9,30.83,1,4.5,0.5
4530,19,4,294,9,22.83,1,4.5,0.5
4531,11,15,354,5,20.51,1,2.5,0.5
4532,17,7,311,23,50.47,1,11.5,0.5
4533,19,17,282,13,37.63,1,6.5,0.5
4534,2,19,261,1,3.5,1,0.5,0.5
4535,8,17,125,4,15.96,1,2.0,0.5
4536,19,10,94,10,34.23,1,5.0,0.5
4537,7,3,250,6,24.54,1,3.0,0.5
4538,17,15,232,2,7.41,1,1.0,0.5
4539,6,7,48,5,23.61,1,2.5,0.5
4540,19,14,58,5,21.09,1,2.5,0.5
4541,6,16,209,9,26.64,1,4.5,0.5
4542,2,16,178,2,10.93,1,1.0,0.5
4543,6,12,196,4,21.39,1,2.0,0.5
4544,5,3,200,13,29.61,1,6.5,0.5
4545,19,18,257,7,25.58,1,3.5,0.5
4546,20,20,100,2,13.95,1,1.0,0.5
4547,4,19,340,4,11.15,1,2.0,0.5
4548,17,2,210,3,8.42,1,1.5,0.5
4549,11,15,286,2,8.34,1,1.0,0.5
4550,4,7,150,3,16.97,1,1.5,0.5
4551,13,15,313,3,16.56,1,1.5,0.5
4552,20,20,242,1,2.81,1,0.5,0.5
4553,17,11,221,3,7.53,1,1.5,0.5
4554,9,19,225,1,5.54,1,0.5,0.5
4555,4,17,166,7,14.76,1,3.5,0.5
4556,14,9,228,3,8.63,1,1.5,0.5
4557,19,15,205,3,17.96,1,1.5,0.5
4558,3,11,200,8,35.75,1,4.0,0.5
4559,14,4,302,2,7.52,1,1.0,0.5
4560,8,6,61,4,18.43,1,2.0,0.5
4561,1,10,344,13,44.5,1,6.5,0.5
4562,10,14,345,1,5.22,1,0.5,0.5
4563,18,2,297,22,67.53,1,11.0,0.5
4564,16,16,269,5,24.49,1,2.5,0.5
4565,8,12,233,5,12.79,1,2.5,0.5
4566,1,6,24,11,25.49,1,5.5,0.5
4567,12,13,119,5,25.61,1,2.5,0.5
4568,8,20,123,3,12.81,1,1.5,0.5
4569,16,16,187,5,17.78,1,2.5,0.5
4570,18,19,225,22,45.29,1,11.0,0.5
4571,4,19,274,10,38.84,1,5.0,0.5
4572,6,10,52,1,9.79,1,0.5,0.5
4573,12,1,326,5,23.16,1,2.5,0.5
4574,9,18,187,17,62.08,1,8.5,0.5
4575,15,11,41,12,32.14,1,6.0,0.5
4576,16,13,107,9,42.07,1,4.5,0.5
4577,12,12,327,7,16.89,1,3.5,0.5
4578,14,11,175,1,5.46,1,0.5,0.5
4579,13,18,265,12,39.72,1,6.0,0.5
4580,2,15,54,4,19.02,1,2.0,0.5
4581,3,15,99,6,26.57,1,3.0,0.5
4582,10,2,147,3,15.96,1,1.5,0.5
4583,9,15,91,11,35.19,1,5.5,0.5
4584,20,17,15,26,67.62,1,13.0,0.5
4585,8,18,315,2,5.89,1,1.0,0.5
4586,10,16,35,1,5.94,1,0.5,0.5
4587,19,7,335,9,30.21,1,4.5,0.5
4588,3,18,284,6,17.73,1,3.0,0.5
4589,5,20,233,5,21.81,1,2.5,0.5
4590,3,21,210,2,13.51,1,1.0,0.5
4591,16,9,291,2,7.64,1,1.0,0.5
4592,17,17,149,6,16.52,1,3.0,0.5
4593,15,18,276,6,24.48,1,3.0,0.5
4594,3,21,99,1,5.05,1,0.5,0.5
4595,12,5,68,1,1.69,1,0.5,0.5
4596,9,8,105,1,2.38,1,0.5,0.5
4597,12,10,52,3,16.07,1,1.5,0.5
4598,15,18,352,3,16.38,1,1.5,0.5
4599,2,2,80,7,27.95,1,3.5,0.5
4600,18,18,323,5,21.61,1,2.5,0.5
4601,20,21,217,4,12.95,1,2.0,0.5
4602,12,12,252,2,10.14,1,1.0,0.5
4603,4,8,88,5,14.64,1,2.5,0.5
4604,16,6,231,2,11.54,1,1.0,0.5
4605,16,17,175,7,32.82,1,3.5,0.5
4606,1,15,64,12,38.23,1,6.0,0.5
4607,2,16,203,2,8.8,1,1.0,0.5
4608,3,10,92,2,9.76,1,1.0,0.5
4609,20,8,93,14,51.41,1,7.0,0.5
4610,17,15,221,2,7.66,1,1.0,0.5
4611,20,17,308,1,6.22,1,0.5,0.5
4612,1,16,41,2,9.68,1,1.0,0.5
4613,20,13,59,12,38.85,1,6.0,0.5
4614,6,16,44,3,10.82,1,1.5,0.5
4615,15,3,251,14,31.42,1,7.0,0.5
4616,14,1,257,5,20.52,1,2.5,0.5
4617,20,21,214,3,11.29,1,1.5,0.5
4618,15,1,195,10,35.86,1,5.0,0.5
4619,14,5,12,12,26.17,1,6.0,0.5
4620,5,16,153,3,9.88,1,1.5,0.5
4621,6,15,358,6,25.84,1,3.0,0.5
4622,17,15,318,1,6.16,1,0.5,0.5
4623,11,15,62,4,17.33,1,2.0,0.5
4624,16,13,343,2,7.11,1,1.0,0.5
4625,12,15,221,1,7.4,1,0.5,0.5
4626,15,10,82,3,15.03,1,1.5,0.5
4627,4,1,67,17,42.02,1,8.5,0.5
4628,18,19,201,2,10.79,1,1.0,0.5
4629,3,20,337,3,7.75,1,1.5,0.5
4630,8,18,200,1,3.01,1,0.5,0.5
4631,3,20,359,6,17.64,1,3.0,0.5
4632,8,16,20,2,11.97,1,1.0,0.5
4633,18,19,277,8,32.55,1,4.0,0.5
4634,10,20,225,6,20.91,1,3.0,0.5
4635,20,18,217,5,14.66,1,2.5,0.5
4636,17,8,359,2,10.87,1,1.0,0.5
4637,8,17,83,4,18.17,1,2.0,0.5
4638,11,17,66,2,13.02,1,1.0,0.5
4639,5,5,57,1,0.63,1,0.5,0.5
4640,13,15,48,1,3.99,1,0.5,0.5
4641,5,19,18,3,10.28,1,1.5,0.5
4642,13,16,317,1,4.1,1,0.5,0.5
4643,6,4,46,13,38.66,1,6.5,0.5
4644,5,14,6,1,5.92,1,0.5,0.5
4645,9,4,72,27,63.06,1,13.5,0.5
4646,16,17,90,1,6.96,1,0.5,0.5
4647,2,15,69,9,21.87,1,4.5,0.5
4648,1,16,346,8,34.83,1,4.0,0.5
4649,8,19,1,1,3.86,1,0.5,0.5
4650,19,3,7,3,11.94,1,1.5,0.5
4651,11,3,25,2,9.53,1,1.0,0.5
4652,12,17,269,3,11.84,1,1.5,0.5
4653,12,15,203,1,4.19,1,0.5,0.5
4654,7,14,150,8,28.8,1,4.0,0.5
4655,13,9,180,1,3.78,1,0.5,0.5
4656,8,15,169,7,15.27,1,3.5,0.5
4657,9,18,148,11,37.54,1,5.5,0.5
4658,7,21,45,3,18.2,1,1.5,0.5
4659,15,4,18,1,3.25,1,0.5,0.5
4660,2,1,354,5,13.14,1,2.5,0.5
4661,20,18,12,10,23.3,1,5.0,0.5
4662,12,10,198,1,1.62,1,0.5,0.5
4663,1,5,327,8,42.91,1,4.0,0.5
4664,8,16,246,1,6.04,1,0.5,0.5
4665,5,18,232,5,12.04,1,2.5,0.5
4666,15,2,261,1,3.84,1,0.5,0.5
4667,1,18,338,3,8.86,1,1.5,0.5
4668,1,18,217,4,18.14,1,2.0,0.5
4669,10,18,358,6,16.23,1,3.0,0.5
4670,10,15,312,7,15.49,1,3.5,0.5
4671,15,17,263,8,20.39,1,4.0,0.5
4672,17,19,187,3,17.92,1,1.5,0.5
4673,6,3,278,5,19.13,1,2.5,0.5
4674,3,10,150,4,14.11,1,2.0,0.5
4675,13,5,48,13,44.21,1,6.5,0.5
4676,16,20,5,2,8.53,1,1.0,0.5
4677,8,20,213,2,10.36,1,1.0,0.5
4678,15,17,33,17,65.82,1,8.5,0.5
4679,17,20,318,19,43.7,1,9.5,0.5
4680,17,17,115,1,1.78,1,0.5,0.5
4681,13,12,74,1,6.36,1,0.5,0.5
4682,17,16,145,2,11.02,1,1.0,0.5
4683,6,15,150,6,30.57,1,3.0,0.5
4684,17,21,310,5,11.71,1,2.5,0.5
4685,16,15,37,12,47.03,1,6.0,0.5
4686,14,18,113,11,24.06,1,5.5,0.5
4687,13,18,24,19,42.31,1,9.5,0.5
4688,6,13,357,6,29.4,1,3.0,0.5
4689,3,21,282,9,25.69,1,4.5,0.5
4690,14,6,92,19,44.22,1,9.5,0.5
4691,14,17,349,1,5.91,1,0.5,0.5
4692,15,14,215,3,18.17,1,1.5,0.5
4693,8,15,113,1,3.49,1,0.5,0.5
4694,15,20,361,7,17.18,1,3.5,0.5
4695,13,2,125,6,17.51,1,3.0,0.5
4696,17,9,253,11,46.19,1,5.5,0.5
4697,3,15,95,6,16.38,1,3.0,0.5
4698,6,17,249,5,21.9,1,2.5,0.5
4699,5,16,34,1,6.15,1,0.5,0.5
4700,17,19,229,4,16.52,1,2.0,0.5
4701,2,14,199,1,1.98,1,0.5,0.5
4702,15,8,294,13,36.87,1,6.5,0.5
4703,5,8,19,3,11.31,1,1.5,0.5
4704,20,10,306,1,4.28,1,0.5,0.5
4705,6,4,188,10,37.26,1,5.0,0.5
4706,6,8,108,4,18.2,1,2.0,0.5
4707,18,15,164,1,0.81,1,0.5,0.5
4708,18,21,305,4,11.95,1,2.0,0.5
4709,4,9,292,4,13.03,1,2.0,0.5
4710,17,18,298,4,11.98,1,2.0,0.5
4711,14,4,333,1,0.3,1,0.5,0.5
4712,14,5,214,3,16.42,1,1.5,0.5
4713,13,2,250,3,16.7,1,1.5,0.5
4714,7,19,54,5,21.04,1,2.5,0.5
4715,12,18,76,3,12.84,1,1.5,0.5
4716,15,8,123,12,40.44,1,6.0,0.5
4717,19,17,121,13,63.78,1,6.5,0.5
4718,11,19,159,1,4.92,1,0.5,0.5
4719,15,4,337,5,18.46,1,2.5,0.5
4720,12,17,229,6,20.85,1,3.0,0.5
4721,3,1,123,11,31.38,1,5.5,0.5
4722,17,10,324,1,5.9,1,0.5,0.5
4723,3,19,263,8,33.08,1,4.0,0.5
4724,19,16,307,6,20.28,1,3.0,0.5
4725,20,16,38,3,15.52,1,1.5,0.5
4726,4,20,14,5,14.46,1,2.5,0.5
4727,3,21,2,11,33.24,1,5.5,0.5
4728,16,20,78,7,18.78,1,3.5,0.5
4729,12,12,285,5,24.03,1,2.5,0.5
4730,8,20,301,10,32.12,1,5.0,0.5
4731,17,13,7,4,11.42,1,2.0,0.5
4732,7,1,178,15,37.95,1,7.5,0.5
4733,11,2,325,3,15.07,1,1.5,0.5
4734,18,20,292,2,11.3,1,1.0,0.5
4735,1,1,158,9,21.88,1,4.5,0.5
4736,3,13,356,4,12.88,1,2.0,0.5
4737,4,3,71,1,6.6,1,0.5,0.5
4738,13,16,2,1,8.63,1,0.5,0.5
4739,6,15,144,3,15.31,1,1.5,0.5
4740,14,12,318,2,8.03,1,1.0,0.5
4741,5,8,317,1,5.56,1,0.5,0.5
4742,16,17,109,2,11.5,1,1.0,0.5
4743,15,7,128,9,24.67,1,4.5,0.5
4744,15,13,289,1,4.04,1,0.5,0.5
4745,4,20,229,5,24.6,1,2.5,0.5
4746,8,17,148,3,16.89,1,1.5,0.5
4747,16,12,170,1,3.6,1,0.5,0.5
4748,16,20,324,5,22.45,1,2.5,0.5
4749,4,2,29,18,53.65,1,9.0,0.5
4750,13,10,129,3,16.91,1,1.5,0.5
4751,13,11,8,1,5.33,1,0.5,0.5
4752,2,1,351,13,32.65,1,6.5,0.5
4753,3,2,268,24,50.52,1,12.0,0.5
4754,8,17,18,12,44.54,1,6.0,0.5
4755,15,17,170,8,28.91,1,4.0,0.5
4756,11,8,169,3,12.94,1,1.5,0.5
4757,9,15,349,3,8.96,1,1.5,0.5
4758,7,17,260,8,39.53,1,4.0,0.5
4759,13,17,152,4,18.62,1,2.0,0.5
4760,2,18,164,1,2.69,1,0.5,0.5
4761,8,4,105,2,10.35,1,1.0,0.5
4762,7,18,36,2,10.0,1,1.0,0.5
4763,12,8,29,4,14.49,1,2.0,0.5
4764,19,13,6,4,9.55,1,2.0,0.5
4765,7,16,352,3,14.04,1,1.5,0.5
4766,10,4,252,6,20.39,1,3.0,0.5
4767,16,20,153,2,8.32,1,1.0,0.5
4768,3,2,356,11,26.08,1,5.5,0.5
4769,10,19,145,4,13.34,1,2.0,0.5
4770,6,20,117,1,2.82,1,0.5,0.5
4771,18,20,337,5,24.85,1,2.5,0.5
4772,18,15,34,2,13.38,1,1.0,0.5
4773,5,17,276,5,27.3,1,2.5,0.5
4774,7,11,36,5,17.17,1,2.5,0.5
4775,2,16,274,5,25.03,1,2.5,0.5
4776,11,4,327,5,22.32,1,2.5,0.5
4777,13,13,347,2,12.11,1,1.0,0.5
4778,5,18,88,2,10.36,1,1.0,0.5
4779,6,16,110,4,23.03,1,2.0,0.5
4780,14,21,1,4,12.71,1,2.0,0.5
4781,12,21,314,6,30.87,1,3.0,0.5
4782,4,7,174,2,8.55,1,1.0,0.5
4783,6,7,211,1,4.54,1,0.5,0.5
4784,10,15,126,2,8.5,1,1.0,0.5
4785,18,5,40,5,19.2,1,2.5,0.5
4786,15,20,155,7,36.38,1,3.5,0.5
4787,8,16,239,8,26.07,1,4.0,0.5
4788,9,8,318,7,26.5,1,3.5,0.5
4789,5,3,359,1,1.35,1,0.5,0.5
4790,10,9,356,4,15.87,1,2.0,0.5
4791,20,9,230,2,11.01,1,1.0,0.5
4792,6,13,105,6,30.46,1,3.0,0.5
4793,16,2,300,4,19.04,1,2.0,0.5
4794,3,20,241,2,9.67,1,1.0,0.5
4795,10,15,183,7,36.19,1,3.5,0.5
4796,11,17,17,2,10.33,1,1.0,0.5
4797,11,16,204,1,7.5,1,0.5,0.5
4798,17,15,239,5,28.34,1,2.5,0.5
4799,4,17,6,13,32.51,1,6.5,0.5
4800,4,15,143,1,4.06,1,0.5,0.5
4801,17,19,301,1,4.39,1,0.5,0.5
4802,9,3,219,4,16.9,1,2.0,0.5
4803,19,12,296,19,40.68,1,9.5,0.5
4804,5,1,76,2,10.83,1,1.0,0.5
4805,6,6,167,2,12.0,1,1.0,0.5
4806,3,20,163,18,54.18,1,9.0,0.5
4807,1,18,213,1,3.49,1,0.5,0.5
4808,20,18,79,2,9.24,1,1.0,0.5
4809,16,17,115,9,19.47,1,4.5,0.5
4810,11,17,216,7,25.83,1,3.5,0.5
4811,13,19,55,4,20.81,1,2.0,0.5
4812,10,16,147,5,23.36,1,2.5,0.5
4813,3,17,208,1,0.47,1,0.5,0.5
4814,9,17,282,3,15.11,1,1.5,0.5
4815,12,13,221,1,6.64,1,0.5,0.5
4816,14,15,220,6,20.24,1,3.0,0.5
4817,1,18,242,1,3.1,1,0.5,0.5
4818,18,20,158,11,40.11,1,5.5,0.5
4819,17,3,62,8,22.58,1,4.0,0.5
4820,9,21,151,5,20.58,1,2.5,0.5
4821,9,15,236,6,26.26,1,3.0,0.5
4822,10,13,179,4,11.43,1,2.0,0.5
4823,19,4,305,3,13.73,1,1.5,0.5
4824,15,15,6,15,56.41,1,7.5,0.5
4825,5,14,206,12,45.21,1,6.0,0.5
4826,15,11,91,5,14.41,1,2.5,0.5
4827,20,3,210,10,39.28,1,5.0,0.5
4828,2,3,169,1,2.38,1,0.5,0.5
4829,13,7,217,2,7.47,1,1.0,0.5
4830,16,5,216,1,5.3,1,0.5,0.5
4831,15,18,202,9,26.48,1,4.5,0.5
4832,10,15,349,2,11.37,1,1.0,0.5
4833,14,17,247,8,22.67,1,4.0,0.5
4834,10,20,220,9,33.73,1,4.5,0.5
4835,14,1,46,2,5.86,1,1.0,0.5
4836,9,17,184,3,13.01,1,1.5,0.5
4837,14,20,206,3,12.2,1,1.5,0.5
4838,3,12,265,1,4.24,1,0.5,0.5
4839,20,19,257,4,9.62,1,2.0,0.5
4840,16,11,249,7,23.66,1,3.5,0.5
4841,2,18,189,7,22.22,1,3.5,0.5
4842,10,9,304,2,6.04,1,1.0,0.5
4843,3,17,239,1,2.53,1,0.5,0.5
4844,11,20,29,17,73.23,1,8.5,0.5
4845,11,17,142,7,27.53,1,3.5,0.5
4846,13,18,12,1,3.21,1,0.5,0.5
4847,7,13,145,1,6.59,1,0.5,0.5
4848,17,21,312,3,15.07,1,1.5,0.5
4849,2,9,230,2,5.77,1,1.0,0.5
4850,12,10,167,3,13.1,1,1.5,0.5
4851,10,21,71,13,35.39,1,6.5,0.5
4852,18,5,141,3,17.66,1,1.5,0.5
4853,11,16,177,8,39.63,1,4.0,0.5
4854,16,18,328,4,17.6,1,2.0,0.5
4855,17,13,31,15,39.99,1,7.5,0.5
4856,19,16,222,21,43.55,1,10.5,0.5
4857,18,19,177,10,23.28,1,5.0,0.5
4858,3,7,349,12,34.98,1,6.0,0.5
4859,16,7,147,13,33.28,1,6.5,0.5
4860,6,20,10,1,8.62,1,0.5,0.5
4861,12,19,270,6,15.57,1,3.0,0.5
4862,11,16,231,18,42.92,1,9.0,0.5
4863,15,5,92,4,22.34,1,2.0,0.5
4864,15,20,50,2,12.13,1,1.0,0.5
4865,16,19,9,6,25.34,1,3.0,0.5
4866,10,6,34,2,9.01,1,1.0,0.5
4867,12,20,52,2,13.59,1,1.0,0.5
4868,13,11,168,2,6.24,1,1.0,0.5
4869,4,19,343,7,37.05,1,3.5,0.5
4870,7,17,273,10,44.14,1,5.0,0.5
4871,2,17,297,4,20.27,1,2.0,0.5
4872,15,20,140,5,20.09,1,2.5,0.5
4873,8,19,177,13,53.12,1,6.5,0.5
4874,7,15,330,1,5.96,1,0.5,0.5
4875,15,6,246,5,19.18,1,2.5,0.5
4876,14,15,203,1,7.13,1,0.5,0.5
4877,8,6,225,14,69.07,1,7.0,0.5
4878,12,12,218,12,56.31,1,6.0,0.5
4879,13,20,323,2,13.18,1,1.0,0.5
4880,11,4,339,1,6.52,1,0.5,0.5
4881,17,7,73,6,19.1,1,3.0,0.5
4882,17,16,148,1,4.08,1,0.5,0.5
4883,4,3,6,12,59.92,1,6.0,0.5
4884,8,3,118,9,28.37,1,4.5,0.5
4885,5,16,31,4,13.04,1,2.0,0.5
4886,16,5,215,17,45.94,1,8.5,0.5
4887,4,18,332,5,23.48,1,2.5,0.5
4888,15,6,3,1,7.4,1,0.5,0.5
4889,12,10,296,10,25.75,1,5.0,0.5
4890,5,3,349,18,36.97,1,9.0,0.5
4891,16,17,223,7,23.5,1,3.5,0.5
4892,14,20,144,4,11.06,1,2.0,0.5
4893,10,18,363,1,0.88,1,0.5,0.5
4894,7,19,55,3,15.34,1,1.5,0.5
4895,13,17,366,10,38.66,1,5.0,0.5
4896,20,12,29,3,8.63,1,1.5,0.5
4897,5,18,305,11,31.87,1,5.5,0.5
4898,3,1,180,7,29.65,1,3.5,0.5
4899,15,13,141,8,28.65,1,4.0,0.5
4900,4,17,131,3,12.29,1,1.5,0.5
4901,15,13,199,9,40.14,1,4.5,0.5
4902,14,3,123,2,8.07,1,1.0,0.5
4903,20,19,46,8,35.93,1,4.0,0.5
4904,19,19,179,5,24.45,1,2.5,0.5
4905,13,18,189,1,2.15,1,0.5,0.5
4906,10,15,178,22,65.62,1,11.0,0.5
4907,5,15,113,6,24.57,1,3.0,0.5
4908,20,18,275,1,5.63,1,0.5,0.5
4909,20,18,36,4,22.78,1,2.0,0.5
4910,6,17,261,2,6.75,1,1.0,0.5
4911,4,13,291,14,44.86,1,7.0,0.5
4912,2,19,54,6,24.02,1,3.0,0.5
4913,16,17,190,10,33.16,1,5.0,0.5
4914,18,19,116,3,13.08,1,1.5,0.5
4915,5,18,150,5,14.89,1,2.5,0.5
4916,4,2,234,1,2.54,1,0.5,0.5
4917,13,14,72,3,9.48,1,1.5,0.5
4918,19,19,305,7,14.89,1,3.5,0.5
4919,2,15,29,4,17.62,1,2.0,0.5
4920,13,4,38,1,4.38,1,0.5,0.5
4921,11,13,211,2,6.94,1,1.0,0.5
4922,4,15,262,1,4.4,1,0.5,0.5
4923,20,12,310,5,16.5,1,2.5,0.5
4924,20,20,325,5,17.28,1,2.5,0.5
4925,15,9,251,2,7.52,1,1.0,0.5
4926,4,3,215,1,1.45,1,0.5,0.5
4927,9,15,57,2,6.83,1,1.0,0.5
4928,7,3,109,4,13.65,1,2.0,0.5
4929,19,19,36,7,17.84,1,3.5,0.5
4930,19,1,237,10,22.81,1,5.0,0.5
4931,6,7,277,9,39.62,1,4.5,0.5
4932,6,7,230,1,7.08,1,0.5,0.5
4933,20,1,157,18,41.49,1,9.0,0.5
4934,15,6,366,3,8.37,1,1.5,0.5
4935,15,17,54,5,21.01,1,2.5,0.5
4936,20,15,170,3,15.32,1,1.5,0.5
4937,9,16,104,3,16.71,1,1.5,0.5
4938,4,6,69,5,13.31,1,2.5,0.5
4939,18,6,64,14,39.46,1,7.0,0.5
4940,18,15,55,3,14.31,1,1.5,0.5
4941,5,1,235,1,7.24,1,0.5,0.5
4942,20,13,186,9,37.24,1,4.5,0.5
4943,11,20,130,1,1.9,1,0.5,0.5
4944,5,17,199,4,17.46,1,2.0,0.5
4945,4,2,229,1,2.89,1,0.5,0.5
4946,12,12,29,4,16.02,1,2.0,0.5
4947,2,19,175,3,11.09,1,1.5,0.5
4948,13,13,21,3,7.72,1,1.5,0.5
4949,10,7,316,4,13.73,1,2.0,0.5
4950,9,17,275,3,15.49,1,1.5,0.5
4951,10,17,343,5,19.93,1,2.5,0.5
4952,7,7,355,4,10.81,1,2.0,0.5
4953,4,18,344,5,25.41,1,2.5,0.5
4954,19,20,103,1,0.7,1,0.5,0.5
4955,10,3,281,8,39.66,1,4.0,0.5
4956,3,20,285,8,33.17,1,4.0,0.5
4957,19,4,143,15,43.81,1,7.5,0.5
4958,2,2,104,1,4.93,1,0.5,0.5
4959,20,18,356,13,49.3,1,6.5,0.5
4960,10,3,52,10,32.36,1,5.0,0.5
4961,2,16,41,5,12.1,1,2.5,0.5
4962,2,4,320,6,30.27,1,3.0,0.5
4963,17,17,215,7,35.34,1,3.5,0.5
4964,16,16,135,13,31.14,1,6.5,0.5
4965,16,21,265,20,68.83,1,10.0,0.5
4966,14,18,115,11,46.29,1,5.5,0.5
4967,7,8,145,4,16.22,1,2.0,0.5
4968,11,2,189,1,2.69,1,0.5,0.5
4969,1,13,324,6,30.97,1,3.0,0.5
4970,11,15,325,1,6.17,1,0.5,0.5
4971,4,19,18,6,23.32,1,3.0,0.5
4972,7,14,124,8,39.35,1,4.0,0.5
4973,15,18,169,4,22.61,1,2.0,0.5
4974,18,20,303,2,12.24,1,1.0,0.5
4975,12,4,197,6,15.68,1,3.0,0.5
4976,17,4,50,1,5.84,1,0.5,0.5
4977,1,11,2,3,14.78,1,1.5,0.5
4978,11,2,329,10,33.3,1,5.0,0.5
4979,1,10,225,4,12.29,1,2.0,0.5
4980,15,21,55,7,18.34,1,3.5,0.5
4981,10,16,50,4,19.81,1,2.0,0.5
4982,7,2,328,6,26.35,1,3.0,0.5
4983,2,20,338,3,18.37,1,1.5,0.5
4984,10,20,143,1,9.32,1,0.5,0.5
4985,4,11,193,18,52.54,1,9.0,0.5
4986,12,7,323,7,33.35,1,3.5,0.5
4987,19,20,1,7,17.09,1,3.5,0.5
4988,11,1,276,1,2.47,1,0.5,0.5
4989,8,17,224,3,8.58,1,1.5,0.5
4990,18,18,8,6,27.22,1,3.0,0.5
4991,11,19,365,11,26.44,1,5.5,0.5
4992,11,5,286,8,33.49,1,4.0,0.5
4993,13,14,20,3,9.5,1,1.5,0.5
4994,3,19,25,5,21.55,1,2.5,0.5
4995,12,21,246,1,7.34,1,0.5,0.5
4996,3,8,156,1,5.03,1,0.5,0.5
4997,10,16,86,13,47.08,1,6.5,0.5
4998,17,18,360,1,6.51,1,0.5,0.5
4999,2,15,274,4,11.93,1,2.0,0.5
5000,17,11,349,3,8.04,1,1.5,0.5
5001,16,17,133,38,98.96,1,19.0,0.5
5002,2,20,160,5,14.33,1,2.5,0.5
5003,20,9,107,5,23.38,1,2.5,0.5
5004,6,12,21,2,5.92,1,1.0,0.5
5005,10,19,179,1,2.9,1,0.5,0.5
5006,10,5,67,1,4.51,1,0.5,0.5
5007,8,17,83,3,15.82,1,1.5,0.5
5008,1,13,322,1,2.38,1,0.5,0.5
5009,13,9,53,2,8.97,1,1.0,0.5
5010,9,16,109,8,22.04,1,4.0,0.5
5011,10,18,330,14,33.61,1,7.0,0.5
5012,15,7,336,2,7.79,1,1.0,0.5
5013,5,15,183,9,38.73,1,4.5,0.5
5014,16,21,69,14,30.29,1,7.0,0.5
5015,13,19,196,6,23.5,1,3.0,0.5
5016,20,14,64,2,12.67,1,1.0,0.5
5017,18,15,358,3,14.43,1,1.5,0.5
5018,11,15,218,4,21.92,1,2.0,0.5
5019,9,21,238,6,16.57,1,3.0,0.5
5020,16,15,128,3,12.4,1,1.5,0.5
5021,2,16,345,8,20.02,1,4.0,0.5
5022,2,7,281,8,20.1,1,4.0,0.5
5023,12,8,344,2,8.6,1,1.0,0.5
5024,8,9,306,3,8.01,1,1.5,0.5
5025,9,20,109,3,15.28,1,1.5,0.5
5026,12,17,2,6,19.84,1,3.0,0.5
5027,9,12,23,10,38.31,1,5.0,0.5
5028,10,17,35,3,14.92,1,1.5,0.5
5029,2,13,189,6,24.75,1,3.0,0.5
5030,16,13,203,7,26.06,1,3.5,0.5
5031,20,3,254,15,56.03,1,7.5,0.5
5032,7,1,355,1,3.96,1,0.5,0.5
5033,2,17,318,3,11.81,1,1.5,0.5
5034,1,1,201,6,15.28,1,3.0,0.5
5035,19,17,71,2,13.69,1,1.0,0.5
5036,4,18,63,8,39.53,1,4.0,0.5
5037,2,16,268,7,28.44,1,3.5,0.5
5038,14,18,102,6,28.01,1,3.0,0.5
5039,2,12,279,2,9.56,1,1.0,0.5
5040,15,2,176,11,34.91,1,5.5,0.5
5041,12,19,94,1,6.73,1,0.5,0.5
5042,5,15,35,32,65.99,1,16.0,0.5
5043,20,14,53,4,13.44,1,2.0,0.5
5044,7,11,163,2,9.86,1,1.0,0.5
5045,10,8,29,10,32.48,1,5.0,0.5
5046,14,20,152,4,18.14,1,2.0,0.5
5047,14,7,366,4,10.24,1,2.0,0.5
5048,5,19,363,2,7.97,1,1.0,0.5
5049,18,4,211,4,20.02,1,2.0,0.5
5050,14,21,359,8,24.83,1,4.0,0.5
5051,2,17,362,9,31.86,1,4.5,0.5
5052,12,18,309,5,25.86,1,2.5,0.5
5053,6,7,300,1,7.94,1,0.5,0.5
5054,4,4,145,5,23.92,1,2.5,0.5
5055,13,18,3,8,35.06,1,4.0,0.5
5056,4,13,187,3,12.94,1,1.5,0.5
5057,14,15,26,2,7.52,1,1.0,0.5
5058,16,3,23,1,4.43,1,0.5,0.5
5059,4,19,306,5,13.98,1,2.5,0.5
5060,1,8,137,1,2.38,1,0.5,0.5
5061,13,15,219,5,22.86,1,2.5,0.5
5062,4,21,250,2,12.04,1,1.0,0.5
5063,20,17,272,3,6.55,1,1.5,0.5
5064,18,3,293,3,10.5,1,1.5,0.5
5065,6,5,23,1,3.77,1,0.5,0.5
5066,3,17,36,18,40.28,1,9.0,0.5
5067,13,15,46,8,33.73,1,4.0,0.5
5068,16,21,224,3,13.92,1,1.5,0.5
5069,5,10,145,4,11.95,1,2.0,0.5
5070,4,18,1,4,11.15,1,2.0,0.5
5071,8,14,238,6,18.13,1,3.0,0.5
5072,19,8,70,7,25.19,1,3.5,0.5
5073,14,12,328,9,34.76,1,4.5,0.5
5074,7,16,181,3,12.62,1,1.5,0.5
5075,14,1,345,4,14.29,1,2.0,0.5
5076,6,12,314,2,5.49,1,1.0,0.5
5077,12,3,43,22,49.05,1,11.0,0.5
5078,16,1,318,7,24.09,1,3.5,0.5
5079,17,7,256,17,62.72,1,8.5,0.5
5080,13,18,34,1,7.63,1,0.5,0.5
5081,14,15,123,8,25.3,1,4.0,0.5
5082,7,21,73,16,49.3,1,8.0,0.5
5083,14,8,166,1,2.67,1,0.5,0.5
5084,15,6,32,21,48.18,1,10.5,0.5
5085,12,17,291,6,17.23,1,3.0,0.5
5086,17,15,342,10,47.23,1,5.0,0.5
5087,9,7,17,9,43.32,1,4.5,0.5
5088,15,14,289,4,20.39,1,2.0,0.5
5089,12,19,141,1,4.14,1,0.5,0.5
5090,2,6,89,1,4.03,1,0.5,0.5
5091,5,16,318,6,22.89,1,3.0,0.5
5092,13,4,335,2,12.35,1,1.0,0.5
5093,20,15,309,2,13.2,1,1.0,0.5
5094,8,15,172,10,30.91,1,5.0,0.5
5095,14,20,21,5,18.0,1,2.5,0.5
5096,15,8,319,4,9.06,1,2.0,0.5
5097,11,21,222,1,5.48,1,0.5,0.5
5098,1,15,53,2,5.3,1,1.0,0.5
5099,3,20,78,3,8.51,1,1.5,0.5
5100,17,16,18,8,20.46,1,4.0,0.5
5101,19,5,13,4,21.62,1,2.0,0.5
5102,14,19,180,10,43.6,1,5.0,0.5
5103,8,15,28,3,17.21,1,1.5,0.5
5104,13,6,315,1,7.14,1,0.5,0.5
5105,20,19,168,3,10.1,1,1.5,0.5
5106,3,15,231,10,21.9,1,5.0,0.5
5107,5,18,122,12,49.88,1,6.0,0.5
5108,9,20,265,15,34.92,1,7.5,0.5
5109,6,19,6,3,13.05,1,1.5,0.5
5110,2,20,2,4,12.14,1,2.0,0.5
5111,13,18,188,3,17.48,1,1.5,0.5
5112,5,20,100,4,20.41,1,2.0,0.5
5113,8,11,352,1,6.96,1,0.5,0.5
5114,1,4,273,2,8.51,1,1.0,0.5
5115,20,7,323,1,3.18,1,0.5,0.5
5116,12,15,254,8,43.14,1,4.0,0.5
5117,11,5,34,25,76.32,1,12.5,0.5
5118,7,16,341,9,29.89,1,4.5,0.5
5119,15,4,196,4,20.25,1,2.0,0.5
5120,11,10,223,2,8.14,1,1.0,0.5
5121,16,2,305,6,20.52,1,3.0,0.5
5122,3,16,122,4,17.78,1,2.0,0.5
5123,20,10,219,1,6.61,1,0.5,0.5
5124,14,11,277,15,38.66,1,7.5,0.5
5125,3,16,128,3,10.41,1,1.5,0.5
5126,1,19,272,1,6.83,1,0.5,0.5
5127,15,16,114,2,7.85,1,1.0,0.5
5128,1,16,89,4,16.66,1,2.0,0.5
5129,17,16,315,2,7.24,1,1.0,0.5
5130,2,16,251,1,3.86,1,0.5,0.5
5131,20,6,55,6,19.38,1,3.0,0.5
5132,6,19,310,2,9.91,1,1.0,0.5
5133,8,19,221,7,26.61,1,3.5,0.5
5134,16,18,203,3,13.43,1,1.5,0.5
5135,19,10,182,4,22.46,1,2.0,0.5
5136,1,20,161,2,10.9,1,1.0,0.5
5137,3,21,231,11,31.78,1,5.5,0.5
5138,3,18,216,3,15.42,1,1.5,0.5
5139,5,3,223,16,34.58,1,8.0,0.5
5140,12,17,83,3,14.98,1,1.5,0.5
5141,12,6,337,4,10.75,1,2.0,0.5
5142,20,21,334,2,6.69,1,1.0,0.5
5143,13,15,161,6,14.23,1,3.0,0.5
5144,20,21,134,3,14.37,1,1.5,0.5
5145,9,1,52,2,9.84,1,1.0,0.5
5146,7,3,232,2,8.84,1,1.0,0.5
5147,4,21,100,5,28.94,1,2.5,0.5
5148,19,11,109,4,15.85,1,2.0,0.5
5149,19,15,184,5,15.48,1,2.5,0.5
5150,6,17,298,1,3.75,1,0.5,0.5
5151,13,2,45,8,23.07,1,4.0,0.5
5152,11,8,161,7,19.21,1,3.5,0.5
5153,13,18,325,10,24.36,1,5.0,0.5
5154,13,19,285,2,7.11,1,1.0,0.5
5155,20,15,35,6,27.47,1,3.0,0.5
5156,15,21,243,15,47.17,1,7.5,0.5
5157,13,18,308,7,27.4,1,3.5,0.5
5158,11,18,280,1,1.88,1,0.5,0.5
5159,19,10,200,2,10.72,1,1.0,0.5
5160,8,13,360,9,24.39,1,4.5,0.5
5161,20,21,55,5,18.6,1,2.5,0.5
5162,8,15,185,6,27.74,1,3.0,0.5
5163,10,21,79,2,10.96,1,1.0,0.5
5164,16,21,313,13,51.56,1,6.5,0.5
5165,19,12,121,15,58.2,1,7.5,0.5
5166,11,21,315,3,14.95,1,1.5,0.5
5167,13,9,210,7,21.78,1,3.5,0.5
5168,9,15,33,11,24.74,1,5.5,0.5
5169,20,6,83,2,9.69,1,1.0,0.5
5170,19,21,351,5,14.29,1,2.5,0.5
5171,16,13,300,4,17.29,1,2.0,0.5
5172,7,18,282,2,6.71,1,1.0,0.5
5173,19,7,301,9,25.67,1,4.5,0.5
5174,12,20,28,6,14.18,1,3.0,0.5
5175,15,15,14,3,11.91,1,1.5,0.5
5176,14,11,101,13,55.06,1,6.5,0.5
5177,11,12,130,11,25.6,1,5.5,0.5
5178,10,17,18,1,4.52,1,0.5,0.5
5179,11,3,60,7,29.11,1,3.5,0.5
5180,6,15,137,5,24.12,1,2.5,0.5
5181,2,18,301,6,12.69,1,3.0,0.5
5182,11,16,219,7,31.93,1,3.5,0.5
5183,19,17,258,2,5.82,1,1.0,0.5
5184,6,17,238,5,18.73,1,2.5,0.5
5185,14,15,157,2,9.05,1,1.0,0.5
5186,20,16,87,2,8.06,1,1.0,0.5
5187,6,4,266,11,31.49,1,5.5,0.5
5188,17,17,72,3,8.91,1,1.5,0.5
5189,10,11,27,3,15.87,1,1.5,0.5
5190,1,12,182,1,1.26,1,0.5,0.5
5191,3,21,347,8,38.19,1,4.0,0.5
5192,8,15,116,8,26.64,1,4.0,0.5
5193,8,7,83,1,8.95,1,0.5,0.5
5194,20,8,343,5,17.73,1,2.5,0.5
5195,15,20,305,2,10.97,1,1.0,0.5
5196,7,16,308,5,22.33,1,2.5,0.5
5197,11,16,283,4,19.56,1,2.0,0.5
5198,7,17,140,4,12.74,1,2.0,0.5
5199,4,8,171,3,9.03,1,1.5,0.5
5200,12,18,100,2,9.99,1,1.0,0.5
5201,6,15,204,13,42.23,1,6.5,0.5
5202,14,15,297,3,13.74,1,1.5,0.5
5203,12,17,343,1,3.09,1,0.5,0.5
5204,11,20,320,6,19.45,1,3.0,0.5
5205,19,15,94,1,6.5,1,0.5,0.5
5206,5,12,132,14,62.58,1,7.0,0.5
5207,14,21,339,5,15.82,1,2.5,0.5
5208,16,20,357,1,4.97,1,0.5,0.5
5209,13,1,59,1,4.98,1,0.5,0.5
5210,20,16,164,15,32.6,1,7.5,0.5
5211,4,16,206,3,14.35,1,1.5,0.5
5212,11,5,24,3,14.81,1,1.5,0.5
5213,17,1,158,4,13.07,1,2.0,0.5
5214,7,21,335,5,24.02,1,2.5,0.5
5215,14,21,107,8,29.5,1,4.0,0.5
5216,11,8,212,2,5.67,1,1.0,0.5
5217,9,2,170,4,14.19,1,2.0,0.5
5218,13,18,16,4,13.05,1,2.0,0.5
5219,18,4,290,3,14.02,1,1.5,0.5
5220,11,20,167,3,16.04,1,1.5,0.5
5221,15,19,174,3,11.0,1,1.5,0.5
5222,19,20,76,7,24.61,1,3.5,0.5
5223,1,20,229,22,83.25,1,11.0,0.5
5224,4,11,213,2,6.43,1,1.0,0.5
5225,14,16,86,2,7.4,1,1.0,0.5
5226,14,18,279,1,8.2,1,0.5,0.5
5227,3,17,98,4,18.21,1,2.0,0.5
5228,17,18,347,1,4.77,1,0.5,0.5
5229,3,5,117,7,22.92,1,3.5,0.5
5230,16,10,362,7,17.42,1,3.5,0.5
5231,14,21,211,6,28.26,1,3.0,0.5
5232,20,3,196,18,50.95,1,9.0,0.5
5233,13,14,76,3,7.07,1,1.5,0.5
5234,15,10,213,3,11.14,1,1.5,0.5
5235,14,8,118,1,3.9,1,0.5,0.5
5236,19,18,69,2,8.92,1,1.0,0.5
5237,6,11,124,2,7.97,1,1.0,0.5
5238,10,19,311,2,10.18,1,1.0,0.5
5239,15,19,89,1,8.25,1,0.5,0.5
5240,20,17,149,6,33.47,1,3.0,0.5
5241,6,18,358,3,12.57,1,1.5,0.5
5242,10,20,310,1,5.22,1,0.5,0.5
5243,7,17,353,2,6.17,1,1.0,0.5
5244,17,11,245,8,17.55,1,4.0,0.5
5245,18,16,331,5,15.38,1,2.5,0.5
5246,17,4,116,3,17.58,1,1.5,0.5
5247,9,14,158,2,8.45,1,1.0,0.5
5248,10,16,356,2,12.58,1,1.0,0.5
5249,10,20,54,13,35.36,1,6.5,0.5
5250,7,21,210,11,45.79,1,5.5,0.5
5251,16,18,19,7,34.36,1,3.5,0.5
5252,18,15,129,1,3.41,1,0.5,0.5
5253,6,19,130,3,11.97,1,1.5,0.5
5254,20,5,21,2,7.24,1,1.0,0.5
5255,1,19,174,6,18.89,1,3.0,0.5
5256,1,2,318,14,48.47,1,7.0,0.5
5257,12,7,173,16,70.62,1,8.0,0.5
5258,2,8,361,8,26.05,1,4.0,0.5
5259,4,17,108,6,24.13,1,3.0,0.5
5260,17,15,274,2,7.27,1,1.0,0.5
5261,4,21,20,6,29.12,1,3.0,0.5
5262,11,21,153,9,25.84,1,4.5,0.5
5263,4,17,140,9,21.98,1,4.5,0.5
5264,1,5,175,12,43.6,1,6.0,0.5
5265,7,15,241,1,5.6,1,0.5,0.5
5266,18,10,131,5,20.57,1,2.5,0.5
5267,9,7,137,7,32.1,1,3.5,0.5
5268,3,1,32,7,22.9,1,3.5,0.5
5269,8,9,142,5,14.62,1,2.5,0.5
5270,19,18,155,5,26.41,1,2.5,0.5
5271,4,15,62,3,7.48,1,1.5,0.5
5272,18,13,80,7,24.53,1,3.5,0.5
5273,20,16,220,8,18.27,1,4.0,0.5
5274,11,21,71,11,25.94,1,5.5,0.5
5275,14,1,284,24,74.95,1,12.0,0.5
5276,18,4,321,4,9.95,1,2.0,0.5
5277,16,16,4,9,33.93,1,4.5,0.5
5278,3,20,231,4,20.1,1,2.0,0.5
5279,15,20,14,2,11.01,1,1.0,0.5
5280,4,11,211,4,23.13,1,2.0,0.5
5281,5,4,364,10,28.09,1,5.0,0.5
5282,17,16,130,2,13.59,1,1.0,0.5
5283,7,6,351,1,6.31,1,0.5,0.5
5284,16,18,298,8,35.98,1,4.0,0.5
5285,14,21,127,2,8.23,1,1.0,0.5
5286,16,16,42,8,21.93,1,4.0,0.5
5287,7,20,17,2,5.99,1,1.0,0.5
5288,9,17,192,2,11.1,1,1.0,0.5
5289,4,1,245,5,16.84,1,2.5,0.5
5290,11,18,272,7,37.06,1,3.5,0.5
5291,2,17,121,4,21.24,1,2.0,0.5
5292,12,20,284,6,16.68,1,3.0,0.5
5293,12,19,11,2,5.39,1,1.0,0.5
5294,4,7,259,3,15.92,1,1.5,0.5
5295,18,18,234,12,35.67,1,6.0,0.5
5296,7,17,40,1,5.64,1,0.5,0.5
5297,1,8,346,18,51.3,1,9.0,0.5
5298,13,21,91,5,22.57,1,2.5,0.5
5299,6,19,39,1,4.15,1,0.5,0.5
5300,6,3,33,6,26.12,1,3.0,0.5
5301,12,9,39,6,17.47,1,3.0,0.5
5302,8,17,180,15,42.49,1,7.5,0.5
5303,19,1,303,5,20.43,1,2.5,0.5
5304,5,4,198,1,3.61,1,0.5,0.5
5305,18,20,366,4,18.01,1,2.0,0.5
5306,5,18,151,2,11.88,1,1.0,0.5
5307,10,14,37,16,41.2,1,8.0,0.5
5308,1,11,234,1,1.18,1,0.5,0.5
5309,10,14,267,1,4.76,1,0.5,0.5
5310,5,20,8,11,26.47,1,5.5,0.5
5311,12,7,56,5,13.72,1,2.5,0.5
5312,7,21,128,4,19.97,1,2.0,0.5
5313,9,3,313,7,21.59,1,3.5,0.5
5314,12,17,115,13,35.74,1,6.5,0.5
5315,1,17,274,2,10.41,1,1.0,0.5
5316,11,15,173,1,1.95,1,0.5,0.5
5317,15,18,265,4,14.16,1,2.0,0.5
5318,2,3,152,4,17.59,1,2.0,0.5
5319,20,1,21,1,6.75,1,0.5,0.5
5320,7,21,267,3,14.01,1,1.5,0.5
5321,12,8,273,6,13.77,1,3.0,0.5
5322,18,17,69,6,25.1,1,3.0,0.5
5323,3,11,66,1,2.8,1,0.5,0.5
5324,7,15,247,2,5.95,1,1.0,0.5
5325,11,21,10,8,21.09,1,4.0,0.5
5326,18,8,158,3,13.82,1,1.5,0.5
5327,12,15,279,4,13.11,1,2.0,0.5
5328,6,16,242,1,3.27,1,0.5,0.5
5329,5,19,145,12,56.36,1,6.0,0.5
5330,1,18,358,2,11.44,1,1.0,0.5
5331,12,21,91,9,26.08,1,4.5,0.5
5332,11,6,123,4,16.84,1,2.0,0.5
5333,4,15,318,6,19.23,1,3.0,0.5
5334,18,19,358,3,12.3,1,1.5,0.5
5335,4,8,363,6,15.84,1,3.0,0.5
5336,17,19,105,12,24.97,1,6.0,0.5
5337,2,1,272,1,2.5,1,0.5,0.5
5338,2,16,366,8,31.09,1,4.0,0.5
5339,12,10,33,5,25.73,1,2.5,0.5
5340,6,19,266,3,16.93,1,1.5,0.5
5341,10,17,69,2,12.85,1,1.0,0.5
5342,16,20,1,5,18.58,1,2.5,0.5
5343,14,11,347,8,23.38,1,4.0,0.5
5344,7,3,33,11,52.52,1,5.5,0.5
5345,19,5,259,5,21.24,1,2.5,0.5
5346,17,15,53,1,6.13,1,0.5,0.5
5347,9,20,71,3,18.58,1,1.5,0.5
5348,13,18,171,14,32.26,1,7.0,0.5
5349,5,12,350,6,31.02,1,3.0,0.5
5350,5,15,122,6,14.28,1,3.0,0.5
5351,10,21,305,3,10.28,1,1.5,0.5
5352,10,13,309,6,31.52,1,3.0,0.5
5353,7,16,350,1,8.81,1,0.5,0.5
5354,15,16,220,5,19.64,1,2.5,0.5
5355,7,17,139,10,31.05,1,5.0,0.5
5356,15,5,339,1,5.66,1,0.5,0.5
5357,3,17,24,2,8.36,1,1.0,0.5
5358,19,21,5,1,1.92,1,0.5,0.5
5359,10,16,62,3,13.42,1,1.5,0.5
5360,15,15,334,9,31.73,1,4.5,0.5
5361,3,17,163,5,21.76,1,2.5,0.5
5362,6,21,295,16,42.66,1,8.0,0.5
5363,12,17,316,4,15.56,1,2.0,0.5
5364,15,15,272,5,24.19,1,2.5,0.5
5365,6,17,357,2,13.67,1,1.0,0.5
5366,13,10,20,9,43.91,1,4.5,0.5
5367,19,11,31,2,9.35,1,1.0,0.5
5368,3,1,125,3,11.63,1,1.5,0.5
5369,8,16,44,15,55.06,1,7.5,0.5
5370,8,3,131,7,28.95,1,3.5,0.5
5371,20,1,84,7,17.21,1,3.5,0.5
5372,15,21,336,1,6.92,1,0.5,0.5
5373,4,13,280,1,4.89,1,0.5,0.5
5374,19,4,362,2,7.12,1,1.0,0.5
5375,3,20,72,1,4.32,1,0.5,0.5
5376,13,2,353,1,3.74,1,0.5,0.5
5377,8,14,342,7,14.78,1,3.5,0.5
5378,16,17,135,19,48.85,1,9.5,0.5
5379,13,16,310,4,12.1,1,2.0,0.5
5380,3,20,255,2,12.43,1,1.0,0.5
5381,16,21,267,1,8.02,1,0.5,0.5
5382,9,19,267,5,15.49,1,2.5,0.5
5383,14,9,229,18,61.57,1,9.0,0.5
5384,13,17,101,3,12.25,1,1.5,0.5
5385,7,16,171,3,8.28,1,1.5,0.5
5386,15,18,247,8,26.37,1,4.0,0.5
5387,7,13,346,4,10.68,1,2.0,0.5
5388,6,20,240,12,34.53,1,6.0,0.5
5389,2,1,132,5,19.43,1,2.5,0.5
5390,9,13,13,11,24.71,1,5.5,0.5
5391,17,16,171,2,10.17,1,1.0,0.5
5392,5,5,110,3,14.53,1,1.5,0.5
5393,12,15,18,7,24.28,1,3.5,0.5
5394,1,18,325,4,20.99,1,2.0,0.5
5395,10,13,192,8,25.31,1,4.0,0.5
5396,11,6,39,5,22.25,1,2.5,0.5
5397,16,2,298,8,31.87,1,4.0,0.5
5398,14,21,173,4,12.74,1,2.0,0.5
5399,8,5,274,1,7.52,1,0.5,0.5
5400,17,20,75,3,15.42,1,1.5,0.5
5401,18,10,328,4,13.17,1,2.0,0.5
5402,12,5,51,1,5.22,1,0.5,0.5
5403,17,20,181,5,22.07,1,2.5,0.5
5404,14,13,232,1,6.15,1,0.5,0.5
5405,16,15,214,8,42.01,1,4.0,0.5
5406,14,21,20,3,15.08,1,1.5,0.5
5407,9,15,362,7,24.01,1,3.5,0.5
5408,4,17,138,3,14.02,1,1.5,0.5
5409,11,7,276,1,5.75,1,0.5,0.5
5410,6,20,289,3,16.23,1,1.5,0.5
5411,15,17,230,9,36.09,1,4.5,0.5
5412,5,16,262,4,17.37,1,2.0,0.5
5413,11,20,143,3,12.32,1,1.5,0.5
5414,18,17,251,1,8.47,1,0.5,0.5
5415,13,13,11,6,13.85,1,3.0,0.5
5416,11,21,355,7,25.48,1,3.5,0.5
5417,14,11,90,8,29.13,1,4.0,0.5
5418,18,1,259,3,17.23,1,1.5,0.5
5419,19,19,292,4,10.3,1,2.0,0.5
5420,15,21,323,3,13.3,1,1.5,0.5
5421,9,20,26,11,46.69,1,5.5,0.5
5422,8,18,19,1,9.73,1,0.5,0.5
5423,20,18,4,16,50.17,1,8.0,0.5
5424,1,17,153,10,28.01,1,5.0,0.5
5425,4,13,112,4,16.97,1,2.0,0.5
5426,14,2,264,9,43.7,1,4.5,0.5
5427,2,20,242,1,4.9,1,0.5,0.5
5428,16,19,84,4,15.8,1,2.0,0.5
5429,3,18,119,4,22.27,1,2.0,0.5
5430,8,15,301,5,22.39,1,2.5,0.5
5431,6,21,281,1,5.23,1,0.5,0.5
5432,16,20,5,6,18.08,1,3.0,0.5
5433,16,20,79,4,10.1,1,2.0,0.5
5434,7,12,268,5,13.44,1,2.5,0.5
5435,13,18,349,11,34.32,1,5.5,0.5
5436,13,13,225,3,16.12,1,1.5,0.5
5437,5,21,47,3,15.98,1,1.5,0.5
5438,20,18,2,7,32.82,1,3.5,0.5
5439,18,11,108,1,2.85,1,0.5,0.5
5440,15,20,136,7,35.54,1,3.5,0.5
5441,18,15,49,1,7.09,1,0.5,0.5
5442,2,4,365,7,28.95,1,3.5,0.5
5443,10,11,13,2,4.83,1,1.0,0.5
5444,13,17,342,1,5.1,1,0.5,0.5
5445,18,18,84,2,7.61,1,1.0,0.5
5446,15,15,167,5,11.75,1,2.5,0.5
5447,12,16,18,1,8.21,1,0.5,0.5
5448,15,15,197,4,21.41,1,2.0,0.5
5449,13,18,238,9,26.65,1,4.5,0.5
5450,18,8,272,14,47.59,1,7.0,0.5
5451,15,15,296,1,2.23,1,0.5,0.5
5452,11,6,111,10,28.58,1,5.0,0.5
5453,19,21,26,5,14.83,1,2.5,0.5
5454,3,2,28,15,35.77,1,7.5,0.5
5455,7,1,211,6,27.38,1,3.0,0.5
5456,14,17,117,5,21.49,1,2.5,0.5
5457,14,16,244,10,28.58,1,5.0,0.5
5458,13,7,239,9,33.2,1,4.5,0.5
5459,12,20,354,4,9.42,1,2.0,0.5
5460,9,18,37,9,26.76,1,4.5,0.5
5461,1,3,86,1,4.61,1,0.5,0.5
5462,19,18,254,15,37.63,1,7.5,0.5
5463,11,20,131,11,37.42,1,5.5,0.5
5464,19,15,342,12,27.53,1,6.0,0.5
5465,18,18,239,2,8.71,1,1.0,0.5
5466,12,11,240,4,13.89,1,2.0,0.5
5467,1,19,347,3,11.15,1,1.5,0.5
5468,19,6,68,2,8.57,1,1.0,0.5
5469,20,20,212,4,11.77,1,2.0,0.5
5470,17,14,140,1,1.37,1,0.5,0.5
5471,5,20,135,8,17.21,1,4.0,0.5
5472,3,18,296,5,23.58,1,2.5,0.5
5473,2,21,292,6,17.83,1,3.0,0.5
5474,3,12,95,2,7.18,1,1.0,0.5
5475,8,19,354,1,3.36,1,0.5,0.5
5476,16,19,146,12,41.48,1,6.0,0.5
5477,6,14,267,4,15.74,1,2.0,0.5
5478,13,19,221,15,40.71,1,7.5,0.5
5479,16,9,133,3,9.79,1,1.5,0.5
5480,16,10,57,1,3.82,1,0.5,0.5
5481,3,16,18,9,34.82,1,4.5,0.5
5482,13,18,141,6,20.24,1,3.0,0.5
5483,14,7,151,6,28.23,1,3.0,0.5
5484,8,18,28,6,14.84,1,3.0,0.5
5485,12,19,13,1,2.46,1,0.5,0.5
5486,8,21,24,6,20.83,1,3.0,0.5
5487,9,18,159,2,6.35,1,1.0,0.5
5488,1,18,190,6,18.93,1,3.0,0.5
5489,6,18,222,7,23.75,1,3.5,0.5
5490,19,18,366,5,15.68,1,2.5,0.5
5491,11,16,225,5,17.01,1,2.5,0.5
5492,11,20,6,2,9.75,1,1.0,0.5
5493,13,17,251,1,4.86,1,0.5,0.5
5494,11,18,8,2,9.26,1,1.0,0.5
5495,18,19,155,2,11.2,1,1.0,0.5
5496,15,18,222,3,17.08,1,1.5,0.5
5497,1,1,167,3,18.56,1,1.5,0.5
5498,7,13,355,3,13.52,1,1.5,0.5
5499,13,10,353,3,11.16,1,1.5,0.5
5500,12,11,321,2,10.53,1,1.0,0.5
5501,18,15,213,10,29.41,1,5.0,0.5
5502,19,11,23,6,27.62,1,3.0,0.5
5503,15,15,29,3,9.44,1,1.5,0.5
5504,8,10,213,3,12.59,1,1.5,0.5
5505,19,19,151,2,10.07,1,1.0,0.5
5506,10,20,279,6,26.06,1,3.0,0.5
5507,7,21,171,2,6.34,1,1.0,0.5
5508,18,5,186,4,17.15,1,2.0,0.5
5509,16,19,103,3,11.91,1,1.5,0.5
5510,20,11,18,5,28.37,1,2.5,0.5
5511,6,17,303,4,11.71,1,2.0,0.5
5512,9,16,271,9,24.15,1,4.5,0.5
5513,13,20,348,9,38.43,1,4.5,0.5
5514,8,17,94,6,19.1,1,3.0,0.5
5515,16,21,187,2,8.53,1,1.0,0.5
5516,13,18,195,6,27.39,1,3.0,0.5
5517,13,8,104,21,70.56,1,10.5,0.5
5518,17,16,270,1,3.62,1,0.5,0.5
5519,20,4,265,2,7.58,1,1.0,0.5
5520,5,5,49,6,25.78,1,3.0,0.5
5521,17,15,279,5,28.44,1,2.5,0.5
5522,9,7,346,3,9.08,1,1.5,0.5
5523,2,19,85,1,1.96,1,0.5,0.5
5524,18,19,258,3,12.99,1,1.5,0.5
5525,9,10,76,3,14.33,1,1.5,0.5
5526,6,19,222,3,11.77,1,1.5,0.5
5527,11,10,330,6,23.75,1,3.0,0.5
5528,6,16,113,1,4.28,1,0.5,0.5
5529,6,9,120,10,25.88,1,5.0,0.5
5530,13,18,226,4,10.7,1,2.0,0.5
5531,11,21,272,6,21.01,1,3.0,0.5
5532,14,18,146,3,15.32,1,1.5,0.5
5533,2,15,335,3,14.76,1,1.5,0.5
5534,8,20,88,4,10.33,1,2.0,0.5
5535,3,17,8,1,4.53,1,0.5,0.5
5536,3,3,2,5,14.22,1,2.5,0.5
5537,1,1,153,3,16.9,1,1.5,0.5
5538,19,2,191,4,13.88,1,2.0,0.5
5539,18,6,179,3,7.54,1,1.5,0.5
5540,17,12,147,6,28.52,1,3.0,0.5
5541,20,20,295,10,33.12,1,5.0,0.5
5542,13,18,330,6,14.66,1,3.0,0.5
5543,3,3,329,4,19.66,1,2.0,0.5
5544,1,18,62,12,40.55,1,6.0,0.5
5545,4,2,130,8,43.95,1,4.0,0.5
5546,13,21,128,4,19.65,1,2.0,0.5
5547,17,20,4,7,24.78,1,3.5,0.5
5548,11,14,85,2,7.45,1,1.0,0.5
5549,2,16,63,9,41.84,1,4.5,0.5
5550,16,18,246,2,10.65,1,1.0,0.5
5551,2,7,136,13,40.8,1,6.5,0.5
5552,19,13,322,5,20.6,1,2.5,0.5
5553,19,13,5,7,17.89,1,3.5,0.5
5554,16,16,29,2,8.12,1,1.0,0.5
5555,19,16,192,7,20.12,1,3.5,0.5
5556,9,16,83,6,26.29,1,3.0,0.5
5557,1,5,148,8,20.81,1,4.0,0.5
5558,10,16,122,3,13.23,1,1.5,0.5
5559,19,1,100,4,18.4,1,2.0,0.5
5560,1,15,51,1,6.63,1,0.5,0.5
5561,2,14,350,7,36.92,1,3.5,0.5
5562,16,20,152,10,40.15,1,5.0,0.5
5563,12,5,72,3,13.96,1,1.5,0.5
5564,8,20,112,6,21.44,1,3.0,0.5
5565,18,17,42,3,14.97,1,1.5,0.5
5566,2,10,179,4,15.22,1,2.0,0.5
5567,13,18,209,1,7.74,1,0.5,0.5
5568,6,6,99,3,14.14,1,1.5,0.5
5569,6,19,72,5,25.41,1,2.5,0.5
5570,9,3,227,5,20.44,1,2.5,0.5
5571,16,1,24,4,20.47,1,2.0,0.5
5572,11,10,244,1,5.64,1,0.5,0.5
5573,7,12,73,14,52.23,1,7.0,0.5
5574,10,20,257,4,14.16,1,2.0,0.5
5575,10,14,223,1,5.7,1,0.5,0.5
5576,20,4,273,1,7.21,1,0.5,0.5
5577,18,14,303,9,30.08,1,4.5,0.5
5578,20,18,59,1,4.98,1,0.5,0.5
5579,9,11,85,8,17.58,1,4.0,0.5
5580,15,6,307,9,41.22,1,4.5,0.5
5581,4,3,86,4,18.39,1,2.0,0.5
5582,8,19,120,1,2.46,1,0.5,0.5
5583,9,15,129,4,11.99,1,2.0,0.5
5584,13,20,333,1,2.19,1,0.5,0.5
5585,9,16,37,7,31.29,1,3.5,0.5
5586,4,21,28,1,4.1,1,0.5,0.5
5587,17,19,6,17,39.21,1,8.5,0.5
5588,16,4,287,1,3.37,1,0.5,0.5
5589,15,20,306,1,4.63,1,0.5,0.5
5590,3,19,13,5,16.15,1,2.5,0.5
5591,20,15,222,6,29.77,1,3.0,0.5
5592,5,20,16,1,4.39,1,0.5,0.5
5593,5,12,250,3,10.01,1,1.5,0.5
5594,20,19,348,5,25.18,1,2.5,0.5
5595,15,11,347,1,4.77,1,0.5,0.5
5596,18,21,164,2,6.4,1,1.0,0.5
5597,15,16,326,4,11.66,1,2.0,0.5
5598,2,18,263,9,34.03,1,4.5,0.5
5599,13,6,19,7,14.28,1,3.5,0.5
5600,4,6,139,3,9.79,1,1.5,0.5
5601,10,20,95,11,24.33,1,5.5,0.5
5602,13,10,3,1,4.34,1,0.5,0.5
5603,10,9,248,3,18.34,1,1.5,0.5
5604,9,7,297,4,18.26,1,2.0,0.5
5605,8,17,211,3,12.87,1,1.5,0.5
5606,3,16,216,4,22.25,1,2.0,0.5
5607,16,5,355,3,12.69,1,1.5,0.5
5608,14,5,161,11,27.75,1,5.5,0.5
5609,9,20,199,1,5.51,1,0.5,0.5
5610,11,19,99,13,34.86,1,6.5,0.5
5611,3,20,95,2,12.12,1,1.0,0.5
5612,5,17,6,2,13.25,1,1.0,0.5
5613,10,15,59,1,6.61,1,0.5,0.5
5614,13,16,345,4,13.25,1,2.0,0.5
5615,4,2,351,3,15.74,1,1.5,0.5
5616,13,16,46,3,9.67,1,1.5,0.5
5617,12,16,35,1,5.9,1,0.5,0.5
5618,5,13,150,7,26.65,1,3.5,0.5
5619,10,16,153,3,14.13,1,1.5,0.5
5620,9,18,173,6,30.81,1,3.0,0.5
5621,20,20,86,1,6.39,1,0.5,0.5
5622,7,18,309,3,14.92,1,1.5,0.5
5623,2,19,53,15,39.53,1,7.5,0.5
5624,7,14,240,6,21.93,1,3.0,0.5
5625,8,5,361,5,15.61,1,2.5,0.5
5626,7,11,3,10,30.68,1,5.0,0.5
5627,14,21,110,6,31.53,1,3.0,0.5
5628,19,16,349,2,9.74,1,1.0,0.5
5629,5,15,264,7,24.29,1,3.5,0.5
5630,18,6,130,6,23.75,1,3.0,0.5
5631,20,12,359,6,20.17,1,3.0,0.5
5632,12,19,355,3,13.4,1,1.5,0.5
5633,17,16,178,2,8.24,1,1.0,0.5
5634,13,18,130,12,33.96,1,6.0,0.5
5635,2,21,293,10,22.59,1,5.0,0.5
5636,13,15,341,1,6.33,1,0.5,0.5
5637,7,3,219,11,37.67,1,5.5,0.5
5638,10,14,217,11,29.1,1,5.5,0.5
5639,6,10,307,3,12.92,1,1.5,0.5
5640,3,2,211,5,18.08,1,2.5,0.5
5641,3,7,176,4,17.22,1,2.0,0.5
5642,18,20,126,1,2.18,1,0.5,0.5
5643,11,3,333,7,17.46,1,3.5,0.5
5644,20,1,220,10,33.11,1,5.0,0.5
5645,5,14,335,4,21.03,1,2.0,0.5
5646,19,15,73,19,43.03,1,9.5,0.5
5647,19,9,35,2,7.44,1,1.0,0.5
5648,15,1,67,14,49.63,1,7.0,0.5
5649,16,19,231,1,3.27,1,0.5,0.5
5650,9,16,287,10,27.77,1,5.0,0.5
5651,4,19,231,3,18.4,1,1.5,0.5
5652,15,20,300,6,15.75,1,3.0,0.5
5653,12,14,165,3,14.12,1,1.5,0.5
5654,3,6,122,1,7.48,1,0.5,0.5
5655,14,21,66,9,36.58,1,4.5,0.5
5656,17,17,154,3,12.45,1,1.5,0.5
5657,19,16,19,1,9.28,1,0.5,0.5
5658,6,19,90,3,14.77,1,1.5,0.5
5659,4,10,328,9,36.03,1,4.5,0.5
5660,7,17,94,6,28.75,1,3.0,0.5
5661,19,15,163,8,27.21,1,4.0,0.5
5662,17,1,261,3,14.46,1,1.5,0.5
5663,16,20,313,3,13.5,1,1.5,0.5
5664,15,13,343,10,29.19,1,5.0,0.5
5665,8,20,70,1,5.31,1,0.5,0.5
5666,19,18,310,7,21.41,1,3.5,0.5
5667,8,15,4,16,59.71,1,8.0,0.5
5668,18,16,344,2,13.27,1,1.0,0.5
5669,16,13,270,6,20.71,1,3.0,0.5
5670,20,11,55,12,31.09,1,6.0,0.5
5671,19,1,178,1,7.15,1,0.5,0.5
5672,10,12,144,2,9.85,1,1.0,0.5
5673,17,20,138,4,12.69,1,2.0,0.5
5674,13,19,203,8,19.29,1,4.0,0.5
5675,13,5,73,2,8.18,1,1.0,0.5
5676,7,15,31,5,11.39,1,2.5,0.5
5677,10,14,100,11,30.16,1,5.5,0.5
5678,2,16,180,6,28.84,1,3.0,0.5
5679,4,14,180,6,22.04,1,3.0,0.5
5680,6,3,346,2,9.22,1,1.0,0.5
5681,18,10,10,1,6.01,1,0.5,0.5
5682,6,11,270,6,30.02,1,3.0,0.5
5683,17,10,232,3,10.45,1,1.5,0.5
5684,14,16,49,7,32.05,1,3.5,0.5
5685,11,20,1,5,15.35,1,2.5,0.5
5686,19,9,353,16,75.87,1,8.0,0.5
5687,2,12,173,13,32.06,1,6.5,0.5
5688,3,15,45,4,21.69,1,2.0,0.5
5689,11,18,36,9,23.0,1,4.5,0.5
5690,6,15,312,5,26.05,1,2.5,0.5
5691,14,18,134,16,43.81,1,8.0,0.5
5692,19,19,327,1,9.3,1,0.5,0.5
5693,16,6,63,4,10.13,1,2.0,0.5
5694,7,20,88,7,16.03,1,3.5,0.5
5695,8,10,278,1,4.64,1,0.5,0.5
5696,19,21,293,4,14.93,1,2.0,0.5
5697,20,9,214,6,27.28,1,3.0,0.5
5698,16,17,3,4,19.15,1,2.0,0.5
5699,7,7,71,3,10.1,1,1.5,0.5
5700,9,14,74,11,22.68,1,5.5,0.5
5701,13,16,168,6,23.44,1,3.0,0.5
5702,1,13,273,7,33.33,1,3.5,0.5
5703,8,15,66,7,20.35,1,3.5,0.5
5704,4,1,39,2,7.16,1,1.0,0.5
5705,3,16,252,2,10.3,1,1.0,0.5
5706,3,8,309,9,43.85,1,4.5,0.5
5707,13,20,237,4,12.76,1,2.0,0.5
5708,8,6,282,13,48.45,1,6.5,0.5
5709,7,11,257,9,32.78,1,4.5,0.5
5710,1,21,67,1,1.2,1,0.5,0.5
5711,16,16,27,8,31.66,1,4.0,0.5
5712,6,2,137,9,19.4,1,4.5,0.5
5713,7,5,353,8,21.51,1,4.0,0.5
5714,12,2,354,4,15.88,1,2.0,0.5
5715,9,8,204,1,4.4,1,0.5,0.5
5716,11,19,306,2,14.07,1,1.0,0.5
5717,10,10,49,2,14.4,1,1.0,0.5
5718,1,5,203,4,19.53,1,2.0,0.5
5719,18,1,223,6,18.07,1,3.0,0.5
5720,4,17,354,2,12.12,1,1.0,0.5
5721,5,17,190,3,13.38,1,1.5,0.5
5722,9,17,281,2,8.83,1,1.0,0.5
5723,17,21,2,2,10.36,1,1.0,0.5
5724,3,19,267,13,58.88,1,6.5,0.5
5725,16,17,143,4,15.38,1,2.0,0.5
5726,5,16,220,8,20.76,1,4.0,0.5
5727,16,17,37,3,13.83,1,1.5,0.5
5728,3,15,169,12,50.07,1,6.0,0.5
5729,20,8,42,1,4.47,1,0.5,0.5
5730,15,15,301,2,10.29,1,1.0,0.5
5731,3,10,44,13,31.36,1,6.5,0.5
5732,20,21,196,2,7.55,1,1.0,0.5
5733,14,10,170,2,9.63,1,1.0,0.5
5734,16,18,83,8,27.11,1,4.0,0.5
5735,17,21,208,2,8.99,1,1.0,0.5
5736,20,18,145,4,21.7,1,2.0,0.5
5737,18,21,130,9,23.17,1,4.5,0.5
5738,18,17,214,1,3.13,1,0.5,0.5
5739,14,5,214,2,9.26,1,1.0,0.5
5740,18,15,32,3,10.51,1,1.5,0.5
5741,15,8,284,3,12.66,1,1.5,0.5
5742,15,8,229,12,55.93,1,6.0,0.5
5743,6,13,343,5,20.67,1,2.5,0.5
5744,15,17,122,1,4.66,1,0.5,0.5
5745,18,2,221,1,4.41,1,0.5,0.5
5746,4,1,292,4,12.46,1,2.0,0.5
5747,8,15,181,6,21.01,1,3.0,0.5
5748,15,17,269,3,11.94,1,1.5,0.5
5749,3,14,183,12,26.19,1,6.0,0.5
5750,15,19,66,4,17.74,1,2.0,0.5
5751,13,15,274,14,45.63,1,7.0,0.5
5752,9,18,269,2,14.04,1,1.0,0.5
5753,2,20,37,7,33.92,1,3.5,0.5
5754,8,16,149,3,17.24,1,1.5,0.5
5755,20,18,216,4,15.29,1,2.0,0.5
5756,17,6,201,7,19.02,1,3.5,0.5
5757,13,17,18,2,9.52,1,1.0,0.5
5758,1,2,276,4,16.26,1,2.0,0.5
5759,2,15,20,5,19.26,1,2.5,0.5
5760,15,7,292,8,31.84,1,4.0,0.5
5761,12,16,301,1,3.78,1,0.5,0.5
5762,14,18,132,8,38.45,1,4.0,0.5
5763,2,18,357,3,12.9,1,1.5,0.5
5764,18,15,92,11,35.44,1,5.5,0.5
5765,7,20,186,5,21.77,1,2.5,0.5
5766,6,15,208,5,16.92,1,2.5,0.5
5767,14,17,298,12,49.31,1,6.0,0.5
5768,8,2,314,5,19.35,1,2.5,0.5
5769,2,18,272,3,7.54,1,1.5,0.5
5770,17,20,235,1,3.96,1,0.5,0.5
5771,5,14,334,2,6.9,1,1.0,0.5
5772,14,21,84,5,24.52,1,2.5,0.5
5773,20,12,27,7,21.33,1,3.5,0.5
5774,3,15,213,6,21.42,1,3.0,0.5
5775,5,11,146,2,7.72,1,1.0,0.5
5776,16,20,237,6,29.27,1,3.0,0.5
5777,18,12,61,12,31.93,1,6.0,0.5
5778,17,19,198,3,9.84,1,1.5,0.5
5779,11,17,353,9,47.07,1,4.5,0.5
5780,17,11,226,3,11.95,1,1.5,0.5
5781,16,21,187,2,10.78,1,1.0,0.5
5782,2,17,350,3,15.32,1,1.5,0.5
5783,4,18,67,2,6.54,1,1.0,0.5
5784,7,12,313,6,14.72,1,3.0,0.5
5785,2,21,198,5,21.38,1,2.5,0.5
5786,6,17,108,8,21.89,1,4.0,0.5
5787,17,21,129,3,12.26,1,1.5,0.5
5788,7,17,343,3,15.2,1,1.5,0.5
5789,5,12,121,1,9.03,1,0.5,0.5
5790,5,20,337,1,1.92,1,0.5,0.5
5791,20,13,21,6,19.38,1,3.0,0.5
5792,16,16,256,16,40.58,1,8.0,0.5
5793,19,16,38,3,10.85,1,1.5,0.5
5794,9,18,200,4,14.38,1,2.0,0.5
5795,5,10,54,1,1.09,1,0.5,0.5
5796,8,12,66,6,12.75,1,3.0,0.5
5797,9,2,281,12,35.64,1,6.0,0.5
5798,5,18,293,2,10.18,1,1.0,0.5
5799,10,10,186,3,15.98,1,1.5,0.5
5800,2,16,64,1,3.32,1,0.5,0.5
5801,9,1,1,1,0.84,1,0.5,0.5
5802,11,21,21,9,28.14,1,4.5,0.5
5803,4,21,69,4,12.76,1,2.0,0.5
5804,2,16,215,11,26.03,1,5.5,0.5
5805,6,20,84,2,10.74,1,1.0,0.5
5806,14,16,239,3,9.9,1,1.5,0.5
5807,1,17,115,8,17.19,1,4.0,0.5
5808,18,21,209,18,72.14,1,9.0,0.5
5809,7,16,50,13,31.19,1,6.5,0.5
5810,1,15,243,8,21.92,1,4.0,0.5
5811,1,4,360,6,28.27,1,3.0,0.5
5812,1,19,326,4,13.39,1,2.0,0.5
5813,4,8,89,18,39.94,1,9.0,0.5
5814,4,18,53,6,13.9,1,3.0,0.5
5815,18,13,258,10,50.86,1,5.0,0.5
5816,11,20,61,9,29.92,1,4.5,0.5
5817,1,21,23,2,7.48,1,1.0,0.5
5818,10,20,98,1,5.8,1,0.5,0.5
5819,9,11,35,4,10.81,1,2.0,0.5
5820,4,18,108,7,19.92,1,3.5,0.5
5821,6,21,109,1,1.26,1,0.5,0.5
5822,16,18,190,8,30.49,1,4.0,0.5
5823,2,15,109,3,14.61,1,1.5,0.5
5824,18,15,255,4,11.9,1,2.0,0.5
5825,10,20,83,8,32.72,1,4.0,0.5
5826,17,19,284,3,6.53,1,1.5,0.5
5827,13,10,52,9,19.19,1,4.5,0.5
5828,18,3,360,4,20.65,1,2.0,0.5
5829,13,16,292,5,12.62,1,2.5,0.5
5830,17,20,335,4,19.55,1,2.0,0.5
5831,5,15,204,8,42.18,1,4.0,0.5
5832,11,19,291,2,9.58,1,1.0,0.5
5833,7,17,43,8,31.78,1,4.0,0.5
5834,10,15,26,4,11.23,1,2.0,0.5
5835,17,21,164,4,12.71,1,2.0,0.5
5836,15,14,140,1,4.07,1,0.5,0.5
5837,18,18,225,2,10.01,1,1.0,0.5
5838,19,15,234,3,17.15,1,1.5,0.5
5839,2,21,276,15,51.59,1,7.5,0.5
5840,4,18,77,3,14.95,1,1.5,0.5
5841,3,6,273,1,4.31,1,0.5,0.5
5842,7,13,4,4,12.25,1,2.0,0.5
5843,18,20,262,2,6.55,1,1.0,0.5
5844,10,21,50,1,3.27,1,0.5,0.5
5845,7,5,286,2,10.19,1,1.0,0.5
5846,8,17,244,3,11.83,1,1.5,0.5
5847,6,21,286,15,35.84,1,7.5,0.5
5848,1,13,6,1,4.44,1,0.5,0.5
5849,4,18,50,6,13.34,1,3.0,0.5
5850,14,19,15,14,36.91,1,7.0,0.5
5851,17,15,247,14,69.41,1,7.0,0.5
5852,20,20,81,5,14.83,1,2.5,0.5
5853,18,19,20,6,25.24,1,3.0,0.5
5854,11,14,108,3,12.63,1,1.5,0.5
5855,14,18,364,20,65.93,1,10.0,0.5
5856,9,16,278,12,34.54,1,6.0,0.5
5857,15,16,271,16,50.47,1,8.0,0.5
5858,12,15,58,2,10.27,1,1.0,0.5
5859,10,14,86,8,28.36,1,4.0,0.5
5860,19,21,332,9,30.85,1,4.5,0.5
5861,19,10,51,2,7.53,1,1.0,0.5
5862,6,9,51,4,22.99,1,2.0,0.5
5863,20,19,279,5,26.92,1,2.5,0.5
5864,6,17,171,5,23.72,1,2.5,0.5
5865,8,21,194,15,32.04,1,7.5,0.5
5866,1,6,140,1,8.15,1,0.5,0.5
5867,17,19,331,4,20.56,1,2.0,0.5
5868,17,19,362,1,7.83,1,0.5,0.5
5869,15,3,50,6,30.55,1,3.0,0.5
5870,7,21,271,6,30.89,1,3.0,0.5
5871,19,21,341,2,10.07,1,1.0,0.5
5872,3,21,41,3,16.28,1,1.5,0.5
5873,11,17,95,2,6.57,1,1.0,0.5
5874,20,16,145,7,35.32,1,3.5,0.5
5875,19,15,279,7,23.85,1,3.5,0.5
5876,9,21,76,1,3.1,1,0.5,0.5
5877,10,16,17,4,9.4,1,2.0,0.5
5878,2,11,349,2,9.7,1,1.0,0.5
5879,1,17,302,4,19.44,1,2.0,0.5
5880,16,19,295,5,20.69,1,2.5,0.5
5881,18,15,51,3,14.38,1,1.5,0.5
5882,17,19,196,3,8.33,1,1.5,0.5
5883,6,6,37,7,25.03,1,3.5,0.5
5884,14,7,163,2,4.14,1,1.0,0.5
5885,15,20,131,4,20.76,1,2.0,0.5
5886,14,2,345,4,18.16,1,2.0,0.5
5887,3,19,19,14,41.4,1,7.0,0.5
5888,19,19,159,7,20.89,1,3.5,0.5
5889,12,10,99,1,6.42,1,0.5,0.5
5890,2,17,154,2,13.11,1,1.0,0.5
5891,3,13,77,24,53.78,1,12.0,0.5
5892,18,3,2,3,12.87,1,1.5,0.5
5893,1,21,265,1,6.76,1,0.5,0.5
5894,20,11,321,2,12.44,1,1.0,0.5
5895,6,17,23,6,24.5,1,3.0,0.5
5896,5,9,134,6,29.45,1,3.0,0.5
5897,1,15,278,39,110.81,1,19.5,0.5
5898,19,12,308,6,21.28,1,3.0,0.5
5899,1,11,232,9,36.64,1,4.5,0.5
5900,16,19,90,3,12.53,1,1.5,0.5
5901,12,15,364,7,34.73,1,3.5,0.5
5902,8,9,322,3,9.04,1,1.5,0.5
5903,16,21,171,6,18.47,1,3.0,0.5
5904,1,12,178,6,19.54,1,3.0,0.5
5905,4,15,179,17,37.32,1,8.5,0.5
5906,10,11,139,4,11.61,1,2.0,0.5
5907,11,2,155,7,26.72,1,3.5,0.5
5908,17,20,351,2,9.56,1,1.0,0.5
5909,7,17,228,7,26.21,1,3.5,0.5
5910,12,20,38,2,9.25,1,1.0,0.5
5911,7,15,238,2,13.33,1,1.0,0.5
5912,12,15,209,9,39.26,1,4.5,0.5
5913,15,19,88,29,72.32,1,14.5,0.5
5914,2,18,52,6,25.36,1,3.0,0.5
5915,14,14,299,12,41.52,1,6.0,0.5
5916,13,18,28,2,6.68,1,1.0,0.5
5917,4,19,266,2,12.73,1,1.0,0.5
5918,14,15,9,29,80.01,1,14.5,0.5
5919,14,12,254,6,19.23,1,3.0,0.5
5920,16,20,63,5,19.75,1,2.5,0.5
5921,7,9,233,3,8.73,1,1.5,0.5
5922,19,7,35,8,18.03,1,4.0,0.5
5923,2,16,162,3,13.69,1,1.5,0.5
5924,10,21,266,2,10.31,1,1.0,0.5
5925,18,18,344,3,6.91,1,1.5,0.5
5926,17,18,316,2,12.28,1,1.0,0.5
5927,5,11,267,5,14.78,1,2.5,0.5
5928,12,9,289,1,5.24,1,0.5,0.5
5929,6,17,29,7,24.54,1,3.5,0.5
5930,9,17,183,4,16.13,1,2.0,0.5
5931,20,16,116,1,1.39,1,0.5,0.5
5932,1,9,147,8,38.28,1,4.0,0.5
5933,15,21,337,1,5.0,1,0.5,0.5
5934,6,9,237,8,24.01,1,4.0,0.5
5935,19,15,16,7,20.07,1,3.5,0.5
5936,18,12,335,4,12.17,1,2.0,0.5
5937,6,4,62,9,40.07,1,4.5,0.5
5938,13,17,227,5,21.91,1,2.5,0.5
5939,1,21,291,7,34.72,1,3.5,0.5
5940,13,18,207,2,9.8,1,1.0,0.5
5941,7,7,85,2,7.79,1,1.0,0.5
5942,15,17,47,6,18.86,1,3.0,0.5
5943,12,9,305,17,36.21,1,8.5,0.5
5944,1,19,12,2,7.83,1,1.0,0.5
5945,15,21,103,3,10.71,1,1.5,0.5
5946,4,8,97,4,22.19,1,2.0,0.5
5947,13,21,328,4,19.03,1,2.0,0.5
5948,5,16,289,25,52.44,1,12.5,0.5
5949,2,15,211,2,10.59,1,1.0,0.5
5950,1,1,319,3,16.47,1,1.5,0.5
5951,16,16,108,4,18.21,1,2.0,0.5
5952,6,20,26,4,18.26,1,2.0,0.5
5953,16,20,241,1,1.31,1,0.5,0.5
5954,14,19,151,11,29.15,1,5.5,0.5
5955,3,19,153,10,24.37,1,5.0,0.5
5956,15,21,63,11,51.72,1,5.5,0.5
5957,3,18,59,12,38.83,1,6.0,0.5
5958,2,17,221,8,25.63,1,4.0,0.5
5959,1,8,32,5,12.39,1,2.5,0.5
5960,9,20,312,4,18.34,1,2.0,0.5
5961,9,1,338,3,14.93,1,1.5,0.5
5962,7,2,79,5,18.59,1,2.5,0.5
5963,3,15,365,7,27.03,1,3.5,0.5
5964,18,17,47,3,12.4,1,1.5,0.5
5965,11,10,164,2,9.47,1,1.0,0.5
5966,7,9,190,10,38.21,1,5.0,0.5
5967,9,18,6,8,24.72,1,4.0,0.5
5968,1,6,195,9,31.5,1,4.5,0.5
5969,14,5,22,9,19.45,1,4.5,0.5
5970,20,18,143,6,25.56,1,3.0,0.5
5971,6,20,158,3,13.59,1,1.5,0.5
5972,7,15,217,3,14.57,1,1.5,0.5
5973,10,16,344,1,5.29,1,0.5,0.5
5974,7,16,144,6,30.77,1,3.0,0.5
5975,2,9,327,14,43.77,1,7.0,0.5
5976,4,18,163,7,22.87,1,3.5,0.5
5977,17,17,327,1,2.39,1,0.5,0.5
5978,1,5,353,1,8.09,1,0.5,0.5
5979,10,21,153,4,17.01,1,2.0,0.5
5980,19,21,179,9,29.58,1,4.5,0.5
5981,15,16,293,14,48.97,1,7.0,0.5
5982,10,18,341,3,19.08,1,1.5,0.5
5983,19,20,347,11,22.27,1,5.5,0.5
5984,12,16,16,1,2.23,1,0.5,0.5
5985,16,9,149,1,6.99,1,0.5,0.5
5986,9,21,91,5,21.98,1,2.5,0.5
5987,15,1,273,9,25.37,1,4.5,0.5
5988,17,14,154,3,16.5,1,1.5,0.5
5989,14,16,362,3,9.63,1,1.5,0.5
5990,18,1,60,5,15.13,1,2.5,0.5
5991,2,21,33,4,22.42,1,2.0,0.5
5992,4,16,222,3,7.63,1,1.5,0.5
5993,18,13,199,4,20.77,1,2.0,0.5
5994,7,8,313,6,31.14,1,3.0,0.5
5995,13,18,153,2,11.47,1,1.0,0.5
5996,15,17,141,5,14.61,1,2.5,0.5
5997,1,15,141,1,3.04,1,0.5,0.5
5998,11,19,24,1,3.44,1,0.5,0.5
5999,10,13,118,5,18.15,1,2.5,0.5
6000,5,8,226,3,13.51,1,1.5,0.5
6001,16,6,112,15,48.99,1,7.5,0.5
6002,11,18,303,6,27.29,1,3.0,0.5
6003,6,8,297,9,45.57,1,4.5,0.5
6004,9,20,305,5,14.31,1,2.5,0.5
6005,13,20,99,7,20.52,1,3.5,0.5
6006,8,16,117,17,51.66,1,8.5,0.5
6007,14,7,255,6,21.96,1,3.0,0.5
6008,1,16,15,7,20.49,1,3.5,0.5
6009,17,2,172,2,10.71,1,1.0,0.5
6010,5,16,168,3,13.54,1,1.5,0.5
6011,2,20,153,1,6.98,1,0.5,0.5
6012,9,19,77,5,14.32,1,2.5,0.5
6013,4,6,266,14,35.28,1,7.0,0.5
6014,17,1,119,5,26.64,1,2.5,0.5
6015,17,20,235,2,12.88,1,1.0,0.5
6016,18,1,300,11,27.82,1,5.5,0.5
6017,16,9,74,10,29.41,1,5.0,0.5
6018,8,5,279,8,16.85,1,4.0,0.5
6019,11,10,88,1,2.12,1,0.5,0.5
6020,18,14,221,6,21.75,1,3.0,0.5
6021,10,14,162,16,63.31,1,8.0,0.5
6022,13,9,134,14,29.7,1,7.0,0.5
6023,17,16,4,7,18.43,1,3.5,0.5
6024,18,19,118,3,15.67,1,1.5,0.5
6025,10,2,252,2,13.68,1,1.0,0.5
6026,16,3,235,2,10.27,1,1.0,0.5
6027,20,8,147,2,7.11,1,1.0,0.5
6028,5,20,65,1,4.07,1,0.5,0.5
6029,13,17,177,10,36.16,1,5.0,0.5
6030,18,21,74,1,4.68,1,0.5,0.5
6031,17,21,51,2,7.61,1,1.0,0.5
6032,9,16,329,3,11.48,1,1.5,0.5
6033,14,6,66,1,3.06,1,0.5,0.5
6034,17,1,150,6,20.79,1,3.0,0.5
6035,4,16,53,8,26.65,1,4.0,0.5
6036,18,18,169,1,4.08,1,0.5,0.5
6037,20,13,343,5,21.97,1,2.5,0.5
6038,15,19,324,5,25.76,1,2.5,0.5
6039,11,7,46,18,48.2,1,9.0,0.5
6040,12,10,35,1,2.73,1,0.5,0.5
6041,9,17,115,2,8.45,1,1.0,0.5
6042,13,17,58,5,21.65,1,2.5,0.5
6043,15,9,100,19,39.95,1,9.5,0.5
6044,15,9,85,1,8.14,1,0.5,0.5
6045,5,19,306,2,5.65,1,1.0,0.5
6046,19,8,160,10,26.94,1,5.0,0.5
6047,20,16,259,5,16.84,1,2.5,0.5
6048,14,8,54,5,14.78,1,2.5,0.5
6049,17,10,358,6,12.72,1,3.0,0.5
6050,18,3,322,7,27.49,1,3.5,0.5
6051,3,20,287,19,44.95,1,9.5,0.5
6052,2,10,134,2,10.32,1,1.0,0.5
6053,1,17,366,1,6.32,1,0.5,0.5
6054,10,11,255,16,35.29,1,8.0,0.5
6055,19,14,216,9,43.6,1,4.5,0.5
6056,17,21,271,1,1.42,1,0.5,0.5
6057,12,10,125,2,9.21,1,1.0,0.5
6058,1,3,104,8,18.1,1,4.0,0.5
6059,12,5,262,2,12.51,1,1.0,0.5
6060,17,15,59,8,29.43,1,4.0,0.5
6061,3,5,40,20,49.38,1,10.0,0.5
6062,11,13,264,4,13.54,1,2.0,0.5
6063,17,20,200,4,19.72,1,2.0,0.5
6064,3,14,331,1,6.6,1,0.5,0.5
6065,8,1,200,6,17.13,1,3.0,0.5
6066,20,20,248,2,7.42,1,1.0,0.5
6067,4,18,345,6,21.75,1,3.0,0.5
6068,7,21,16,2,13.25,1,1.0,0.5
6069,14,15,208,2,13.87,1,1.0,0.5
6070,14,7,286,4,18.08,1,2.0,0.5
6071,4,4,192,5,13.02,1,2.5,0.5
6072,16,7,231,2,11.99,1,1.0,0.5
6073,1,17,267,4,19.63,1,2.0,0.5
6074,17,15,240,3,14.08,1,1.5,0.5
6075,10,16,39,2,7.27,1,1.0,0.5
6076,16,17,288,5,27.78,1,2.5,0.5
6077,16,15,242,1,2.2,1,0.5,0.5
6078,8,11,362,11,32.42,1,5.5,0.5
6079,7,18,159,8,31.58,1,4.0,0.5
6080,6,17,58,1,6.58,1,0.5,0.5
6081,16,18,249,8,35.35,1,4.0,0.5
6082,20,4,94,9,36.5,1,4.5,0.5
6083,16,17,282,8,20.47,1,4.0,0.5
6084,7,17,121,5,11.63,1,2.5,0.5
6085,9,3,353,1,1.45,1,0.5,0.5
6086,14,19,319,6,30.04,1,3.0,0.5
6087,11,8,277,1,7.89,1,0.5,0.5
6088,14,2,33,10,43.81,1,5.0,0.5
6089,7,8,256,1,8.22,1,0.5,0.5
6090,1,9,234,2,13.4,1,1.0,0.5
6091,13,6,222,10,21.78,1,5.0,0.5
6092,20,7,266,2,10.42,1,1.0,0.5
6093,3,1,148,21,49.7,1,10.5,0.5
6094,20,16,103,16,42.97,1,8.0,0.5
6095,4,17,86,3,9.87,1,1.5,0.5
6096,11,21,79,3,9.41,1,1.5,0.5
6097,2,15,218,1,3.82,1,0.5,0.5
6098,14,19,132,4,16.28,1,2.0,0.5
6099,12,10,313,1,7.14,1,0.5,0.5
6100,17,5,93,5,15.31,1,2.5,0.5
6101,12,6,345,3,12.24,1,1.5,0.5
6102,12,19,53,4,9.44,1,2.0,0.5
6103,1,19,280,9,20.05,1,4.5,0.5
6104,13,16,110,6,25.87,1,3.0,0.5
6105,14,19,180,2,10.61,1,1.0,0.5
6106,2,19,73,3,16.57,1,1.5,0.5
6107,12,7,346,4,21.3,1,2.0,0.5
6108,16,19,142,2,6.46,1,1.0,0.5
6109,4,17,259,1,4.15,1,0.5,0.5
6110,8,19,23,1,5.65,1,0.5,0.5
6111,2,17,142,2,10.89,1,1.0,0.5
6112,10,17,207,2,9.14,1,1.0,0.5
6113,9,10,92,3,9.88,1,1.5,0.5
6114,15,15,88,3,15.27,1,1.5,0.5
6115,13,16,96,5,21.5,1,2.5,0.5
6116,17,18,102,6,20.19,1,3.0,0.5
6117,16,20,79,6,26.89,1,3.0,0.5
6118,2,7,317,1,4.38,1,0.5,0.5
6119,20,9,14,5,27.59,1,2.5,0.5
6120,20,3,315,4,22.95,1,2.0,0.5
6121,14,21,268,1,5.32,1,0.5,0.5
6122,3,15,94,8,30.61,1,4.0,0.5
6123,12,1,31,5,11.85,1,2.5,0.5
6124,8,9,31,15,60.15,1,7.5,0.5
6125,2,17,275,1,0.46,1,0.5,0.5
6126,4,18,325,2,11.31,1,1.0,0.5
6127,14,19,143,7,27.38,1,3.5,0.5
6128,16,16,330,2,10.61,1,1.0,0.5
6129,19,4,260,8,22.28,1,4.0,0.5
6130,2,10,206,1,2.98,1,0.5,0.5
6131,12,19,194,9,30.42,1,4.5,0.5
6132,14,17,158,6,17.88,1,3.0,0.5
6133,6,17,11,2,8.59,1,1.0,0.5
6134,13,12,146,9,20.5,1,4.5,0.5
6135,4,4,280,5,27.32,1,2.5,0.5
6136,18,16,104,21,54.8,1,10.5,0.5
6137,12,18,144,6,29.04,1,3.0,0.5
6138,20,16,336,9,19.8,1,4.5,0.5
6139,19,16,182,2,7.71,1,1.0,0.5
6140,8,15,303,2,8.43,1,1.0,0.5
6141,7,5,283,3,8.06,1,1.5,0.5
6142,16,3,152,1,6.23,1,0.5,0.5
6143,19,18,356,1,7.46,1,0.5,0.5
6144,6,3,268,20,48.62,1,10.0,0.5
6145,20,16,219,6,24.82,1,3.0,0.5
6146,11,19,263,1,6.65,1,0.5,0.5
6147,5,19,105,3,14.0,1,1.5,0.5
6148,16,14,194,1,4.55,1,0.5,0.5
6149,7,8,129,1,3.92,1,0.5,0.5
6150,5,13,310,3,15.81,1,1.5,0.5
6151,11,15,177,10,28.75,1,5.0,0.5
6152,15,19,156,2,7.96,1,1.0,0.5
6153,3,15,228,7,16.83,1,3.5,0.5
6154,5,18,277,2,9.0,1,1.0,0.5
6155,5,11,348,3,13.01,1,1.5,0.5
6156,9,16,280,2,12.48,1,1.0,0.5
6157,15,16,310,9,20.03,1,4.5,0.5
6158,3,15,105,16,43.52,1,8.0,0.5
6159,6,5,281,1,2.34,1,0.5,0.5
6160,17,17,300,2,4.69,1,1.0,0.5
6161,8,13,351,4,19.79,1,2.0,0.5
6162,11,20,356,2,5.39,1,1.0,0.5
6163,6,5,247,3,14.67,1,1.5,0.5
6164,8,21,131,9,25.21,1,4.5,0.5
6165,10,8,78,11,25.26,1,5.5,0.5
6166,3,7,141,6,17.14,1,3.0,0.5
6167,14,19,94,2,10.4,1,1.0,0.5
6168,14,3,170,9,22.98,1,4.5,0.5
6169,10,16,144,7,34.2,1,3.5,0.5
6170,12,7,220,3,16.92,1,1.5,0.5
6171,6,5,184,10,43.6,1,5.0,0.5
6172,12,15,333,10,23.29,1,5.0,0.5
6173,14,20,106,2,8.62,1,1.0,0.5
6174,2,7,153,17,71.57,1,8.5,0.5
6175,9,17,151,5,15.09,1,2.5,0.5
6176,10,16,362,6,25.06,1,3.0,0.5
6177,17,20,283,1,3.36,1,0.5,0.5
6178,17,20,231,10,32.94,1,5.0,0.5
6179,3,13,302,9,25.54,1,4.5,0.5
6180,19,21,196,4,13.48,1,2.0,0.5
6181,1,18,149,5,19.61,1,2.5,0.5
6182,12,9,314,2,13.48,1,1.0,0.5
6183,7,11,25,13,27.25,1,6.5,0.5
6184,4,3,168,7,33.86,1,3.5,0.5
6185,10,16,82,14,51.11,1,7.0,0.5
6186,13,14,352,5,12.38,1,2.5,0.5
6187,2,5,109,2,12.8,1,1.0,0.5
6188,10,17,50,3,13.39,1,1.5,0.5
6189,4,17,31,3,15.87,1,1.5,0.5
6190,18,20,69,4,8.36,1,2.0,0.5
6191,5,12,134,2,8.53,1,1.0,0.5
6192,19,20,111,4,17.11,1,2.0,0.5
6193,2,19,144,1,2.19,1,0.5,0.5
6194,12,11,9,4,18.67,1,2.0,0.5
6195,17,2,208,6,29.68,1,3.0,0.5
6196,10,15,271,12,36.38,1,6.0,0.5
6197,2,18,353,5,18.93,1,2.5,0.5
6198,6,17,4,2,11.89,1,1.0,0.5
6199,8,19,223,7,28.38,1,3.5,0.5
6200,19,7,129,17,59.59,1,8.5,0.5
6201,11,15,360,1,4.82,1,0.5,0.5
6202,12,13,326,6,26.66,1,3.0,0.5
6203,9,4,364,5,19.81,1,2.5,0.5
6204,2,1,241,17,45.1,1,8.5,0.5
6205,8,10,357,7,18.48,1,3.5,0.5
6206,11,6,366,3,13.49,1,1.5,0.5
6207,4,1,119,3,9.48,1,1.5,0.5
6208,10,15,198,4,19.47,1,2.0,0.5
6209,20,6,34,5,12.27,1,2.5,0.5
6210,16,17,317,1,3.64,1,0.5,0.5
6211,8,20,133,5,17.31,1,2.5,0.5
6212,4,1,72,11,29.57,1,5.5,0.5
6213,10,18,296,3,15.95,1,1.5,0.5
6214,12,16,155,2,11.13,1,1.0,0.5
6215,14,15,232,2,7.69,1,1.0,0.5
6216,16,19,56,4,20.99,1,2.0,0.5
6217,18,4,126,1,3.14,1,0.5,0.5
6218,12,3,306,13,49.25,1,6.5,0.5
6219,18,21,366,3,10.68,1,1.5,0.5
6220,7,2,145,12,48.2,1,6.0,0.5
6221,20,18,224,5,23.83,1,2.5,0.5
6222,7,19,149,6,29.41,1,3.0,0.5
6223,9,9,155,2,10.96,1,1.0,0.5
6224,1,20,118,5,15.58,1,2.5,0.5
6225,6,11,328,10,30.65,1,5.0,0.5
6226,6,20,174,4,11.01,1,2.0,0.5
6227,12,17,71,3,8.23,1,1.5,0.5
6228,12,19,44,4,16.9,1,2.0,0.5
6229,10,18,332,3,11.97,1,1.5,0.5
6230,6,18,359,4,22.81,1,2.0,0.5
6231,17,18,94,12,50.15,1,6.0,0.5
6232,19,4,6,4,9.09,1,2.0,0.5
6233,18,19,177,6,24.91,1,3.0,0.5
6234,6,17,338,4,15.47,1,2.0,0.5
6235,19,18,108,13,50.95,1,6.5,0.5
6236,10,18,54,5,17.36,1,2.5,0.5
6237,8,17,94,9,22.32,1,4.5,0.5
6238,6,11,143,2,9.28,1,1.0,0.5
6239,7,11,302,1,8.29,1,0.5,0.5
6240,1,15,279,15,61.36,1,7.5,0.5
6241,18,7,229,3,12.33,1,1.5,0.5
6242,20,13,47,4,20.04,1,2.0,0.5
6243,12,17,104,1,7.78,1,0.5,0.5
6244,16,20,71,2,7.03,1,1.0,0.5
6245,10,6,150,1,7.37,1,0.5,0.5
6246,10,15,48,2,13.4,1,1.0,0.5
6247,14,21,363,10,25.89,1,5.0,0.5
6248,20,21,316,6,17.72,1,3.0,0.5
6249,10,16,112,1,7.45,1,0.5,0.5
6250,10,11,21,2,12.56,1,1.0,0.5
6251,11,21,260,11,27.12,1,5.5,0.5
6252,2,17,103,1,2.54,1,0.5,0.5
6253,20,21,253,7,30.25,1,3.5,0.5
6254,8,20,212,22,99.57,1,11.0,0.5
6255,7,20,227,28,85.05,1,14.0,0.5
6256,8,5,76,22,70.03,1,11.0,0.5
6257,1,18,97,5,26.63,1,2.5,0.5
6258,2,18,308,14,45.18,1,7.0,0.5
6259,18,15,349,15,38.64,1,7.5,0.5
6260,15,19,62,6,16.48,1,3.0,0.5
6261,1,21,366,6,24.17,1,3.0,0.5
6262,5,4,162,2,9.48,1,1.0,0.5
6263,2,9,318,2,4.27,1,1.0,0.5
6264,20,21,46,2,10.53,1,1.0,0.5
6265,3,6,117,4,20.66,1,2.0,0.5
6266,19,21,302,3,15.64,1,1.5,0.5
6267,18,20,124,3,8.21,1,1.5,0.5
6268,18,18,345,4,18.46,1,2.0,0.5
6269,14,12,120,1,8.8,1,0.5,0.5
6270,8,18,83,5,20.4,1,2.5,0.5
6271,12,17,279,8,23.9,1,4.0,0.5
6272,10,21,315,4,16.65,1,2.0,0.5
6273,20,14,22,6,22.68,1,3.0,0.5
6274,17,17,176,2,9.68,1,1.0,0.5
6275,11,20,221,7,15.17,1,3.5,0.5
6276,2,20,161,8,28.51,1,4.0,0.5
6277,4,3,86,6,27.54,1,3.0,0.5
6278,1,13,256,2,11.5,1,1.0,0.5
6279,15,20,300,2,13.31,1,1.0,0.5
6280,13,15,178,12,26.53,1,6.0,0.5
6281,8,7,88,6,18.5,1,3.0,0.5
6282,4,11,41,10,22.68,1,5.0,0.5
6283,10,15,353,9,36.9,1,4.5,0.5
6284,19,13,265,2,5.05,1,1.0,0.5
6285,18,8,351,19,84.35,1,9.5,0.5
6286,5,20,8,5,22.73,1,2.5,0.5
6287,19,19,12,2,5.59,1,1.0,0.5
6288,16,3,208,3,9.28,1,1.5,0.5
6289,1,15,251,1,2.63,1,0.5,0.5
6290,12,16,267,2,7.54,1,1.0,0.5
6291,2,7,284,6,30.94,1,3.0,0.5
6292,8,18,48,3,15.55,1,1.5,0.5
6293,18,17,193,9,45.8,1,4.5,0.5
6294,16,18,366,4,14.08,1,2.0,0.5
6295,5,20,207,8,23.32,1,4.0,0.5
6296,13,16,320,1,4.87,1,0.5,0.5
6297,19,18,139,12,57.57,1,6.0,0.5
6298,3,19,358,22,55.29,1,11.0,0.5
6299,8,17,65,1,3.69,1,0.5,0.5
6300,12,6,56,5,25.41,1,2.5,0.5
6301,2,18,362,2,7.25,1,1.0,0.5
6302,11,18,47,6,29.02,1,3.0,0.5
6303,12,13,31,2,9.22,1,1.0,0.5
6304,18,15,144,3,7.11,1,1.5,0.5
6305,13,11,284,6,23.86,1,3.0,0.5
6306,5,21,214,2,5.4,1,1.0,0.5
6307,12,1,174,9,30.97,1,4.5,0.5
6308,2,11,36,5,25.0,1,2.5,0.5
6309,5,14,356,6,29.84,1,3.0,0.5
6310,7,11,363,2,12.71,1,1.0,0.5
6311,12,20,217,3,17.76,1,1.5,0.5
6312,16,20,110,1,6.97,1,0.5,0.5
6313,8,7,124,7,21.38,1,3.5,0.5
6314,9,19,61,20,87.75,1,10.0,0.5
6315,15,2,82,5,21.1,1,2.5,0.5
6316,5,21,141,1,7.03,1,0.5,0.5
6317,13,15,317,4,18.62,1,2.0,0.5
6318,5,13,256,17,64.71,1,8.5,0.5
6319,11,16,109,8,36.58,1,4.0,0.5
6320,10,20,288,1,4.37,1,0.5,0.5
6321,20,16,349,2,13.88,1,1.0,0.5
6322,13,5,69,4,13.31,1,2.0,0.5
6323,9,3,169,26,72.04,1,13.0,0.5
6324,14,9,346,5,17.21,1,2.5,0.5
6325,18,20,352,4,19.99,1,2.0,0.5
6326,15,20,197,22,54.19,1,11.0,0.5
6327,10,12,310,6,25.97,1,3.0,0.5
6328,7,19,179,10,23.73,1,5.0,0.5
6329,8,16,101,4,14.3,1,2.0,0.5
6330,3,3,104,1,3.86,1,0.5,0.5
6331,15,19,328,1,6.59,1,0.5,0.5
6332,16,8,265,2,5.26,1,1.0,0.5
6333,4,3,253,1,8.85,1,0.5,0.5
6334,6,18,346,2,7.4,1,1.0,0.5
6335,1,21,264,2,11.83,1,1.0,0.5
6336,4,20,194,17,44.26,1,8.5,0.5
6337,11,19,19,5,20.75,1,2.5,0.5
6338,12,21,44,7,22.12,1,3.5,0.5
6339,5,20,194,6,31.3,1,3.0,0.5
6340,16,20,76,9,37.04,1,4.5,0.5
6341,13,19,250,8,37.09,1,4.0,0.5
6342,13,15,64,5,20.93,1,2.5,0.5
6343,17,21,338,1,5.69,1,0.5,0.5
6344,7,1,252,5,18.43,1,2.5,0.5
6345,8,15,363,2,9.13,1,1.0,0.5
6346,13,18,317,23,56.69,1,11.5,0.5
6347,16,17,263,4,17.47,1,2.0,0.5
6348,4,19,10,10,34.34,1,5.0,0.5
6349,8,19,269,3,11.77,1,1.5,0.5
6350,16,14,206,2,4.98,1,1.0,0.5
6351,10,15,160,1,6.86,1,0.5,0.5
6352,12,19,310,1,2.03,1,0.5,0.5
6353,12,10,133,2,7.29,1,1.0,0.5
6354,5,3,340,2,7.8,1,1.0,0.5
6355,16,19,289,4,10.37,1,2.0,0.5
6356,1,17,319,1,5.87,1,0.5,0.5
6357,9,18,58,3,12.11,1,1.5,0.5
6358,12,16,87,2,11.75,1,1.0,0.5
6359,5,18,352,1,2.24,1,0.5,0.5
6360,20,14,173,2,12.43,1,1.0,0.5
6361,3,21,180,11,24.9,1,5.5,0.5
6362,5,16,176,9,22.6,1,4.5,0.5
6363,2,16,52,1,5.16,1,0.5,0.5
6364,14,9,225,9,27.82,1,4.5,0.5
6365,2,1,167,7,35.75,1,3.5,0.5
6366,13,18,156,1,3.79,1,0.5,0.5
6367,7,19,265,5,18.57,1,2.5,0.5
6368,10,20,126,8,30.33,1,4.0,0.5
6369,13,21,158,8,22.57,1,4.0,0.5
6370,16,2,74,8,31.17,1,4.0,0.5
6371,14,16,76,5,20.02,1,2.5,0.5
6372,11,20,182,4,20.49,1,2.0,0.5
6373,10,10,2,1,2.64,1,0.5,0.5
6374,6,6,44,1,5.4,1,0.5,0.5
6375,4,12,109,3,9.13,1,1.5,0.5
6376,1,1,354,20,44.52,1,10.0,0.5
6377,7,6,25,3,11.47,1,1.5,0.5
6378,9,20,251,4,10.65,1,2.0,0.5
6379,8,16,322,11,40.4,1,5.5,0.5
6380,5,20,19,8,21.76,1,4.0,0.5
6381,19,2,360,5,14.37,1,2.5,0.5
6382,10,1,297,14,41.69,1,7.0,0.5
6383,11,9,245,2,10.33,1,1.0,0.5
6384,15,2,272,4,22.66,1,2.0,0.5
6385,6,15,139,2,11.07,1,1.0,0.5
6386,15,16,317,3,12.25,1,1.5,0.5
6387,5,14,60,16,39.93,1,8.0,0.5
6388,19,15,316,5,18.88,1,2.5,0.5
6389,19,16,171,5,25.63,1,2.5,0.5
6390,10,21,363,2,5.36,1,1.0,0.5
6391,12,21,209,8,18.0,1,4.0,0.5
6392,4,12,25,6,17.65,1,3.0,0.5
6393,18,7,10,3,13.14,1,1.5,0.5
6394,16,4,361,6,28.13,1,3.0,0.5
6395,8,11,364,4,11.19,1,2.0,0.5
6396,4,20,143,1,3.72,1,0.5,0.5
6397,12,21,127,2,11.27,1,1.0,0.5
6398,2,10,253,1,3.95,1,0.5,0.5
6399,4,19,202,1,2.45,1,0.5,0.5
6400,5,2,256,12,26.64,1,6.0,0.5
6401,3,18,18,3,17.9,1,1.5,0.5
6402,9,21,15,8,20.45,1,4.0,0.5
6403,18,18,10,3,17.24,1,1.5,0.5
6404,11,9,358,5,25.04,1,2.5,0.5
6405,3,21,60,6,12.98,1,3.0,0.5
6406,2,12,188,5,14.98,1,2.5,0.5
6407,9,3,333,1,5.91,1,0.5,0.5
6408,14,20,266,14,32.54,1,7.0,0.5
6409,4,20,70,6,18.57,1,3.0,0.5
6410,9,5,284,9,40.39,1,4.5,0.5
6411,13,8,50,6,17.53,1,3.0,0.5
6412,18,20,26,2,10.99,1,1.0,0.5
6413,15,7,121,1,3.06,1,0.5,0.5
6414,10,15,73,3,7.0,1,1.5,0.5
6415,16,16,125,4,22.59,1,2.0,0.5
6416,12,21,180,12,27.51,1,6.0,0.5
6417,20,4,258,13,29.85,1,6.5,0.5
6418,5,3,329,3,8.69,1,1.5,0.5
6419,2,11,76,15,53.08,1,7.5,0.5
6420,10,13,47,7,16.92,1,3.5,0.5
6421,1,15,166,20,55.35,1,10.0,0.5
6422,7,20,11,3,13.22,1,1.5,0.5
6423,17,11,235,6,17.24,1,3.0,0.5
6424,16,6,117,2,10.72,1,1.0,0.5
6425,3,20,89,3,17.35,1,1.5,0.5
6426,14,18,223,8,18.55,1,4.0,0.5
6427,10,19,269,5,21.25,1,2.5,0.5
6428,7,15,308,1,3.28,1,0.5,0.5
6429,17,21,48,3,12.77,1,1.5,0.5
6430,6,10,299,15,55.42,1,7.5,0.5
6431,4,11,357,10,53.67,1,5.0,0.5
6432,17,20,85,12,53.43,1,6.0,0.5
6433,9,16,297,9,19.03,1,4.5,0.5
6434,4,20,155,5,11.42,1,2.5,0.5
6435,7,18,206,5,23.16,1,2.5,0.5
6436,2,8,314,8,29.68,1,4.0,0.5
6437,17,2,244,9,37.07,1,4.5,0.5
6438,8,16,270,16,41.55,1,8.0,0.5
6439,15,20,34,17,43.9,1,8.5,0.5
6440,15,12,192,1,3.97,1,0.5,0.5
6441,8,9,64,2,8.7,1,1.0,0.5
6442,16,18,353,6,22.65,1,3.0,0.5
6443,19,11,14,1,5.65,1,0.5,0.5
6444,11,15,78,2,10.74,1,1.0,0.5
6445,2,19,48,7,20.15,1,3.5,0.5
6446,17,19,77,3,6.5,1,1.5,0.5
6447,16,15,147,8,27.59,1,4.0,0.5
6448,15,4,242,11,37.19,1,5.5,0.5
6449,13,17,135,2,6.36,1,1.0,0.5
6450,15,21,137,6,20.16,1,3.0,0.5
6451,4,18,276,3,10.19,1,1.5,0.5
6452,16,5,60,9,43.43,1,4.5,0.5
6453,12,3,202,3,9.44,1,1.5,0.5
6454,4,20,302,2,8.37,1,1.0,0.5
6455,3,4,152,1,5.76,1,0.5,0.5
6456,17,18,69,1,2.5,1,0.5,0.5
6457,18,5,353,4,18.26,1,2.0,0.5
6458,18,18,280,6,24.83,1,3.0,0.5
6459,17,14,11,3,14.53,1,1.5,0.5
6460,12,17,234,2,5.9,1,1.0,0.5
6461,4,21,251,3,16.81,1,1.5,0.5
6462,12,20,73,11,44.36,1,5.5,0.5
6463,20,7,224,4,16.99,1,2.0,0.5
6464,15,15,283,7,19.9,1,3.5,0.5
6465,16,9,246,6,29.55,1,3.0,0.5
6466,5,10,333,1,4.85,1,0.5,0.5
6467,15,19,189,19,47.33,1,9.5,0.5
6468,17,11,305,6,19.23,1,3.0,0.5
6469,18,21,96,4,20.54,1,2.0,0.5
6470,5,8,134,1,5.89,1,0.5,0.5
6471,13,15,50,3,10.04,1,1.5,0.5
6472,19,16,280,6,23.72,1,3.0,0.5
6473,13,11,146,1,4.96,1,0.5,0.5
6474,18,17,239,8,25.87,1,4.0,0.5
6475,14,18,137,14,33.31,1,7.0,0.5
6476,4,7,322,4,10.33,1,2.0,0.5
6477,4,21,347,14,37.18,1,7.0,0.5
6478,20,21,334,10,29.39,1,5.0,0.5
6479,20,20,257,2,5.48,1,1.0,0.5
6480,19,1,266,2,13.6,1,1.0,0.5
6481,13,5,83,3,14.26,1,1.5,0.5
6482,12,2,354,12,32.86,1,6.0,0.5
6483,7,21,92,9,22.04,1,4.5,0.5
6484,12,1,58,8,28.02,1,4.0,0.5
6485,4,16,66,4,17.34,1,2.0,0.5
6486,2,20,59,4,21.2,1,2.0,0.5
6487,2,2,249,4,18.75,1,2.0,0.5
6488,5,16,270,6,17.08,1,3.0,0.5
6489,10,12,300,5,19.36,1,2.5,0.5
6490,10,17,317,7,20.52,1,3.5,0.5
6491,9,21,172,8,17.53,1,4.0,0.5
6492,13,12,89,3,13.9,1,1.5,0.5
6493,7,17,272,7,22.06,1,3.5,0.5
6494,5,9,240,2,13.92,1,1.0,0.5
6495,10,19,74,2,9.79,1,1.0,0.5
6496,10,17,348,1,0.62,1,0.5,0.5
6497,6,8,203,4,18.74,1,2.0,0.5
6498,19,9,235,5,13.2,1,2.5,0.5
6499,8,16,237,6,29.49,1,3.0,0.5
6500,1,20,68,4,21.99,1,2.0,0.5
6501,17,21,1,3,15.16,1,1.5,0.5
6502,7,21,112,3,17.26,1,1.5,0.5
6503,14,18,142,4,13.81,1,2.0,0.5
6504,17,14,332,1,1.44,1,0.5,0.5
6505,9,20,184,2,11.68,1,1.0,0.5
6506,17,20,269,2,5.65,1,1.0,0.5
6507,5,11,270,5,25.84,1,2.5,0.5
6508,20,17,322,3,13.9,1,1.5,0.5
6509,8,10,348,7,21.12,1,3.5,0.5
6510,6,15,304,3,7.79,1,1.5,0.5
6511,11,16,323,6,29.49,1,3.0,0.5
6512,19,16,87,2,6.65,1,1.0,0.5
6513,4,20,304,5,12.59,1,2.5,0.5
6514,18,18,138,1,3.79,1,0.5,0.5
6515,1,17,88,1,5.13,1,0.5,0.5
6516,13,12,51,8,30.23,1,4.0,0.5
6517,14,21,89,3,8.56,1,1.5,0.5
6518,1,18,165,1,0.86,1,0.5,0.5
6519,11,15,166,8,24.84,1,4.0,0.5
6520,17,20,34,1,2.36,1,0.5,0.5
6521,4,12,198,9,21.92,1,4.5,0.5
6522,12,10,136,1,1.87,1,0.5,0.5
6523,10,17,14,5,17.28,1,2.5,0.5
6524,6,21,183,7,34.05,1,3.5,0.5
6525,1,20,155,3,12.93,1,1.5,0.5
6526,7,10,36,3,11.89,1,1.5,0.5
6527,16,21,353,9,43.24,1,4.5,0.5
6528,14,12,20,1,3.83,1,0.5,0.5
6529,20,15,215,5,25.96,1,2.5,0.5
6530,20,17,179,4,8.89,1,2.0,0.5
6531,6,18,18,1,4.69,1,0.5,0.5
6532,5,10,199,5,21.97,1,2.5,0.5
6533,18,5,73,20,44.41,1,10.0,0.5
6534,15,21,152,1,1.64,1,0.5,0.5
6535,6,21,236,5,24.14,1,2.5,0.5
6536,19,9,194,4,15.04,1,2.0,0.5
6537,1,19,306,9,39.61,1,4.5,0.5
6538,1,4,47,18,80.81,1,9.0,0.5
6539,13,13,297,6,30.21,1,3.0,0.5
6540,3,9,197,15,38.39,1,7.5,0.5
6541,10,6,314,1,3.82,1,0.5,0.5
6542,3,15,62,1,6.22,1,0.5,0.5
6543,9,16,323,3,8.24,1,1.5,0.5
6544,8,9,332,3,12.53,1,1.5,0.5
6545,3,21,78,13,32.55,1,6.5,0.5
6546,13,7,149,1,6.76,1,0.5,0.5
6547,6,21,15,3,11.88,1,1.5,0.5
6548,13,9,39,7,33.0,1,3.5,0.5
6549,20,20,6,5,18.07,1,2.5,0.5
6550,20,19,191,15,48.18,1,7.5,0.5
6551,12,4,49,5,16.24,1,2.5,0.5
6552,13,20,61,2,12.91,1,1.0,0.5
6553,2,20,154,17,38.39,1,8.5,0.5
6554,16,21,39,5,15.36,1,2.5,0.5
6555,6,2,138,5,14.48,1,2.5,0.5
6556,19,18,251,3,16.22,1,1.5,0.5
6557,13,14,329,1,6.22,1,0.5,0.5
6558,17,4,320,3,13.13,1,1.5,0.5
6559,9,5,216,11,29.52,1,5.5,0.5
6560,17,21,87,6,24.01,1,3.0,0.5
6561,2,15,347,3,7.93,1,1.5,0.5
6562,19,4,217,4,10.32,1,2.0,0.5
6563,19,18,264,11,39.1,1,5.5,0.5
6564,7,11,218,3,7.01,1,1.5,0.5
6565,10,20,246,5,21.44,1,2.5,0.5
6566,10,16,72,7,25.29,1,3.5,0.5
6567,20,17,275,3,12.95,1,1.5,0.5
6568,9,9,35,2,10.48,1,1.0,0.5
6569,17,11,334,13,34.44,1,6.5,0.5
6570,15,19,192,4,17.59,1,2.0,0.5
6571,2,20,259,2,12.84,1,1.0,0.5
6572,4,15,309,2,7.97,1,1.0,0.5
6573,19,2,327,4,20.3,1,2.0,0.5
6574,17,16,245,2,4.43,1,1.0,0.5
6575,5,21,169,4,16.6,1,2.0,0.5
6576,7,20,359,6,21.22,1,3.0,0.5
6577,18,12,275,5,22.76,1,2.5,0.5
6578,7,20,296,11,41.22,1,5.5,0.5
6579,17,15,102,1,1.71,1,0.5,0.5
6580,7,16,208,3,13.59,1,1.5,0.5
6581,4,17,334,2,10.46,1,1.0,0.5
6582,8,5,101,8,30.29,1,4.0,0.5
6583,13,4,303,5,26.51,1,2.5,0.5
6584,4,5,157,1,1.55,1,0.5,0.5
6585,6,20,186,4,10.23,1,2.0,0.5
6586,5,6,78,2,6.19,1,1.0,0.5
6587,12,8,126,7,30.09,1,3.5,0.5
6588,4,14,172,2,11.55,1,1.0,0.5
6589,9,15,293,4,19.94,1,2.0,0.5
6590,4,11,103,4,14.87,1,2.0,0.5
6591,19,20,51,3,9.99,1,1.5,0.5
6592,14,19,57,4,11.88,1,2.0,0.5
6593,5,13,82,2,7.58,1,1.0,0.5
6594,18,21,85,1,5.07,1,0.5,0.5
6595,10,21,269,1,3.94,1,0.5,0.5
6596,19,16,60,4,18.24,1,2.0,0.5
6597,12,6,56,5,24.05,1,2.5,0.5
6598,18,6,63,7,24.27,1,3.5,0.5
6599,17,19,358,22,46.07,1,11.0,0.5
6600,11,9,277,1,2.56,1,0.5,0.5
6601,3,12,198,10,23.34,1,5.0,0.5
6602,17,19,7,4,14.31,1,2.0,0.5
6603,1,2,247,1,8.97,1,0.5,0.5
6604,15,17,42,2,6.57,1,1.0,0.5
6605,9,15,293,9,33.76,1,4.5,0.5
6606,15,9,236,3,11.34,1,1.5,0.5
6607,3,15,114,3,18.47,1,1.5,0.5
6608,19,18,99,5,16.49,1,2.5,0.5
6609,13,20,60,2,13.4,1,1.0,0.5
6610,12,15,135,4,21.02,1,2.0,0.5
6611,20,2,218,6,18.8,1,3.0,0.5
6612,1,17,261,4,22.45,1,2.0,0.5
6613,17,19,334,3,17.36,1,1.5,0.5
6614,13,16,288,4,11.03,1,2.0,0.5
6615,1,20,220,1,6.53,1,0.5,0.5
6616,10,13,60,1,6.66,1,0.5,0.5
6617,15,18,279,1,3.53,1,0.5,0.5
6618,7,16,317,5,15.04,1,2.5,0.5
6619,18,20,259,2,6.21,1,1.0,0.5
6620,16,20,267,7,26.43,1,3.5,0.5
6621,14,6,246,1,6.22,1,0.5,0.5
6622,18,20,335,4,21.62,1,2.0,0.5
6623,7,9,72,4,14.3,1,2.0,0.5
6624,17,10,70,5,22.9,1,2.5,0.5
6625,18,10,286,9,21.62,1,4.5,0.5
6626,12,21,138,4,17.74,1,2.0,0.5
6627,8,7,158,5,20.07,1,2.5,0.5
6628,2,12,23,5,20.38,1,2.5,0.5
6629,7,21,147,16,40.11,1,8.0,0.5
6630,4,19,72,1,6.35,1,0.5,0.5
6631,18,18,319,4,15.03,1,2.0,0.5
6632,6,21,346,7,18.81,1,3.5,0.5
6633,9,9,240,6,25.83,1,3.0,0.5
6634,9,16,132,1,5.4,1,0.5,0.5
6635,14,15,82,3,14.9,1,1.5,0.5
6636,8,19,145,4,13.46,1,2.0,0.5
6637,19,11,255,13,41.67,1,6.5,0.5
6638,3,15,20,3,14.98,1,1.5,0.5
6639,18,17,350,4,23.0,1,2.0,0.5
6640,5,10,152,4,15.46,1,2.0,0.5
6641,14,18,95,19,72.54,1,9.5,0.5
6642,4,18,324,4,17.57,1,2.0,0.5
6643,7,15,349,2,9.89,1,1.0,0.5
6644,20,11,247,5,13.65,1,2.5,0.5
6645,12,7,307,1,3.02,1,0.5,0.5
6646,2,7,281,28,71.03,1,14.0,0.5
6647,11,12,186,5,12.93,1,2.5,0.5
6648,14,18,336,1,1.79,1,0.5,0.5
6649,16,6,311,1,6.02,1,0.5,0.5
6650,20,15,96,3,12.99,1,1.5,0.5
6651,6,17,26,12,29.98,1,6.0,0.5
6652,4,18,333,2,10.76,1,1.0,0.5
6653,15,21,252,2,7.57,1,1.0,0.5
6654,1,15,45,3,12.72,1,1.5,0.5
6655,7,11,207,11,24.45,1,5.5,0.5
6656,12,17,22,2,11.2,1,1.0,0.5
6657,10,1,106,8,21.23,1,4.0,0.5
6658,5,8,155,4,15.47,1,2.0,0.5
6659,12,3,266,1,3.0,1,0.5,0.5
6660,18,18,308,1,7.09,1,0.5,0.5
6661,10,20,191,3,13.98,1,1.5,0.5
6662,6,18,108,3,15.23,1,1.5,0.5
6663,12,20,41,1,4.29,1,0.5,0.5
6664,7,7,322,8,22.38,1,4.0,0.5
6665,18,15,92,6,28.74,1,3.0,0.5
6666,2,12,3,8,19.18,1,4.0,0.5
6667,10,6,189,2,10.23,1,1.0,0.5
6668,15,20,260,5,12.99,1,2.5,0.5
6669,12,8,123,6,28.32,1,3.0,0.5
6670,17,8,89,1,0.76,1,0.5,0.5
6671,4,17,333,2,7.47,1,1.0,0.5
6672,7,17,218,1,4.64,1,0.5,0.5
6673,9,4,119,7,27.76,1,3.5,0.5
6674,19,12,300,1,8.99,1,0.5,0.5
6675,7,3,48,17,35.43,1,8.5,0.5
6676,2,19,254,6,30.38,1,3.0,0.5
6677,6,18,219,2,9.53,1,1.0,0.5
6678,18,3,126,3,11.28,1,1.5,0.5
6679,6,6,58,15,50.32,1,7.5,0.5
6680,13,15,6,7,21.64,1,3.5,0.5
6681,19,21,346,2,6.69,1,1.0,0.5
6682,2,16,257,6,12.97,1,3.0,0.5
6683,12,16,28,5,18.02,1,2.5,0.5
6684,15,20,86,1,1.66,1,0.5,0.5
6685,14,11,301,1,4.03,1,0.5,0.5
6686,6,16,150,11,23.45,1,5.5,0.5
6687,18,18,68,7,35.25,1,3.5,0.5
6688,5,7,156,3,13.71,1,1.5,0.5
6689,18,19,257,14,54.53,1,7.0,0.5
6690,3,13,23,3,14.61,1,1.5,0.5
6691,3,1,198,2,4.69,1,1.0,0.5
6692,10,15,305,6,28.0,1,3.0,0.5
6693,19,18,112,1,2.45,1,0.5,0.5
6694,3,21,258,6,24.28,1,3.0,0.5
6695,12,17,156,5,21.49,1,2.5,0.5
6696,16,11,90,10,31.17,1,5.0,0.5
6697,17,18,222,4,15.39,1,2.0,0.5
6698,7,3,322,4,14.9,1,2.0,0.5
6699,13,12,280,3,13.72,1,1.5,0.5
6700,2,15,184,10,34.6,1,5.0,0.5
6701,4,15,256,12,28.8,1,6.0,0.5
6702,10,17,142,14,48.53,1,7.0,0.5
6703,7,16,150,6,20.73,1,3.0,0.5
6704,17,1,25,7,33.0,1,3.5,0.5
6705,20,14,122,6,15.87,1,3.0,0.5
6706,6,1,284,26,67.68,1,13.0,0.5
6707,19,19,108,1,2.81,1,0.5,0.5
6708,5,16,308,2,12.33,1,1.0,0.5
6709,10,19,185,6,15.24,1,3.0,0.5
6710,9,9,18,2,6.77,1,1.0,0.5
6711,13,14,141,4,14.4,1,2.0,0.5
6712,19,19,124,8,22.71,1,4.0,0.5
6713,6,4,98,1,6.18,1,0.5,0.5
6714,4,19,221,6,15.58,1,3.0,0.5
6715,3,6,29,2,11.36,1,1.0,0.5
6716,3,10,311,1,3.96,1,0.5,0.5
6717,4,7,68,1,3.96,1,0.5,0.5
6718,5,8,364,3,11.76,1,1.5,0.5
6719,8,15,244,3,11.44,1,1.5,0.5
6720,16,17,257,6,25.11,1,3.0,0.5
6721,3,2,27,4,18.32,1,2.0,0.5
6722,12,16,144,4,8.91,1,2.0,0.5
6723,8,4,34,9,34.14,1,4.5,0.5
6724,13,9,167,4,11.57,1,2.0,0.5
6725,4,6,280,5,19.71,1,2.5,0.5
6726,14,18,104,23,73.17,1,11.5,0.5
6727,14,6,28,4,13.14,1,2.0,0.5
6728,13,6,31,5,25.63,1,2.5,0.5
6729,6,18,220,1,3.25,1,0.5,0.5
6730,17,20,298,6,18.4,1,3.0,0.5
6731,4,9,357,5,21.97,1,2.5,0.5
6732,8,21,262,3,16.38,1,1.5,0.5
6733,17,7,133,3,15.4,1,1.5,0.5
6734,3,12,129,4,22.75,1,2.0,0.5
6735,17,18,167,9,23.13,1,4.5,0.5
6736,9,6,106,11,39.62,1,5.5,0.5
6737,2,15,7,3,18.34,1,1.5,0.5
6738,13,19,222,7,30.18,1,3.5,0.5
6739,20,19,363,3,13.76,1,1.5,0.5
6740,2,17,261,3,13.72,1,1.5,0.5
6741,20,12,36,7,27.19,1,3.5,0.5
6742,11,7,224,6,27.23,1,3.0,0.5
6743,15,15,280,15,52.92,1,7.5,0.5
6744,11,16,147,11,44.94,1,5.5,0.5
6745,3,15,231,12,35.11,1,6.0,0.5
6746,3,14,83,6,23.41,1,3.0,0.5
6747,12,16,230,1,4.06,1,0.5,0.5
6748,5,14,125,3,18.75,1,1.5,0.5
6749,20,13,176,2,6.29,1,1.0,0.5
6750,7,15,213,4,8.36,1,2.0,0.5
6751,7,1,193,1,2.42,1,0.5,0.5
6752,13,20,139,7,28.76,1,3.5,0.5
6753,9,9,313,2,12.71,1,1.0,0.5
6754,13,15,72,3,14.77,1,1.5,0.5
6755,12,16,24,4,18.04,1,2.0,0.5
6756,13,14,186,1,8.26,1,0.5,0.5
6757,10,6,313,6,29.0,1,3.0,0.5
6758,1,18,1,4,18.15,1,2.0,0.5
6759,8,18,316,4,13.55,1,2.0,0.5
6760,16,10,54,7,22.88,1,3.5,0.5
6761,13,17,8,5,24.94,1,2.5,0.5
6762,3,16,99,2,10.68,1,1.0,0.5
6763,3,19,66,9,36.8,1,4.5,0.5
6764,5,16,169,4,9.51,1,2.0,0.5
6765,11,20,62,6,22.33,1,3.0,0.5
6766,7,16,259,1,5.38,1,0.5,0.5
6767,10,14,6,9,28.42,1,4.5,0.5
6768,10,21,28,2,8.76,1,1.0,0.5
6769,20,15,242,3,15.11,1,1.5,0.5
6770,2,6,337,8,40.57,1,4.0,0.5
6771,3,3,254,7,24.94,1,3.5,0.5
6772,8,17,193,1,6.83,1,0.5,0.5
6773,11,21,38,2,10.05,1,1.0,0.5
6774,13,2,53,1,6.11,1,0.5,0.5
6775,7,20,284,10,28.99,1,5.0,0.5
6776,13,16,257,5,20.52,1,2.5,0.5
6777,2,19,35,20,55.98,1,10.0,0.5
6778,6,20,59,4,19.02,1,2.0,0.5
6779,9,5,120,14,53.58,1,7.0,0.5
6780,20,6,29,11,29.15,1,5.5,0.5
6781,2,20,366,3,12.79,1,1.5,0.5
6782,18,20,79,7,22.41,1,3.5,0.5
6783,16,20,222,10,21.9,1,5.0,0.5
6784,12,18,95,10,31.48,1,5.0,0.5
6785,7,12,293,3,8.1,1,1.5,0.5
6786,7,15,279,4,13.52,1,2.0,0.5
6787,17,16,167,14,34.39,1,7.0,0.5
6788,13,7,352,9,19.67,1,4.5,0.5
6789,11,16,241,8,19.17,1,4.0,0.5
6790,6,3,157,2,7.31,1,1.0,0.5
6791,14,1,180,6,20.73,1,3.0,0.5
6792,6,15,207,4,22.97,1,2.0,0.5
6793,6,18,221,2,5.17,1,1.0,0.5
6794,2,14,252,5,16.01,1,2.5,0.5
6795,20,19,177,5,27.09,1,2.5,0.5
6796,15,17,158,28,59.41,1,14.0,0.5
6797,17,17,15,17,76.4,1,8.5,0.5
6798,8,21,220,12,37.83,1,6.0,0.5
6799,5,18,204,4,19.71,1,2.0,0.5
6800,17,7,185,7,19.29,1,3.5,0.5
6801,20,10,84,6,28.63,1,3.0,0.5
6802,1,18,29,3,6.39,1,1.5,0.5
6803,18,1,65,11,31.34,1,5.5,0.5
6804,15,20,166,2,4.02,1,1.0,0.5
6805,5,19,191,5,25.09,1,2.5,0.5
6806,7,17,347,3,10.5,1,1.5,0.5
6807,18,11,188,1,6.92,1,0.5,0.5
6808,6,6,90,9,33.01,1,4.5,0.5
6809,5,5,32,11,54.73,1,5.5,0.5
6810,19,16,310,6,18.66,1,3.0,0.5
6811,10,19,234,9,23.23,1,4.5,0.5
6812,15,19,300,6,22.42,1,3.0,0.5
6813,10,10,72,3,11.52,1,1.5,0.5
6814,16,16,52,2,11.26,1,1.0,0.5
6815,12,20,171,18,42.24,1,9.0,0.5
6816,18,9,254,2,8.55,1,1.0,0.5
6817,1,11,152,5,22.59,1,2.5,0.5
6818,16,21,263,1,7.93,1,0.5,0.5
6819,6,20,297,10,35.82,1,5.0,0.5
6820,3,17,11,1,5.32,1,0.5,0.5
6821,2,17,179,7,28.12,1,3.5,0.5
6822,2,6,132,6,16.24,1,3.0,0.5
6823,13,14,271,19,40.2,1,9.5,0.5
6824,9,14,224,5,21.93,1,2.5,0.5
6825,16,20,206,2,7.36,1,1.0,0.5
6826,5,18,208,7,28.75,1,3.5,0.5
6827,7,19,242,16,35.16,1,8.0,0.5
6828,13,17,185,3,12.88,1,1.5,0.5
6829,20,17,252,7,14.94,1,3.5,0.5
6830,13,18,212,2,11.37,1,1.0,0.5
6831,7,1,164,2,8.33,1,1.0,0.5
6832,10,15,137,2,8.92,1,1.0,0.5
6833,15,6,93,17,86.46,1,8.5,0.5
6834,6,10,327,3,12.87,1,1.5,0.5
6835,5,21,248,18,64.03,1,9.0,0.5
6836,2,20,364,5,12.37,1,2.5,0.5
6837,15,21,81,4,18.48,1,2.0,0.5
6838,16,11,366,14,34.67,1,7.0,0.5
6839,19,15,246,6,14.78,1,3.0,0.5
6840,9,14,267,7,18.45,1,3.5,0.5
6841,19,4,223,9,23.12,1,4.5,0.5
6842,7,9,350,2,10.27,1,1.0,0.5
6843,4,20,356,1,1.73,1,0.5,0.5
6844,3,2,272,4,13.15,1,2.0,0.5
6845,20,16,270,4,15.33,1,2.0,0.5
6846,11,15,120,3,16.52,1,1.5,0.5
6847,1,18,79,5,17.4,1,2.5,0.5
6848,6,9,45,1,4.43,1,0.5,0.5
6849,11,12,235,1,0.78,1,0.5,0.5
6850,1,15,36,4,15.77,1,2.0,0.5
6851,7,21,245,5,22.64,1,2.5,0.5
6852,6,11,300,10,24.84,1,5.0,0.5
6853,14,9,149,12,28.37,1,6.0,0.5
6854,2,21,128,20,53.86,1,10.0,0.5
6855,4,20,120,1,8.51,1,0.5,0.5
6856,11,1,74,2,12.63,1,1.0,0.5
6857,15,20,12,7,30.65,1,3.5,0.5
6858,18,8,200,1,4.14,1,0.5,0.5
6859,1,21,262,6,29.23,1,3.0,0.5
6860,3,12,282,15,37.1,1,7.5,0.5
6861,3,16,306,1,7.22,1,0.5,0.5
6862,7,17,225,1,5.86,1,0.5,0.5
6863,1,16,248,3,12.42,1,1.5,0.5
6864,11,18,131,2,6.22,1,1.0,0.5
6865,6,2,71,1,0.97,1,0.5,0.5
6866,20,17,91,7,22.16,1,3.5,0.5
6867,3,16,49,7,27.51,1,3.5,0.5
6868,19,19,57,3,10.15,1,1.5,0.5
6869,2,10,18,6,24.6,1,3.0,0.5
6870,18,16,62,1,6.37,1,0.5,0.5
6871,12,15,48,1,3.9,1,0.5,0.5
6872,10,17,228,4,12.24,1,2.0,0.5
6873,5,17,27,10,27.28,1,5.0,0.5
6874,9,17,137,2,8.48,1,1.0,0.5
6875,2,16,328,1,0.99,1,0.5,0.5
6876,2,4,10,7,22.45,1,3.5,0.5
6877,6,20,301,13,33.2,1,6.5,0.5
6878,10,7,136,6,20.55,1,3.0,0.5
6879,18,17,189,1,2.73,1,0.5,0.5
6880,12,17,314,4,19.96,1,2.0,0.5
6881,4,17,147,4,12.84,1,2.0,0.5
6882,17,2,106,8,39.44,1,4.0,0.5
6883,15,14,110,8,25.31,1,4.0,0.5
6884,6,6,219,12,32.72,1,6.0,0.5
6885,16,19,249,5,25.18,1,2.5,0.5
6886,17,16,178,3,13.2,1,1.5,0.5
6887,3,15,311,8,37.49,1,4.0,0.5
6888,10,12,358,13,36.12,1,6.5,0.5
6889,5,13,111,1,2.01,1,0.5,0.5
6890,14,15,187,2,8.59,1,1.0,0.5
6891,13,14,3,2,7.94,1,1.0,0.5
6892,6,13,277,16,38.4,1,8.0,0.5
6893,12,16,20,5,18.17,1,2.5,0.5
6894,8,16,1,1,4.0,1,0.5,0.5
6895,5,16,55,2,7.66,1,1.0,0.5
6896,15,7,164,4,15.9,1,2.0,0.5
6897,16,19,218,1,5.29,1,0.5,0.5
6898,1,19,181,1,2.82,1,0.5,0.5
6899,16,12,154,9,37.2,1,4.5,0.5
6900,5,6,119,9,46.51,1,4.5,0.5
6901,3,17,121,9,33.46,1,4.5,0.5
6902,20,19,212,6,25.91,1,3.0,0.5
6903,15,18,259,5,16.17,1,2.5,0.5
6904,13,15,297,1,6.76,1,0.5,0.5
6905,16,15,170,6,19.93,1,3.0,0.5
6906,11,10,193,1,3.34,1,0.5,0.5
6907,2,18,156,1,2.71,1,0.5,0.5
6908,6,12,116,5,13.87,1,2.5,0.5
6909,6,20,223,8,26.49,1,4.0,0.5
6910,14,5,174,9,38.0,1,4.5,0.5
6911,11,14,231,3,15.72,1,1.5,0.5
6912,8,17,175,1,5.1,1,0.5,0.5
6913,8,1,359,6,21.69,1,3.0,0.5
6914,1,19,121,4,17.74,1,2.0,0.5
6915,7,18,344,7,17.28,1,3.5,0.5
6916,6,9,366,3,19.79,1,1.5,0.5
6917,8,9,35,5,13.23,1,2.5,0.5
6918,19,9,164,3,13.56,1,1.5,0.5
6919,20,20,317,3,16.11,1,1.5,0.5
6920,8,11,79,9,23.74,1,4.5,0.5
6921,14,20,150,11,41.09,1,5.5,0.5
6922,18,18,346,5,22.92,1,2.5,0.5
6923,16,19,135,1,3.68,1,0.5,0.5
6924,9,19,166,9,21.7,1,4.5,0.5
6925,15,20,269,4,16.35,1,2.0,0.5
6926,10,21,14,2,10.58,1,1.0,0.5
6927,16,21,100,28,56.87,1,14.0,0.5
6928,4,19,334,1,3.35,1,0.5,0.5
6929,20,1,129,1,8.58,1,0.5,0.5
6930,13,17,13,11,29.68,1,5.5,0.5
6931,5,21,9,3,14.76,1,1.5,0.5
6932,7,12,158,11,35.56,1,5.5,0.5
6933,9,10,95,12,38.62,1,6.0,0.5
6934,8,20,138,4,20.35,1,2.0,0.5
6935,16,17,123,1,0.33,1,0.5,0.5
6936,6,17,272,7,26.47,1,3.5,0.5
6937,16,15,86,7,20.38,1,3.5,0.5
6938,6,6,183,5,18.87,1,2.5,0.5
6939,14,19,78,8,25.52,1,4.0,0.5
6940,1,2,15,16,35.52,1,8.0,0.5
6941,9,10,229,10,26.43,1,5.0,0.5
6942,13,1,288,7,25.21,1,3.5,0.5
6943,19,15,150,11,42.0,1,5.5,0.5
6944,17,21,106,8,23.51,1,4.0,0.5
6945,11,2,220,2,13.5,1,1.0,0.5
6946,8,19,166,2,10.15,1,1.0,0.5
6947,5,19,240,1,6.34,1,0.5,0.5
6948,10,2,73,7,38.61,1,3.5,0.5
6949,7,20,181,1,6.92,1,0.5,0.5
6950,10,3,172,2,8.43,1,1.0,0.5
6951,4,16,31,4,15.74,1,2.0,0.5
6952,9,19,43,7,31.41,1,3.5,0.5
6953,14,8,343,1,5.8,1,0.5,0.5
6954,2,9,247,7,22.84,1,3.5,0.5
6955,9,13,220,7,21.05,1,3.5,0.5
6956,1,6,253,3,15.22,1,1.5,0.5
6957,10,9,140,1,0.29,1,0.5,0.5
6958,10,3,54,5,12.74,1,2.5,0.5
6959,20,16,222,1,3.38,1,0.5,0.5
6960,3,7,271,1,2.85,1,0.5,0.5
6961,6,15,148,4,19.55,1,2.0,0.5
6962,6,10,87,1,9.24,1,0.5,0.5
6963,2,12,125,6,17.0,1,3.0,0.5
6964,18,7,80,1,1.07,1,0.5,0.5
6965,2,15,20,2,10.24,1,1.0,0.5
6966,12,17,270,4,15.72,1,2.0,0.5
6967,5,7,145,5,22.07,1,2.5,0.5
6968,20,17,231,4,20.17,1,2.0,0.5
6969,7,19,181,7,20.13,1,3.5,0.5
6970,16,15,280,4,11.11,1,2.0,0.5
6971,20,20,4,8,39.68,1,4.0,0.5
6972,1,16,70,9,26.13,1,4.5,0.5
6973,1,10,143,1,4.49,1,0.5,0.5
6974,17,19,136,8,27.26,1,4.0,0.5
6975,1,10,43,1,8.3,1,0.5,0.5
6976,20,9,63,5,20.16,1,2.5,0.5
6977,13,6,206,4,22.05,1,2.0,0.5
6978,9,14,63,10,30.3,1,5.0,0.5
6979,15,15,180,2,7.87,1,1.0,0.5
6980,3,19,161,5,22.53,1,2.5,0.5
6981,14,19,262,1,3.66,1,0.5,0.5
6982,11,11,81,2,7.56,1,1.0,0.5
6983,12,6,166,3,16.32,1,1.5,0.5
6984,13,18,117,1,4.37,1,0.5,0.5
6985,13,16,92,7,24.44,1,3.5,0.5
6986,1,19,31,2,5.15,1,1.0,0.5
6987,10,21,332,2,9.94,1,1.0,0.5
6988,3,17,122,7,21.16,1,3.5,0.5
6989,4,21,239,9,43.86,1,4.5,0.5
6990,16,17,113,5,17.06,1,2.5,0.5
6991,8,19,356,7,24.61,1,3.5,0.5
6992,16,21,204,9,29.5,1,4.5,0.5
6993,17,20,242,2,5.75,1,1.0,0.5
6994,19,21,331,6,15.34,1,3.0,0.5
6995,15,7,218,4,16.62,1,2.0,0.5
6996,16,4,327,7,35.06,1,3.5,0.5
6997,15,19,222,7,31.14,1,3.5,0.5
6998,2,4,297,15,35.35,1,7.5,0.5
6999,11,21,131,9,26.05,1,4.5,0.5
7000,1,7,238,3,7.79,1,1.5,0.5
7001,15,15,153,2,10.04,1,1.0,0.5
7002,19,20,136,2,9.85,1,1.0,0.5
7003,4,15,359,14,40.56,1,7.0,0.5
7004,11,7,110,6,15.4,1,3.0,0.5
7005,5,16,161,13,61.08,1,6.5,0.5
7006,3,18,256,14,39.88,1,7.0,0.5
7007,13,20,169,5,23.06,1,2.5,0.5
7008,10,19,97,1,4.26,1,0.5,0.5
7009,11,14,116,3,14.98,1,1.5,0.5
7010,18,19,129,1,6.57,1,0.5,0.5
7011,2,20,293,7,20.55,1,3.5,0.5
7012,7,8,102,7,37.7,1,3.5,0.5
7013,9,18,340,4,22.93,1,2.0,0.5
7014,10,17,350,1,7.13,1,0.5,0.5
7015,18,15,366,7,32.65,1,3.5,0.5
7016,7,18,359,4,17.61,1,2.0,0.5
7017,7,13,114,4,21.14,1,2.0,0.5
7018,3,12,290,8,33.5,1,4.0,0.5
7019,12,21,86,9,26.19,1,4.5,0.5
7020,7,7,120,8,36.52,1,4.0,0.5
7021,17,12,276,10,39.81,1,5.0,0.5
7022,1,17,100,7,21.5,1,3.5,0.5
7023,5,11,306,7,27.33,1,3.5,0.5
7024,16,18,29,1,3.16,1,0.5,0.5
7025,15,20,308,10,51.0,1,5.0,0.5
7026,2,3,349,14,44.83,1,7.0,0.5
7027,9,3,119,7,25.19,1,3.5,0.5
7028,7,20,238,3,10.18,1,1.5,0.5
7029,4,19,48,5,25.2,1,2.5,0.5
7030,20,21,154,3,13.01,1,1.5,0.5
7031,18,2,222,4,14.0,1,2.0,0.5
7032,4,16,361,4,12.52,1,2.0,0.5
7033,13,19,235,4,14.99,1,2.0,0.5
7034,1,16,229,7,23.54,1,3.5,0.5
7035,3,1,95,5,16.23,1,2.5,0.5
7036,16,3,293,3,18.84,1,1.5,0.5
7037,4,21,236,1,1.43,1,0.5,0.5
7038,16,10,95,6,18.74,1,3.0,0.5
7039,19,20,324,4,16.35,1,2.0,0.5
7040,1,20,275,4,8.92,1,2.0,0.5
7041,5,20,334,12,28.7,1,6.0,0.5
7042,19,1,101,3,15.42,1,1.5,0.5
7043,11,20,108,7,22.98,1,3.5,0.5
7044,13,12,225,3,16.07,1,1.5,0.5
7045,20,12,176,12,37.35,1,6.0,0.5
7046,5,20,111,19,45.47,1,9.5,0.5
7047,4,21,88,1,4.06,1,0.5,0.5
7048,4,7,224,3,10.83,1,1.5,0.5
7049,4,20,343,8,17.42,1,4.0,0.5
7050,4,11,105,16,53.92,1,8.0,0.5
7051,20,19,341,5,13.65,1,2.5,0.5
7052,18,14,160,4,21.61,1,2.0,0.5
7053,18,17,103,4,12.28,1,2.0,0.5
7054,16,15,7,4,19.82,1,2.0,0.5
7055,9,5,205,5,24.25,1,2.5,0.5
7056,18,15,295,5,19.76,1,2.5,0.5
7057,2,19,263,1,4.13,1,0.5,0.5
7058,4,19,325,2,12.03,1,1.0,0.5
7059,12,1,256,7,19.44,1,3.5,0.5
7060,7,17,272,1,3.97,1,0.5,0.5
7061,15,4,219,8,19.51,1,4.0,0.5
7062,7,10,67,4,20.14,1,2.0,0.5
7063,17,19,57,4,17.35,1,2.0,0.5
7064,16,15,88,5,13.96,1,2.5,0.5
7065,19,10,19,1,5.56,1,0.5,0.5
7066,9,11,231,1,6.62,1,0.5,0.5
7067,14,16,128,3,9.3,1,1.5,0.5
7068,17,7,195,14,48.7,1,7.0,0.5
7069,5,18,164,1,7.71,1,0.5,0.5
7070,2,5,50,5,21.7,1,2.5,0.5
7071,20,15,236,2,10.99,1,1.0,0.5
7072,16,21,281,2,7.49,1,1.0,0.5
7073,14,21,186,16,54.39,1,8.0,0.5
7074,14,19,281,9,25.46,1,4.5,0.5
7075,1,3,364,1,7.71,1,0.5,0.5
7076,3,15,85,12,55.46,1,6.0,0.5
7077,7,2,224,5,21.23,1,2.5,0.5
7078,15,10,260,5,18.14,1,2.5,0.5
7079,19,19,318,2,12.16,1,1.0,0.5
7080,20,8,208,8,37.76,1,4.0,0.5
7081,2,14,250,1,6.49,1,0.5,0.5
7082,19,10,300,1,4.49,1,0.5,0.5
7083,9,5,343,16,69.85,1,8.0,0.5
7084,19,17,203,2,5.92,1,1.0,0.5
7085,5,9,227,7,26.13,1,3.5,0.5
7086,18,18,334,7,28.98,1,3.5,0.5
7087,16,19,363,19,78.93,1,9.5,0.5
7088,4,21,105,3,15.56,1,1.5,0.5
7089,12,20,39,1,3.72,1,0.5,0.5
7090,7,19,97,5,15.4,1,2.5,0.5
7091,14,5,62,2,7.94,1,1.0,0.5
7092,12,20,41,1,5.95,1,0.5,0.5
7093,3,1,4,4,16.42,1,2.0,0.5
7094,5,18,348,6,29.78,1,3.0,0.5
7095,17,15,296,10,38.43,1,5.0,0.5
7096,10,19,222,3,17.16,1,1.5,0.5
7097,10,21,174,5,11.78,1,2.5,0.5
7098,11,20,51,10,36.77,1,5.0,0.5
7099,17,13,24,2,9.53,1,1.0,0.5
7100,5,13,269,1,6.9,1,0.5,0.5
7101,13,19,68,7,19.39,1,3.5,0.5
7102,10,15,45,1,4.65,1,0.5,0.5
7103,9,15,335,2,6.09,1,1.0,0.5
7104,17,14,186,4,12.94,1,2.0,0.5
7105,1,21,296,15,54.06,1,7.5,0.5
7106,4,18,17,5,28.3,1,2.5,0.5
7107,4,11,186,7,16.23,1,3.5,0.5
7108,18,13,127,8,22.77,1,4.0,0.5
7109,9,3,118,6,28.56,1,3.0,0.5
7110,18,18,350,10,24.96,1,5.0,0.5
7111,14,18,331,21,61.22,1,10.5,0.5
7112,15,10,202,14,32.14,1,7.0,0.5
7113,6,7,136,2,7.51,1,1.0,0.5
7114,10,19,75,5,19.08,1,2.5,0.5
7115,15,19,112,3,12.41,1,1.5,0.5
7116,4,12,245,2,8.67,1,1.0,0.5
7117,18,16,276,6,26.19,1,3.0,0.5
7118,18,19,305,3,10.23,1,1.5,0.5
7119,17,9,161,1,2.68,1,0.5,0.5
7120,12,8,144,5,19.09,1,2.5,0.5
7121,7,21,131,5,26.98,1,2.5,0.5
7122,16,16,184,3,10.9,1,1.5,0.5
7123,11,7,311,1,5.44,1,0.5,0.5
7124,14,17,228,5,18.73,1,2.5,0.5
7125,3,10,52,1,8.91,1,0.5,0.5
7126,19,12,334,9,39.91,1,4.5,0.5
7127,18,18,303,8,20.38,1,4.0,0.5
7128,10,14,49,8,25.69,1,4.0,0.5
7129,6,6,15,10,22.75,1,5.0,0.5
7130,13,8,95,3,16.18,1,1.5,0.5
7131,10,2,4,1,6.21,1,0.5,0.5
7132,18,17,17,1,2.48,1,0.5,0.5
7133,20,17,118,2,10.05,1,1.0,0.5
7134,16,6,109,5,17.98,1,2.5,0.5
7135,6,18,221,4,23.49,1,2.0,0.5
7136,13,20,169,5,15.6,1,2.5,0.5
7137,4,18,330,6,24.6,1,3.0,0.5
7138,14,5,119,3,13.06,1,1.5,0.5
7139,1,10,149,6,21.2,1,3.0,0.5
7140,20,15,361,8,29.39,1,4.0,0.5
7141,5,9,25,7,27.28,1,3.5,0.5
7142,8,12,58,3,14.67,1,1.5,0.5
7143,12,14,281,11,26.98,1,5.5,0.5
7144,2,21,238,4,19.04,1,2.0,0.5
7145,12,8,87,9,34.79,1,4.5,0.5
7146,5,18,221,16,35.96,1,8.0,0.5
7147,5,14,22,5,24.96,1,2.5,0.5
7148,13,21,320,2,11.2,1,1.0,0.5
7149,9,1,11,1,5.63,1,0.5,0.5
7150,10,21,55,8,31.83,1,4.0,0.5
7151,1,3,349,6,16.4,1,3.0,0.5
7152,3,16,287,3,9.06,1,1.5,0.5
7153,18,4,340,3,14.65,1,1.5,0.5
7154,12,16,139,9,18.75,1,4.5,0.5
7155,3,16,42,1,3.07,1,0.5,0.5
7156,9,19,53,4,20.96,1,2.0,0.5
7157,2,19,303,1,3.24,1,0.5,0.5
7158,3,21,45,11,35.46,1,5.5,0.5
7159,14,8,80,9,44.01,1,4.5,0.5
7160,4,12,285,6,16.04,1,3.0,0.5
7161,19,15,336,9,26.15,1,4.5,0.5
7162,13,9,180,3,11.79,1,1.5,0.5
7163,7,7,130,3,11.84,1,1.5,0.5
7164,12,15,334,7,18.86,1,3.5,0.5
7165,3,9,153,11,40.74,1,5.5,0.5
7166,9,16,336,4,21.0,1,2.0,0.5
7167,2,16,139,2,11.05,1,1.0,0.5
7168,9,11,206,3,17.85,1,1.5,0.5
7169,12,21,275,3,8.65,1,1.5,0.5
7170,12,20,232,8,31.86,1,4.0,0.5
7171,15,12,153,4,12.5,1,2.0,0.5
7172,2,14,74,5,18.7,1,2.5,0.5
7173,18,20,129,12,48.94,1,6.0,0.5
7174,13,15,227,1,4.46,1,0.5,0.5
7175,14,20,132,7,27.32,1,3.5,0.5
7176,5,21,244,2,10.49,1,1.0,0.5
7177,10,9,264,1,2.66,1,0.5,0.5
7178,12,19,327,5,18.24,1,2.5,0.5
7179,10,6,184,17,46.71,1,8.5,0.5
7180,11,15,1,5,15.38,1,2.5,0.5
7181,2,15,216,10,51.09,1,5.0,0.5
7182,5,14,366,6,18.96,1,3.0,0.5
7183,7,3,168,1,5.51,1,0.5,0.5
7184,6,1,314,9,38.28,1,4.5,0.5
7185,3,2,31,1,6.97,1,0.5,0.5
7186,13,20,359,6,18.53,1,3.0,0.5
7187,3,21,223,4,13.05,1,2.0,0.5
7188,6,7,237,2,6.86,1,1.0,0.5
7189,11,20,85,7,31.14,1,3.5,0.5
7190,17,14,27,2,8.96,1,1.0,0.5
7191,10,20,102,10,51.12,1,5.0,0.5
7192,12,19,275,8,30.03,1,4.0,0.5
7193,17,8,141,7,30.97,1,3.5,0.5
7194,4,17,215,6,19.89,1,3.0,0.5
7195,2,8,116,6,18.52,1,3.0,0.5
7196,11,21,74,1,2.79,1,0.5,0.5
7197,7,4,101,11,55.35,1,5.5,0.5
7198,2,12,271,3,13.4,1,1.5,0.5
7199,18,15,128,4,15.85,1,2.0,0.5
7200,4,21,155,5,20.02,1,2.5,0.5
7201,8,6,151,1,3.48,1,0.5,0.5
7202,20,5,86,5,21.49,1,2.5,0.5
7203,14,13,33,2,5.23,1,1.0,0.5
7204,12,3,29,2,11.08,1,1.0,0.5
7205,18,16,87,3,11.18,1,1.5,0.5
7206,11,19,363,4,13.25,1,2.0,0.5
7207,8,17,211,9,19.28,1,4.5,0.5
7208,2,21,214,5,26.03,1,2.5,0.5
7209,15,12,145,9,36.52,1,4.5,0.5
7210,9,16,19,6,15.73,1,3.0,0.5
7211,19,1,344,8,25.84,1,4.0,0.5
7212,20,19,80,3,9.61,1,1.5,0.5
7213,8,20,116,1,5.44,1,0.5,0.5
7214,19,8,346,2,12.64,1,1.0,0.5
7215,5,8,72,6,14.35,1,3.0,0.5
7216,11,21,74,2,6.49,1,1.0,0.5
7217,15,14,322,8,27.6,1,4.0,0.5
7218,8,3,159,10,23.51,1,5.0,0.5
7219,19,15,62,6,26.74,1,3.0,0.5
7220,8,20,363,4,22.26,1,2.0,0.5
7221,19,19,261,4,19.27,1,2.0,0.5
7222,18,15,288,4,12.13,1,2.0,0.5
7223,10,18,53,1,7.26,1,0.5,0.5
7224,7,1,14,9,30.45,1,4.5,0.5
7225,9,19,334,7,23.26,1,3.5,0.5
7226,1,17,97,1,6.3,1,0.5,0.5
7227,19,2,76,8,31.02,1,4.0,0.5
7228,5,15,121,5,19.97,1,2.5,0.5
7229,19,4,178,2,10.34,1,1.0,0.5
7230,1,19,114,6,15.43,1,3.0,0.5
7231,15,16,72,8,18.58,1,4.0,0.5
7232,16,18,103,1,1.91,1,0.5,0.5
7233,7,1,158,2,13.0,1,1.0,0.5
7234,12,7,81,8,38.7,1,4.0,0.5
7235,8,18,255,4,10.42,1,2.0,0.5
7236,5,21,42,3,10.83,1,1.5,0.5
7237,10,17,8,6,17.72,1,3.0,0.5
7238,5,21,117,4,19.98,1,2.0,0.5
7239,17,16,91,1,4.88,1,0.5,0.5
7240,5,1,258,1,6.13,1,0.5,0.5
7241,15,16,176,2,10.52,1,1.0,0.5
7242,13,19,278,2,9.77,1,1.0,0.5
7243,1,21,226,1,7.23,1,0.5,0.5
7244,11,14,162,2,9.07,1,1.0,0.5
7245,1,13,196,4,18.45,1,2.0,0.5
7246,11,3,288,7,24.89,1,3.5,0.5
7247,18,18,270,1,8.31,1,0.5,0.5
7248,18,4,263,1,2.87,1,0.5,0.5
7249,16,19,312,4,21.08,1,2.0,0.5
7250,13,18,256,2,5.9,1,1.0,0.5
7251,7,18,154,1,1.93,1,0.5,0.5
7252,1,20,304,3,6.87,1,1.5,0.5
7253,16,11,320,33,86.0,1,16.5,0.5
7254,1,5,210,10,33.4,1,5.0,0.5
7255,17,17,323,14,37.78,1,7.0,0.5
7256,6,16,11,1,4.08,1,0.5,0.5
7257,2,6,13,2,10.3,1,1.0,0.5
7258,17,18,215,6,19.98,1,3.0,0.5
7259,6,11,308,14,28.83,1,7.0,0.5
7260,14,18,351,4,14.81,1,2.0,0.5
7261,18,7,253,5,17.33,1,2.5,0.5
7262,6,11,122,10,53.49,1,5.0,0.5
7263,10,6,277,10,28.66,1,5.0,0.5
7264,18,17,275,4,17.39,1,2.0,0.5
7265,9,16,349,16,43.42,1,8.0,0.5
7266,8,16,55,8,20.11,1,4.0,0.5
7267,10,2,222,1,3.89,1,0.5,0.5
7268,17,19,335,19,40.31,1,9.5,0.5
7269,6,20,109,3,11.38,1,1.5,0.5
7270,14,21,149,11,29.26,1,5.5,0.5
7271,6,21,293,2,6.33,1,1.0,0.5
7272,7,5,227,3,8.86,1,1.5,0.5
7273,12,11,20,1,3.44,1,0.5,0.5
7274,3,17,60,1,1.63,1,0.5,0.5
7275,14,10,345,1,4.67,1,0.5,0.5
7276,19,12,313,9,41.14,1,4.5,0.5
7277,16,20,254,8,37.25,1,4.0,0.5
7278,7,19,35,4,15.96,1,2.0,0.5
7279,8,1,252,6,25.21,1,3.0,0.5
7280,18,16,258,13,49.64,1,6.5,0.5
7281,13,14,190,2,8.54,1,1.0,0.5
7282,9,18,171,7,26.64,1,3.5,0.5
7283,10,21,346,11,27.37,1,5.5,0.5
7284,9,17,112,3,12.29,1,1.5,0.5
7285,15,6,26,2,7.61,1,1.0,0.5
7286,20,16,181,2,10.63,1,1.0,0.5
7287,2,19,103,17,52.65,1,8.5,0.5
7288,13,19,74,4,11.74,1,2.0,0.5
7289,2,18,15,4,14.27,1,2.0,0.5
7290,19,18,118,9,21.17,1,4.5,0.5
7291,2,12,81,1,9.14,1,0.5,0.5
7292,3,18,327,2,7.25,1,1.0,0.5
7293,6,21,124,2,9.54,1,1.0,0.5
7294,3,16,23,5,16.02,1,2.5,0.5
7295,10,18,61,3,10.91,1,1.5,0.5
7296,6,9,89,1,6.42,1,0.5,0.5
7297,16,12,209,3,8.03,1,1.5,0.5
7298,17,5,309,5,16.09,1,2.5,0.5
7299,19,19,308,12,39.04,1,6.0,0.5
7300,3,3,325,9,38.85,1,4.5,0.5
7301,18,4,143,4,15.83,1,2.0,0.5
7302,7,20,19,9,19.56,1,4.5,0.5
7303,9,21,64,9,22.21,1,4.5,0.5
7304,20,21,63,13,43.78,1,6.5,0.5
7305,12,15,317,6,26.53,1,3.0,0.5
7306,5,17,218,4,22.38,1,2.0,0.5
7307,3,8,237,2,8.87,1,1.0,0.5
7308,11,9,109,2,5.71,1,1.0,0.5
7309,4,15,164,2,8.45,1,1.0,0.5
7310,5,2,152,2,9.59,1,1.0,0.5
7311,1,18,132,4,20.14,1,2.0,0.5
7312,18,14,71,4,18.59,1,2.0,0.5
7313,12,21,175,2,10.81,1,1.0,0.5
7314,13,9,292,3,11.49,1,1.5,0.5
7315,9,8,131,5,16.22,1,2.5,0.5
7316,2,19,284,1,3.6,1,0.5,0.5
7317,5,11,339,5,25.87,1,2.5,0.5
7318,13,15,293,3,15.44,1,1.5,0.5
7319,16,17,359,3,9.19,1,1.5,0.5
7320,16,6,295,9,40.33,1,4.5,0.5
7321,3,12,62,7,32.19,1,3.5,0.5
7322,4,16,78,11,22.74,1,5.5,0.5
7323,11,17,79,6,19.99,1,3.0,0.5
7324,14,6,52,14,32.63,1,7.0,0.5
7325,3,17,203,1,4.46,1,0.5,0.5
7326,16,13,60,3,10.33,1,1.5,0.5
7327,15,17,243,3,13.06,1,1.5,0.5
7328,10,21,309,9,24.26,1,4.5,0.5
7329,9,17,91,8,29.45,1,4.0,0.5
7330,11,18,4,19,50.66,1,9.5,0.5
7331,16,19,53,7,18.1,1,3.5,0.5
7332,10,19,7,4,9.97,1,2.0,0.5
7333,17,9,53,7,37.4,1,3.5,0.5
7334,19,10,129,4,14.13,1,2.0,0.5
7335,2,19,156,12,29.06,1,6.0,0.5
7336,2,4,223,8,19.49,1,4.0,0.5
7337,6,18,42,10,40.85,1,5.0,0.5
7338,19,18,84,1,6.41,1,0.5,0.5
7339,8,19,80,6,23.34,1,3.0,0.5
7340,3,10,341,5,19.92,1,2.5,0.5
7341,14,19,4,5,21.3,1,2.5,0.5
7342,16,15,90,4,11.05,1,2.0,0.5
7343,1,15,9,13,38.15,1,6.5,0.5
7344,3,14,86,7,16.22,1,3.5,0.5
7345,18,4,77,6,18.85,1,3.0,0.5
7346,9,11,99,6,22.29,1,3.0,0.5
7347,6,19,159,1,7.88,1,0.5,0.5
7348,1,15,182,1,1.86,1,0.5,0.5
7349,10,10,172,2,9.3,1,1.0,0.5
7350,6,20,27,3,12.36,1,1.5,0.5
7351,12,12,286,4,15.91,1,2.0,0.5
7352,4,21,269,15,36.76,1,7.5,0.5
7353,13,21,48,4,18.38,1,2.0,0.5
7354,17,8,261,4,10.38,1,2.0,0.5
7355,8,13,350,12,42.35,1,6.0,0.5
7356,20,2,167,5,23.59,1,2.5,0.5
7357,3,12,305,2,10.74,1,1.0,0.5
7358,12,20,178,3,14.99,1,1.5,0.5
7359,7,16,142,5,24.37,1,2.5,0.5
7360,12,13,363,5,22.37,1,2.5,0.5
7361,2,18,317,1,5.32,1,0.5,0.5
7362,14,18,5,23,49.85,1,11.5,0.5
7363,5,14,170,8,22.55,1,4.0,0.5
7364,9,10,333,2,5.86,1,1.0,0.5
7365,11,12,166,5,13.81,1,2.5,0.5
7366,5,11,56,1,4.2,1,0.5,0.5
7367,3,2,302,1,2.78,1,0.5,0.5
7368,17,1,186,9,35.6,1,4.5,0.5
7369,2,18,237,2,9.59,1,1.0,0.5
7370,1,16,237,2,11.23,1,1.0,0.5
7371,7,18,135,1,4.1,1,0.5,0.5
7372,14,16,292,2,7.98,1,1.0,0.5
7373,5,21,317,4,17.47,1,2.0,0.5
7374,19,19,123,10,38.69,1,5.0,0.5
7375,11,4,97,5,27.44,1,2.5,0.5
7376,2,16,349,2,8.02,1,1.0,0.5
7377,8,16,291,2,9.57,1,1.0,0.5
7378,9,18,23,1,2.37,1,0.5,0.5
7379,3,17,68,3,9.92,1,1.5,0.5
7380,2,19,108,3,10.89,1,1.5,0.5
7381,7,21,250,1,6.43,1,0.5,0.5
7382,5,16,144,4,21.16,1,2.0,0.5
7383,5,16,82,6,17.32,1,3.0,0.5
7384,20,19,22,5,15.37,1,2.5,0.5
7385,13,20,31,13,31.23,1,6.5,0.5
7386,20,17,366,14,31.8,1,7.0,0.5
7387,6,18,351,3,13.97,1,1.5,0.5
7388,20,3,68,4,16.94,1,2.0,0.5
7389,18,7,354,4,9.12,1,2.0,0.5
7390,2,16,90,7,26.26,1,3.5,0.5
7391,6,20,286,3,11.02,1,1.5,0.5
7392,9,17,226,5,12.29,1,2.5,0.5
7393,3,8,216,8,18.69,1,4.0,0.5
7394,1,17,299,1,1.98,1,0.5,0.5
7395,1,6,101,4,14.33,1,2.0,0.5
7396,19,18,317,8,28.15,1,4.0,0.5
7397,5,17,190,4,15.02,1,2.0,0.5
7398,13,21,67,6,14.79,1,3.0,0.5
7399,19,3,92,6,17.18,1,3.0,0.5
7400,12,18,12,18,50.89,1,9.0,0.5
7401,16,3,85,3,19.67,1,1.5,0.5
7402,19,1,106,4,14.75,1,2.0,0.5
7403,3,15,279,1,3.56,1,0.5,0.5
7404,12,12,357,4,19.26,1,2.0,0.5
7405,5,17,308,7,34.22,1,3.5,0.5
7406,2,17,52,5,14.29,1,2.5,0.5
7407,7,19,19,3,14.13,1,1.5,0.5
7408,13,7,50,6,14.4,1,3.0,0.5
7409,15,8,210,3,10.57,1,1.5,0.5
7410,3,20,115,1,4.71,1,0.5,0.5
7411,20,7,179,6,22.06,1,3.0,0.5
7412,5,21,27,18,64.02,1,9.0,0.5
7413,8,11,311,10,34.66,1,5.0,0.5
7414,1,4,226,2,9.62,1,1.0,0.5
7415,8,16,315,6,24.37,1,3.0,0.5
7416,18,19,288,5,17.49,1,2.5,0.5
7417,20,1,310,21,56.5,1,10.5,0.5
7418,16,21,357,5,19.57,1,2.5,0.5
7419,18,2,300,10,29.91,1,5.0,0.5
7420,20,7,7,11,49.03,1,5.5,0.5
7421,12,10,36,7,20.56,1,3.5,0.5
7422,13,16,177,8,28.42,1,4.0,0.5
7423,13,16,279,6,19.99,1,3.0,0.5
7424,10,17,64,3,14.95,1,1.5,0.5
7425,7,2,64,5,17.68,1,2.5,0.5
7426,14,21,258,14,64.58,1,7.0,0.5
7427,16,17,310,12,46.67,1,6.0,0.5
7428,15,18,52,10,26.85,1,5.0,0.5
7429,12,15,114,7,19.64,1,3.5,0.5
7430,9,11,21,2,9.12,1,1.0,0.5
7431,8,8,343,2,11.03,1,1.0,0.5
7432,18,21,145,1,4.6,1,0.5,0.5
7433,18,16,23,5,21.02,1,2.5,0.5
7434,13,19,171,1,3.08,1,0.5,0.5
7435,18,11,317,19,50.96,1,9.5,0.5
7436,15,8,342,2,9.85,1,1.0,0.5
7437,4,17,281,4,22.67,1,2.0,0.5
7438,17,20,161,12,59.84,1,6.0,0.5
7439,5,19,356,3,16.81,1,1.5,0.5
7440,16,18,323,2,10.68,1,1.0,0.5
7441,9,18,101,2,9.88,1,1.0,0.5
7442,10,2,257,10,34.3,1,5.0,0.5
7443,18,5,343,4,21.66,1,2.0,0.5
7444,17,6,213,2,11.8,1,1.0,0.5
7445,18,5,180,6,23.39,1,3.0,0.5
7446,7,20,284,16,64.86,1,8.0,0.5
7447,4,15,302,3,12.52,1,1.5,0.5
7448,5,17,40,1,2.2,1,0.5,0.5
7449,16,18,323,14,30.5,1,7.0,0.5
7450,3,21,357,5,24.7,1,2.5,0.5
7451,18,17,185,6,13.22,1,3.0,0.5
7452,14,5,250,4,18.09,1,2.0,0.5
7453,15,15,248,2,6.56,1,1.0,0.5
7454,17,16,269,5,14.28,1,2.5,0.5
7455,1,19,193,2,6.4,1,1.0,0.5
7456,17,1,125,1,2.01,1,0.5,0.5
7457,11,19,321,9,21.88,1,4.5,0.5
7458,17,8,102,8,30.82,1,4.0,0.5
7459,14,19,161,2,6.24,1,1.0,0.5
7460,20,7,42,9,28.57,1,4.5,0.5
7461,19,17,242,6,20.99,1,3.0,0.5
7462,7,12,306,6,18.03,1,3.0,0.5
7463,13,16,324,5,20.09,1,2.5,0.5
7464,18,13,234,1,3.49,1,0.5,0.5
7465,14,15,364,1,9.11,1,0.5,0.5
7466,1,12,335,25,86.6,1,12.5,0.5
7467,7,21,72,3,10.57,1,1.5,0.5
7468,8,15,360,4,17.29,1,2.0,0.5
7469,18,18,103,1,5.51,1,0.5,0.5
7470,9,15,20,10,38.18,1,5.0,0.5
7471,1,6,151,7,27.25,1,3.5,0.5
7472,17,5,140,3,13.74,1,1.5,0.5
7473,19,13,249,4,21.28,1,2.0,0.5
7474,6,6,211,4,17.24,1,2.0,0.5
7475,3,7,89,20,59.4,1,10.0,0.5
7476,5,15,209,14,40.41,1,7.0,0.5
7477,2,15,339,9,27.34,1,4.5,0.5
7478,20,1,358,3,14.67,1,1.5,0.5
7479,4,18,172,1,2.08,1,0.5,0.5
7480,10,19,60,2,13.14,1,1.0,0.5
7481,10,4,307,4,9.55,1,2.0,0.5
7482,11,17,264,12,27.14,1,6.0,0.5
7483,16,20,183,6,20.45,1,3.0,0.5
7484,17,21,245,7,20.19,1,3.5,0.5
7485,16,16,58,3,8.51,1,1.5,0.5
7486,7,6,132,1,9.06,1,0.5,0.5
7487,16,17,197,1,5.21,1,0.5,0.5
7488,3,20,339,9,21.41,1,4.5,0.5
7489,16,19,362,3,10.43,1,1.5,0.5
7490,8,11,25,2,10.29,1,1.0,0.5
7491,12,20,70,6,30.48,1,3.0,0.5
7492,3,16,61,1,6.83,1,0.5,0.5
7493,17,21,123,7,21.0,1,3.5,0.5
7494,18,20,233,6,29.53,1,3.0,0.5
7495,11,10,16,7,21.34,1,3.5,0.5
7496,4,18,312,8,25.52,1,4.0,0.5
7497,16,16,228,5,10.83,1,2.5,0.5
7498,17,4,304,3,13.74,1,1.5,0.5
7499,9,10,268,4,20.53,1,2.0,0.5
7500,6,6,134,2,10.22,1,1.0,0.5
7501,20,15,150,1,4.83,1,0.5,0.5
7502,2,1,154,8,24.99,1,4.0,0.5
7503,9,17,295,10,22.07,1,5.0,0.5
7504,6,13,208,10,29.71,1,5.0,0.5
7505,3,10,110,2,8.21,1,1.0,0.5
7506,20,16,277,11,33.15,1,5.5,0.5
7507,6,17,99,4,22.87,1,2.0,0.5
7508,7,3,356,2,4.48,1,1.0,0.5
7509,1,21,197,1,1.97,1,0.5,0.5
7510,1,11,282,5,19.02,1,2.5,0.5
7511,5,7,288,2,12.0,1,1.0,0.5
7512,6,8,58,3,16.02,1,1.5,0.5
7513,13,13,97,13,34.03,1,6.5,0.5
7514,2,3,189,3,9.69,1,1.5,0.5
7515,15,20,97,5,21.69,1,2.5,0.5
7516,15,21,244,1,7.51,1,0.5,0.5
7517,13,12,73,4,10.38,1,2.0,0.5
7518,14,17,176,1,2.31,1,0.5,0.5
7519,7,18,223,5,17.86,1,2.5,0.5
7520,14,19,299,3,6.95,1,1.5,0.5
7521,10,20,366,2,14.56,1,1.0,0.5
7522,17,19,30,1,1.7,1,0.5,0.5
7523,14,15,309,3,13.08,1,1.5,0.5
7524,8,18,73,5,27.07,1,2.5,0.5
7525,4,16,39,5,13.62,1,2.5,0.5
7526,16,15,51,8,37.8,1,4.0,0.5
7527,13,3,33,2,11.38,1,1.0,0.5
7528,20,3,34,2,6.76,1,1.0,0.5
7529,18,15,19,6,14.4,1,3.0,0.5
7530,14,20,47,5,18.8,1,2.5,0.5
7531,18,9,207,2,11.82,1,1.0,0.5
7532,5,19,178,9,41.64,1,4.5,0.5
7533,9,15,200,7,28.38,1,3.5,0.5
7534,3,7,17,4,13.82,1,2.0,0.5
7535,8,2,92,2,11.81,1,1.0,0.5
7536,20,13,271,6,28.47,1,3.0,0.5
7537,10,15,135,10,48.66,1,5.0,0.5
7538,19,19,268,3,18.3,1,1.5,0.5
7539,3,10,215,5,16.83,1,2.5,0.5
7540,11,16,162,10,24.77,1,5.0,0.5
7541,11,2,314,5,16.26,1,2.5,0.5
7542,17,21,357,5,21.32,1,2.5,0.5
7543,16,19,289,6,27.59,1,3.0,0.5
7544,7,16,239,2,11.94,1,1.0,0.5
7545,4,3,20,5,22.57,1,2.5,0.5
7546,19,19,261,2,8.14,1,1.0,0.5
7547,12,8,356,3,12.7,1,1.5,0.5
7548,15,19,346,12,41.27,1,6.0,0.5
7549,11,19,350,6,13.76,1,3.0,0.5
7550,5,8,29,6,32.27,1,3.0,0.5
7551,5,18,177,13,45.67,1,6.5,0.5
7552,15,6,333,7,36.04,1,3.5,0.5
7553,18,12,20,3,14.58,1,1.5,0.5
7554,11,16,336,1,6.79,1,0.5,0.5
7555,12,16,321,8,23.57,1,4.0,0.5
7556,2,12,189,5,24.24,1,2.5,0.5
7557,20,21,114,3,14.46,1,1.5,0.5
7558,15,1,270,4,15.32,1,2.0,0.5
7559,20,21,15,3,6.36,1,1.5,0.5
7560,4,2,310,8,29.41,1,4.0,0.5
7561,18,17,245,6,27.58,1,3.0,0.5
7562,6,21,363,4,14.57,1,2.0,0.5
7563,19,21,88,1,4.99,1,0.5,0.5
7564,11,17,233,9,25.83,1,4.5,0.5
7565,2,16,59,2,12.71,1,1.0,0.5
7566,8,11,137,2,6.11,1,1.0,0.5
7567,11,17,41,3,12.1,1,1.5,0.5
7568,5,8,229,6,16.25,1,3.0,0.5
7569,18,19,241,3,12.38,1,1.5,0.5
7570,18,18,240,1,1.23,1,0.5,0.5
7571,14,20,98,2,10.23,1,1.0,0.5
7572,10,7,270,9,22.85,1,4.5,0.5
7573,3,17,138,2,4.34,1,1.0,0.5
7574,9,12,70,4,17.1,1,2.0,0.5
7575,3,21,233,1,4.74,1,0.5,0.5
7576,11,21,124,5,10.22,1,2.5,0.5
7577,12,5,286,9,26.92,1,4.5,0.5
7578,12,18,344,5,24.46,1,2.5,0.5
7579,3,14,349,7,17.99,1,3.5,0.5
7580,7,17,297,6,14.47,1,3.0,0.5
7581,14,18,43,5,23.31,1,2.5,0.5
7582,11,16,192,4,17.07,1,2.0,0.5
7583,7,17,40,1,6.58,1,0.5,0.5
7584,10,16,68,5,16.93,1,2.5,0.5
7585,11,19,69,1,4.07,1,0.5,0.5
7586,15,17,56,6,21.27,1,3.0,0.5
7587,19,9,352,3,13.49,1,1.5,0.5
7588,16,16,192,4,12.62,1,2.0,0.5
7589,20,18,151,10,31.87,1,5.0,0.5
7590,12,19,291,13,33.54,1,6.5,0.5
7591,18,20,99,4,21.27,1,2.0,0.5
7592,13,18,98,2,7.18,1,1.0,0.5
7593,5,7,86,2,11.64,1,1.0,0.5
7594,4,15,217,3,8.1,1,1.5,0.5
7595,14,8,177,2,11.15,1,1.0,0.5
7596,8,18,71,3,7.76,1,1.5,0.5
7597,9,21,64,2,5.38,1,1.0,0.5
7598,19,13,9,10,28.37,1,5.0,0.5
7599,3,7,141,4,13.21,1,2.0,0.5
7600,5,18,333,6,30.73,1,3.0,0.5
7601,18,13,113,2,12.91,1,1.0,0.5
7602,1,8,59,11,34.56,1,5.5,0.5
7603,8,16,57,4,22.03,1,2.0,0.5
7604,19,5,44,1,5.95,1,0.5,0.5
7605,17,16,146,11,31.65,1,5.5,0.5
7606,17,2,69,4,12.05,1,2.0,0.5
7607,11,9,147,3,12.09,1,1.5,0.5
7608,2,10,264,10,28.45,1,5.0,0.5
7609,6,21,125,7,25.72,1,3.5,0.5
7610,14,3,267,3,11.48,1,1.5,0.5
7611,3,12,315,8,22.51,1,4.0,0.5
7612,12,2,102,2,5.82,1,1.0,0.5
7613,4,21,230,1,6.58,1,0.5,0.5
7614,12,16,342,4,20.52,1,2.0,0.5
7615,13,11,251,7,31.15,1,3.5,0.5
7616,2,16,149,3,13.91,1,1.5,0.5
7617,2,19,331,7,23.28,1,3.5,0.5
7618,15,16,75,4,13.02,1,2.0,0.5
7619,17,21,353,4,16.37,1,2.0,0.5
7620,7,17,76,5,19.37,1,2.5,0.5
7621,14,4,288,23,63.95,1,11.5,0.5
7622,12,7,286,2,12.03,1,1.0,0.5
7623,17,8,1,3,14.96,1,1.5,0.5
7624,14,16,269,6,30.46,1,3.0,0.5
7625,6,16,210,13,46.61,1,6.5,0.5
7626,19,9,318,9,26.41,1,4.5,0.5
7627,6,10,76,21,74.5,1,10.5,0.5
7628,18,7,79,2,5.87,1,1.0,0.5
7629,5,20,113,6,23.18,1,3.0,0.5
7630,6,3,115,1,4.7,1,0.5,0.5
7631,2,16,118,4,16.35,1,2.0,0.5
7632,8,11,172,3,9.24,1,1.5,0.5
7633,15,17,341,1,4.44,1,0.5,0.5
7634,15,3,352,2,11.04,1,1.0,0.5
7635,11,17,324,10,47.12,1,5.0,0.5
7636,1,14,8,4,18.43,1,2.0,0.5
7637,18,10,119,21,51.46,1,10.5,0.5
7638,12,9,196,4,16.12,1,2.0,0.5
7639,12,12,327,7,27.97,1,3.5,0.5
7640,11,18,202,3,11.92,1,1.5,0.5
7641,8,21,194,3,15.28,1,1.5,0.5
7642,7,19,198,4,20.95,1,2.0,0.5
7643,2,10,233,1,0.9,1,0.5,0.5
7644,11,17,226,1,7.08,1,0.5,0.5
7645,10,14,359,4,12.7,1,2.0,0.5
7646,3,17,129,9,19.71,1,4.5,0.5
7647,20,18,5,3,16.03,1,1.5,0.5
7648,10,17,106,4,21.43,1,2.0,0.5
7649,18,2,181,10,39.85,1,5.0,0.5
7650,14,19,9,3,13.18,1,1.5,0.5
7651,18,15,313,3,13.04,1,1.5,0.5
7652,8,20,65,8,26.45,1,4.0,0.5
7653,10,21,5,10,22.69,1,5.0,0.5
7654,13,15,335,4,18.09,1,2.0,0.5
7655,8,10,146,11,24.62,1,5.5,0.5
7656,4,15,239,1,8.27,1,0.5,0.5
7657,4,15,266,3,14.61,1,1.5,0.5
7658,5,1,147,1,5.19,1,0.5,0.5
7659,1,5,298,6,20.18,1,3.0,0.5
7660,17,8,198,3,14.28,1,1.5,0.5
7661,2,15,266,4,20.96,1,2.0,0.5
7662,8,17,136,1,3.03,1,0.5,0.5
7663,7,18,28,1,5.1,1,0.5,0.5
7664,15,18,238,1,5.5,1,0.5,0.5
7665,5,3,298,3,10.6,1,1.5,0.5
7666,2,7,340,1,2.02,1,0.5,0.5
7667,7,14,122,4,13.67,1,2.0,0.5
7668,8,13,74,2,10.31,1,1.0,0.5
7669,7,19,307,5,22.86,1,2.5,0.5
7670,7,20,265,3,14.02,1,1.5,0.5
7671,14,21,175,22,59.31,1,11.0,0.5
7672,18,9,193,6,20.85,1,3.0,0.5
7673,6,6,100,9,30.89,1,4.5,0.5
7674,4,20,243,2,7.12,1,1.0,0.5
7675,10,19,273,2,9.98,1,1.0,0.5
7676,18,21,351,4,15.88,1,2.0,0.5
7677,12,12,71,7,38.23,1,3.5,0.5
7678,16,20,155,2,9.99,1,1.0,0.5
7679,7,5,166,7,29.03,1,3.5,0.5
7680,6,20,247,11,30.98,1,5.5,0.5
7681,5,21,256,7,15.83,1,3.5,0.5
7682,3,15,82,1,6.1,1,0.5,0.5
7683,12,12,63,8,34.88,1,4.0,0.5
7684,15,16,341,9,34.29,1,4.5,0.5
7685,10,16,233,5,27.41,1,2.5,0.5
7686,20,20,288,1,4.75,1,0.5,0.5
7687,19,13,123,10,25.56,1,5.0,0.5
7688,16,20,161,4,15.42,1,2.0,0.5
7689,11,10,91,9,19.75,1,4.5,0.5
7690,8,20,105,8,24.42,1,4.0,0.5
7691,3,18,72,17,34.47,1,8.5,0.5
7692,7,19,176,1,3.6,1,0.5,0.5
7693,7,16,358,2,9.67,1,1.0,0.5
7694,14,7,194,1,4.1,1,0.5,0.5
7695,2,19,185,4,11.88,1,2.0,0.5
7696,10,17,124,14,40.51,1,7.0,0.5
7697,19,18,309,6,17.25,1,3.0,0.5
7698,9,17,67,4,12.55,1,2.0,0.5
7699,16,15,63,15,38.77,1,7.5,0.5
7700,19,10,355,5,19.17,1,2.5,0.5
7701,18,2,140,24,49.94,1,12.0,0.5
7702,9,15,221,10,23.15,1,5.0,0.5
7703,16,18,60,14,33.24,1,7.0,0.5
7704,13,15,7,11,41.31,1,5.5,0.5
7705,10,18,163,2,9.37,1,1.0,0.5
7706,20,20,32,3,7.25,1,1.5,0.5
7707,14,10,345,1,4.1,1,0.5,0.5
7708,12,21,156,8,39.68,1,4.0,0.5
7709,19,11,136,2,9.43,1,1.0,0.5
7710,7,15,211,6,13.21,1,3.0,0.5
7711,15,20,33,4,18.39,1,2.0,0.5
7712,16,21,56,6,30.52,1,3.0,0.5
7713,8,21,315,3,14.88,1,1.5,0.5
7714,10,16,235,1,5.66,1,0.5,0.5
7715,4,10,52,13,32.24,1,6.5,0.5
7716,19,16,11,7,16.53,1,3.5,0.5
7717,19,15,255,10,41.06,1,5.0,0.5
7718,15,4,144,17,39.6,1,8.5,0.5
7719,14,21,223,11,30.27,1,5.5,0.5
7720,1,15,282,1,6.62,1,0.5,0.5
7721,16,18,361,6,27.26,1,3.0,0.5
7722,10,8,62,2,10.47,1,1.0,0.5
7723,19,20,59,16,37.29,1,8.0,0.5
7724,3,6,231,14,61.94,1,7.0,0.5
7725,5,15,112,4,20.52,1,2.0,0.5
7726,9,1,46,4,12.48,1,2.0,0.5
7727,18,19,28,2,8.12,1,1.0,0.5
7728,11,17,126,1,3.98,1,0.5,0.5
7729,16,17,359,17,36.46,1,8.5,0.5
7730,2,17,336,1,3.32,1,0.5,0.5
7731,12,19,361,2,8.72,1,1.0,0.5
7732,6,13,299,4,19.77,1,2.0,0.5
7733,11,19,160,6,22.94,1,3.0,0.5
7734,8,8,85,8,34.58,1,4.0,0.5
7735,12,9,17,1,4.31,1,0.5,0.5
7736,2,19,59,17,39.51,1,8.5,0.5
7737,9,12,230,3,12.27,1,1.5,0.5
7738,15,13,124,5,17.82,1,2.5,0.5
7739,2,4,123,6,22.1,1,3.0,0.5
7740,1,13,295,15,44.1,1,7.5,0.5
7741,10,18,259,7,25.82,1,3.5,0.5
7742,2,9,273,10,20.97,1,5.0,0.5
7743,12,17,226,10,25.85,1,5.0,0.5
7744,8,1,157,14,41.89,1,7.0,0.5
7745,5,20,91,3,11.7,1,1.5,0.5
7746,1,20,170,5,11.94,1,2.5,0.5
7747,15,20,95,7,24.99,1,3.5,0.5
7748,6,17,180,3,13.19,1,1.5,0.5
7749,12,20,260,4,11.95,1,2.0,0.5
7750,8,16,280,4,17.4,1,2.0,0.5
7751,13,15,316,2,10.15,1,1.0,0.5
7752,19,7,60,4,10.29,1,2.0,0.5
7753,1,15,251,9,25.85,1,4.5,0.5
7754,11,19,159,3,10.53,1,1.5,0.5
7755,20,21,67,3,10.99,1,1.5,0.5
7756,1,16,322,3,15.16,1,1.5,0.5
7757,8,7,242,4,23.06,1,2.0,0.5
7758,5,19,281,4,15.74,1,2.0,0.5
7759,17,17,116,7,21.75,1,3.5,0.5
7760,8,18,258,3,10.38,1,1.5,0.5
7761,10,18,297,6,18.18,1,3.0,0.5
7762,2,6,70,3,15.17,1,1.5,0.5
7763,9,21,17,11,28.89,1,5.5,0.5
7764,3,3,168,8,39.5,1,4.0,0.5
7765,18,8,147,2,12.15,1,1.0,0.5
7766,7,13,30,3,19.03,1,1.5,0.5
7767,15,17,131,11,34.17,1,5.5,0.5
7768,20,8,258,2,10.62,1,1.0,0.5
7769,18,18,101,2,11.92,1,1.0,0.5
7770,3,3,243,13,40.73,1,6.5,0.5
7771,14,21,200,5,26.51,1,2.5,0.5
7772,2,18,11,9,28.06,1,4.5,0.5
7773,14,16,252,9,38.87,1,4.5,0.5
7774,11,18,260,1,4.97,1,0.5,0.5
7775,16,17,215,16,36.69,1,8.0,0.5
7776,8,6,132,2,9.64,1,1.0,0.5
7777,7,17,38,12,40.19,1,6.0,0.5
7778,11,15,76,1,5.9,1,0.5,0.5
7779,3,17,80,5,25.31,1,2.5,0.5
7780,17,7,282,5,26.81,1,2.5,0.5
7781,14,7,42,5,23.7,1,2.5,0.5
7782,6,21,87,2,12.12,1,1.0,0.5
7783,8,10,255,16,45.03,1,8.0,0.5
7784,5,18,210,7,23.4,1,3.5,0.5
7785,8,19,296,6,28.58,1,3.0,0.5
7786,2,3,331,12,28.45,1,6.0,0.5
7787,15,21,16,7,29.72,1,3.5,0.5
7788,12,1,17,1,6.74,1,0.5,0.5
7789,17,5,106,3,13.89,1,1.5,0.5
7790,1,19,223,1,5.98,1,0.5,0.5
7791,15,16,208,3,15.99,1,1.5,0.5
7792,14,17,331,1,3.95,1,0.5,0.5
7793,20,1,331,1,6.5,1,0.5,0.5
7794,16,17,88,6,17.71,1,3.0,0.5
7795,9,7,274,11,39.84,1,5.5,0.5
7796,1,20,333,2,9.17,1,1.0,0.5
7797,17,20,61,5,21.02,1,2.5,0.5
7798,13,2,25,19,73.22,1,9.5,0.5
7799,5,3,319,11,58.37,1,5.5,0.5
7800,10,20,250,9,26.52,1,4.5,0.5
7801,6,15,33,7,26.19,1,3.5,0.5
7802,19,19,69,2,9.1,1,1.0,0.5
7803,13,19,331,2,14.22,1,1.0,0.5
7804,1,19,59,11,42.48,1,5.5,0.5
7805,20,14,37,9,21.86,1,4.5,0.5
7806,15,6,322,10,38.0,1,5.0,0.5
7807,14,15,68,1,8.21,1,0.5,0.5
7808,8,21,304,4,17.25,1,2.0,0.5
7809,10,17,30,5,12.87,1,2.5,0.5
7810,9,14,145,5,20.43,1,2.5,0.5
7811,17,11,291,4,9.72,1,2.0,0.5
7812,9,13,115,8,27.16,1,4.0,0.5
7813,3,5,199,2,10.66,1,1.0,0.5
7814,11,16,258,6,22.0,1,3.0,0.5
7815,12,1,355,2,8.15,1,1.0,0.5
7816,10,8,344,10,21.74,1,5.0,0.5
7817,17,19,44,3,12.54,1,1.5,0.5
7818,17,20,277,3,14.21,1,1.5,0.5
7819,11,17,145,3,12.06,1,1.5,0.5
7820,4,20,210,14,60.91,1,7.0,0.5
7821,7,21,60,6,18.91,1,3.0,0.5
7822,14,21,338,4,15.91,1,2.0,0.5
7823,7,4,170,3,9.38,1,1.5,0.5
7824,8,18,212,5,16.57,1,2.5,0.5
7825,1,6,163,2,6.15,1,1.0,0.5
7826,4,7,209,3,10.35,1,1.5,0.5
7827,12,2,194,2,10.87,1,1.0,0.5
7828,3,19,156,7,17.52,1,3.5,0.5
7829,13,17,116,9,25.04,1,4.5,0.5
7830,20,9,348,10,35.44,1,5.0,0.5
7831,6,19,4,3,8.33,1,1.5,0.5
7832,11,5,41,6,18.76,1,3.0,0.5
7833,4,12,297,1,7.21,1,0.5,0.5
7834,20,11,227,11,44.76,1,5.5,0.5
7835,16,18,43,1,6.73,1,0.5,0.5
7836,7,7,207,10,24.85,1,5.0,0.5
7837,11,15,127,7,34.9,1,3.5,0.5
7838,1,19,102,7,21.37,1,3.5,0.5
7839,7,6,217,6,21.48,1,3.0,0.5
7840,12,12,209,11,24.74,1,5.5,0.5
7841,7,14,23,2,10.33,1,1.0,0.5
7842,7,10,152,1,6.69,1,0.5,0.5
7843,10,9,121,4,21.37,1,2.0,0.5
7844,16,3,119,6,22.63,1,3.0,0.5
7845,8,16,292,3,16.96,1,1.5,0.5
7846,9,3,52,9,22.31,1,4.5,0.5
7847,9,6,326,4,15.41,1,2.0,0.5
7848,2,10,325,28,82.82,1,14.0,0.5
7849,13,16,262,1,4.94,1,0.5,0.5
7850,13,3,1,3,14.07,1,1.5,0.5
7851,4,19,17,13,49.01,1,6.5,0.5
7852,12,21,309,1,2.8,1,0.5,0.5
7853,17,21,151,3,17.74,1,1.5,0.5
7854,2,2,69,9,31.28,1,4.5,0.5
7855,13,4,222,4,18.91,1,2.0,0.5
7856,18,11,361,6,13.98,1,3.0,0.5
7857,15,14,196,1,4.33,1,0.5,0.5
7858,8,21,356,15,40.67,1,7.5,0.5
7859,15,15,363,17,37.18,1,8.5,0.5
7860,1,16,194,3,12.75,1,1.5,0.5
7861,20,2,172,2,5.7,1,1.0,0.5
7862,10,21,248,4,9.5,1,2.0,0.5
7863,12,4,204,5,19.35,1,2.5,0.5
7864,5,3,187,3,11.56,1,1.5,0.5
7865,9,2,95,8,37.16,1,4.0,0.5
7866,8,3,324,10,21.94,1,5.0,0.5
7867,16,20,122,7,18.75,1,3.5,0.5
7868,14,4,203,5,15.61,1,2.5,0.5
7869,13,16,128,2,4.87,1,1.0,0.5
7870,13,16,302,6,23.1,1,3.0,0.5
7871,5,12,287,4,10.31,1,2.0,0.5
7872,16,19,151,3,7.63,1,1.5,0.5
7873,11,18,248,3,14.5,1,1.5,0.5
7874,5,9,157,4,19.06,1,2.0,0.5
7875,13,10,110,21,43.59,1,10.5,0.5
7876,11,20,338,7,28.67,1,3.5,0.5
7877,19,16,156,1,6.48,1,0.5,0.5
7878,3,15,291,4,14.01,1,2.0,0.5
7879,15,16,121,4,17.16,1,2.0,0.5
7880,7,20,302,4,15.2,1,2.0,0.5
7881,7,2,290,15,56.48,1,7.5,0.5
7882,6,15,47,13,42.26,1,6.5,0.5
7883,3,16,232,2,14.25,1,1.0,0.5
7884,13,17,170,3,14.54,1,1.5,0.5
7885,7,17,282,1,8.45,1,0.5,0.5
7886,5,10,51,9,42.83,1,4.5,0.5
7887,18,16,85,5,26.15,1,2.5,0.5
7888,8,7,116,2,6.58,1,1.0,0.5
7889,17,4,256,5,15.74,1,2.5,0.5
7890,20,20,71,4,10.02,1,2.0,0.5
7891,1,19,44,5,26.09,1,2.5,0.5
7892,14,17,238,4,19.24,1,2.0,0.5
7893,17,16,55,16,51.26,1,8.0,0.5
7894,10,21,278,17,40.95,1,8.5,0.5
7895,12,16,362,3,8.69,1,1.5,0.5
7896,16,20,170,3,9.71,1,1.5,0.5
7897,14,7,315,7,16.73,1,3.5,0.5
7898,16,8,57,3,11.65,1,1.5,0.5
7899,8,5,70,10,28.93,1,5.0,0.5
7900,10,16,30,1,5.18,1,0.5,0.5
7901,17,20,76,3,15.45,1,1.5,0.5
7902,18,18,72,11,54.95,1,5.5,0.5
7903,20,19,7,1,4.69,1,0.5,0.5
7904,16,21,119,17,60.39,1,8.5,0.5
7905,17,11,269,11,24.96,1,5.5,0.5
7906,16,16,25,10,29.8,1,5.0,0.5
7907,19,15,18,6,14.05,1,3.0,0.5
7908,8,4,111,6,33.74,1,3.0,0.5
7909,6,17,64,5,25.21,1,2.5,0.5
7910,6,15,238,1,3.85,1,0.5,0.5
7911,9,18,99,1,5.74,1,0.5,0.5
7912,4,12,207,1,5.76,1,0.5,0.5
7913,12,6,85,2,11.74,1,1.0,0.5
7914,12,16,310,1,8.0,1,0.5,0.5
7915,17,13,44,3,13.05,1,1.5,0.5
7916,15,5,110,1,5.66,1,0.5,0.5
7917,9,3,285,12,26.06,1,6.0,0.5
7918,7,16,189,5,12.36,1,2.5,0.5
7919,10,8,365,6,18.43,1,3.0,0.5
7920,16,21,199,7,26.53,1,3.5,0.5
7921,12,15,357,11,28.38,1,5.5,0.5
7922,7,13,342,9,23.68,1,4.5,0.5
7923,18,19,221,2,8.94,1,1.0,0.5
7924,15,16,301,7,32.26,1,3.5,0.5
7925,6,15,335,3,8.8,1,1.5,0.5
7926,12,16,272,1,4.63,1,0.5,0.5
7927,11,18,337,2,6.67,1,1.0,0.5
7928,20,15,44,1,7.36,1,0.5,0.5
7929,3,21,35,1,4.92,1,0.5,0.5
7930,2,1,183,11,43.09,1,5.5,0.5
7931,6,21,336,15,34.49,1,7.5,0.5
7932,5,17,239,4,13.69,1,2.0,0.5
7933,18,21,174,5,15.1,1,2.5,0.5
7934,16,15,60,4,9.78,1,2.0,0.5
7935,8,19,321,6,24.42,1,3.0,0.5
7936,20,10,296,9,46.01,1,4.5,0.5
7937,11,20,158,2,12.65,1,1.0,0.5
7938,10,14,229,7,22.92,1,3.5,0.5
7939,12,21,237,2,8.68,1,1.0,0.5
7940,6,21,231,24,56.13,1,12.0,0.5
7941,20,5,239,2,11.94,1,1.0,0.5
7942,5,16,108,11,39.67,1,5.5,0.5
7943,9,16,224,15,37.35,1,7.5,0.5
7944,16,18,269,15,34.01,1,7.5,0.5
7945,14,3,205,13,30.96,1,6.5,0.5
7946,8,5,38,3,16.03,1,1.5,0.5
7947,20,1,254,8,24.73,1,4.0,0.5
7948,19,20,63,2,11.3,1,1.0,0.5
7949,14,18,200,2,12.19,1,1.0,0.5
7950,7,15,272,2,9.02,1,1.0,0.5
7951,5,21,78,9,25.72,1,4.5,0.5
7952,18,18,44,3,10.04,1,1.5,0.5
7953,2,16,286,2,8.06,1,1.0,0.5
7954,11,7,214,2,6.31,1,1.0,0.5
7955,8,13,8,2,8.65,1,1.0,0.5
7956,1,12,23,8,27.02,1,4.0,0.5
7957,12,12,86,3,14.06,1,1.5,0.5
7958,2,7,340,4,24.15,1,2.0,0.5
7959,18,21,168,3,19.74,1,1.5,0.5
7960,7,11,164,5,19.1,1,2.5,0.5
7961,17,9,160,18,65.88,1,9.0,0.5
7962,14,9,9,9,33.13,1,4.5,0.5
7963,7,13,287,2,9.28,1,1.0,0.5
7964,3,7,268,13,39.79,1,6.5,0.5
7965,6,19,290,11,44.51,1,5.5,0.5
7966,20,17,66,4,11.75,1,2.0,0.5
7967,2,17,275,3,9.68,1,1.5,0.5
7968,17,14,1,3,15.05,1,1.5,0.5
7969,12,16,25,8,22.51,1,4.0,0.5
7970,12,13,3,7,18.18,1,3.5,0.5
7971,17,17,136,5,24.75,1,2.5,0.5
7972,10,19,364,2,10.97,1,1.0,0.5
7973,3,15,77,4,20.9,1,2.0,0.5
7974,20,15,291,4,13.14,1,2.0,0.5
7975,18,15,63,7,20.6,1,3.5,0.5
7976,13,19,210,1,4.11,1,0.5,0.5
7977,12,21,131,1,5.3,1,0.5,0.5
7978,17,12,76,3,16.26,1,1.5,0.5
7979,4,17,212,7,26.63,1,3.5,0.5
7980,10,21,154,1,7.18,1,0.5,0.5
7981,11,3,74,1,7.36,1,0.5,0.5
7982,6,19,340,4,13.49,1,2.0,0.5
7983,6,7,38,16,57.23,1,8.0,0.5
7984,9,21,2,6,15.49,1,3.0,0.5
7985,15,17,125,12,33.14,1,6.0,0.5
7986,2,19,246,8,31.08,1,4.0,0.5
7987,4,6,19,8,29.29,1,4.0,0.5
7988,5,17,127,2,10.18,1,1.0,0.5
7989,17,11,315,8,26.5,1,4.0,0.5
7990,8,5,70,3,15.95,1,1.5,0.5
7991,8,16,105,7,19.11,1,3.5,0.5
7992,12,16,95,10,51.87,1,5.0,0.5
7993,8,18,345,5,24.43,1,2.5,0.5
7994,19,17,206,5,15.21,1,2.5,0.5
7995,3,7,350,9,31.85,1,4.5,0.5
7996,18,11,92,12,39.45,1,6.0,0.5
7997,19,13,214,9,34.58,1,4.5,0.5
7998,19,17,276,10,38.78,1,5.0,0.5
7999,15,3,1,4,15.1,1,2.0,0.5
8000,6,18,364,3,10.59,1,1.5,0.5
8001,16,21,138,3,13.4,1,1.5,0.5
8002,8,21,215,5,14.05,1,2.5,0.5
8003,16,19,268,5,19.63,1,2.5,0.5
8004,18,20,63,3,7.19,1,1.5,0.5
8005,20,14,360,2,6.71,1,1.0,0.5
8006,16,21,163,18,39.81,1,9.0,0.5
8007,11,3,328,3,13.66,1,1.5,0.5
8008,7,3,315,8,39.19,1,4.0,0.5
8009,17,5,240,1,9.7,1,0.5,0.5
8010,17,21,67,13,48.83,1,6.5,0.5
8011,12,18,257,1,7.4,1,0.5,0.5
8012,13,21,303,9,37.06,1,4.5,0.5
8013,10,21,220,4,15.33,1,2.0,0.5
8014,7,2,298,6,16.42,1,3.0,0.5
8015,14,21,238,3,15.29,1,1.5,0.5
8016,1,2,25,3,14.81,1,1.5,0.5
8017,17,9,24,2,11.3,1,1.0,0.5
8018,4,21,176,15,35.24,1,7.5,0.5
8019,5,20,155,1,5.1,1,0.5,0.5
8020,20,17,208,2,9.47,1,1.0,0.5
8021,7,21,271,6,14.15,1,3.0,0.5
8022,10,10,168,8,18.41,1,4.0,0.5
8023,17,14,64,8,22.99,1,4.0,0.5
8024,7,20,320,3,18.76,1,1.5,0.5
8025,1,4,178,1,4.65,1,0.5,0.5
8026,7,19,294,9,30.05,1,4.5,0.5
8027,11,15,170,1,4.54,1,0.5,0.5
8028,9,16,363,1,2.25,1,0.5,0.5
8029,12,16,95,2,5.98,1,1.0,0.5
8030,3,14,334,6,21.96,1,3.0,0.5
8031,4,14,89,19,63.68,1,9.5,0.5
8032,4,9,69,2,7.68,1,1.0,0.5
8033,13,11,328,2,8.69,1,1.0,0.5
8034,19,20,216,2,9.47,1,1.0,0.5
8035,10,1,346,4,11.28,1,2.0,0.5
8036,5,18,81,6,20.25,1,3.0,0.5
8037,7,19,343,3,12.38,1,1.5,0.5
8038,16,12,339,4,18.55,1,2.0,0.5
8039,1,8,195,12,46.66,1,6.0,0.5
8040,12,19,237,10,41.97,1,5.0,0.5
8041,2,10,347,2,9.68,1,1.0,0.5
8042,7,20,150,5,14.6,1,2.5,0.5
8043,11,18,262,14,57.14,1,7.0,0.5
8044,13,18,307,1,0.37,1,0.5,0.5
8045,2,13,343,4,14.36,1,2.0,0.5
8046,7,13,80,6,26.28,1,3.0,0.5
8047,15,20,84,1,4.56,1,0.5,0.5
8048,11,19,317,7,28.4,1,3.5,0.5
8049,2,19,188,3,13.46,1,1.5,0.5
8050,7,3,159,6,24.84,1,3.0,0.5
8051,4,4,350,4,16.48,1,2.0,0.5
8052,11,12,291,2,9.46,1,1.0,0.5
8053,2,14,33,2,11.39,1,1.0,0.5
8054,16,17,197,4,12.44,1,2.0,0.5
8055,7,18,131,1,4.08,1,0.5,0.5
8056,13,6,247,8,22.77,1,4.0,0.5
8057,5,15,45,3,11.97,1,1.5,0.5
8058,17,21,344,3,16.55,1,1.5,0.5
8059,12,15,246,9,34.69,1,4.5,0.5
8060,19,6,211,5,16.51,1,2.5,0.5
8061,7,12,355,4,19.3,1,2.0,0.5
8062,6,4,316,1,7.23,1,0.5,0.5
8063,8,5,292,11,38.08,1,5.5,0.5
8064,13,12,322,3,14.41,1,1.5,0.5
8065,5,13,299,2,9.95,1,1.0,0.5
8066,2,11,157,1,4.14,1,0.5,0.5
8067,9,16,69,11,28.48,1,5.5,0.5
8068,11,18,155,2,9.86,1,1.0,0.5
8069,6,4,177,12,25.24,1,6.0,0.5
8070,7,2,41,19,49.66,1,9.5,0.5
8071,7,11,97,2,10.05,1,1.0,0.5
8072,19,21,169,11,36.25,1,5.5,0.5
8073,6,8,215,2,12.71,1,1.0,0.5
8074,11,9,119,7,23.55,1,3.5,0.5
8075,11,5,302,1,4.4,1,0.5,0.5
8076,7,1,43,1,3.9,1,0.5,0.5
8077,2,15,1,4,16.03,1,2.0,0.5
8078,19,17,29,7,18.52,1,3.5,0.5
8079,4,19,74,15,52.45,1,7.5,0.5
8080,6,19,61,1,7.67,1,0.5,0.5
8081,17,2,258,7,24.38,1,3.5,0.5
8082,5,3,197,6,21.52,1,3.0,0.5
8083,7,16,308,4,20.95,1,2.0,0.5
8084,9,10,61,7,33.55,1,3.5,0.5
8085,1,21,79,2,10.73,1,1.0,0.5
8086,1,20,350,6,29.71,1,3.0,0.5
8087,19,20,88,7,36.63,1,3.5,0.5
8088,6,8,279,1,4.75,1,0.5,0.5
8089,18,4,237,11,32.43,1,5.5,0.5
8090,10,18,60,5,13.01,1,2.5,0.5
8091,11,19,39,17,48.35,1,8.5,0.5
8092,1,15,262,5,22.32,1,2.5,0.5
8093,1,15,210,1,3.26,1,0.5,0.5
8094,13,20,330,14,30.75,1,7.0,0.5
8095,5,11,198,2,7.08,1,1.0,0.5
8096,20,1,284,1,3.3,1,0.5,0.5
8097,1,17,87,6,28.96,1,3.0,0.5
8098,20,7,136,5,26.77,1,2.5,0.5
8099,3,17,349,7,27.13,1,3.5,0.5
8100,18,15,73,7,27.07,1,3.5,0.5
8101,9,15,180,1,7.31,1,0.5,0.5
8102,14,15,287,6,27.88,1,3.0,0.5
8103,17,8,234,8,35.86,1,4.0,0.5
8104,14,19,283,1,7.29,1,0.5,0.5
8105,4,7,333,6,30.46,1,3.0,0.5
8106,5,19,25,5,13.45,1,2.5,0.5
8107,17,1,206,8,19.86,1,4.0,0.5
8108,2,21,186,6,15.37,1,3.0,0.5
8109,5,21,127,2,5.4,1,1.0,0.5
8110,4,19,276,5,20.31,1,2.5,0.5
8111,4,8,365,2,5.84,1,1.0,0.5
8112,6,19,297,2,11.89,1,1.0,0.5
8113,20,5,286,6,14.57,1,3.0,0.5
8114,13,1,366,1,2.59,1,0.5,0.5
8115,5,16,272,10,27.05,1,5.0,0.5
8116,7,15,8,2,8.92,1,1.0,0.5
8117,20,13,158,2,12.39,1,1.0,0.5
8118,1,17,348,1,8.65,1,0.5,0.5
8119,14,11,188,3,17.22,1,1.5,0.5
8120,4,16,192,2,9.65,1,1.0,0.5
8121,17,18,150,10,34.99,1,5.0,0.5
8122,14,20,37,11,25.53,1,5.5,0.5
8123,16,16,253,3,9.58,1,1.5,0.5
8124,14,8,17,5,22.1,1,2.5,0.5
8125,16,2,165,4,17.08,1,2.0,0.5
8126,20,17,294,3,14.23,1,1.5,0.5
8127,8,20,245,2,5.97,1,1.0,0.5
8128,3,18,281,1,3.31,1,0.5,0.5
8129,19,17,144,11,33.47,1,5.5,0.5
8130,1,19,321,4,21.3,1,2.0,0.5
8131,2,18,227,3,11.58,1,1.5,0.5
8132,15,18,65,8,22.72,1,4.0,0.5
8133,10,3,3,4,11.56,1,2.0,0.5
8134,18,6,247,6,21.37,1,3.0,0.5
8135,14,15,350,3,12.65,1,1.5,0.5
8136,17,20,363,2,9.98,1,1.0,0.5
8137,13,20,210,9,26.44,1,4.5,0.5
8138,1,20,203,4,15.92,1,2.0,0.5
8139,5,19,40,1,3.83,1,0.5,0.5
8140,13,21,333,2,13.01,1,1.0,0.5
8141,14,7,255,2,8.54,1,1.0,0.5
8142,3,17,316,3,13.33,1,1.5,0.5
8143,15,13,104,3,10.86,1,1.5,0.5
8144,19,17,97,2,11.82,1,1.0,0.5
8145,17,8,300,13,27.14,1,6.5,0.5
8146,3,21,30,6,29.42,1,3.0,0.5
8147,16,21,242,6,31.72,1,3.0,0.5
8148,14,17,50,10,52.92,1,5.0,0.5
8149,12,4,182,5,20.55,1,2.5,0.5
8150,12,18,236,8,28.19,1,4.0,0.5
8151,11,12,173,2,5.52,1,1.0,0.5
8152,17,15,160,1,4.46,1,0.5,0.5
8153,8,3,46,4,17.37,1,2.0,0.5
8154,17,15,179,3,14.41,1,1.5,0.5
8155,20,19,357,13,27.72,1,6.5,0.5
8156,11,19,196,1,2.52,1,0.5,0.5
8157,2,14,270,5,18.41,1,2.5,0.5
8158,10,15,43,1,7.75,1,0.5,0.5
8159,10,18,137,12,27.6,1,6.0,0.5
8160,11,20,231,8,20.42,1,4.0,0.5
8161,6,12,163,12,24.59,1,6.0,0.5
8162,4,18,226,6,30.14,1,3.0,0.5
8163,12,20,332,6,21.12,1,3.0,0.5
8164,11,1,208,1,1.44,1,0.5,0.5
8165,13,16,250,8,28.06,1,4.0,0.5
8166,5,13,96,6,15.95,1,3.0,0.5
8167,6,17,211,3,17.63,1,1.5,0.5
8168,1,20,270,8,39.72,1,4.0,0.5
8169,6,19,117,2,7.37,1,1.0,0.5
8170,18,17,136,4,12.45,1,2.0,0.5
8171,9,16,257,11,54.52,1,5.5,0.5
8172,15,18,194,2,6.43,1,1.0,0.5
8173,8,11,70,2,9.21,1,1.0,0.5
8174,19,19,286,2,9.41,1,1.0,0.5
8175,16,8,263,10,34.31,1,5.0,0.5
8176,6,14,7,3,8.76,1,1.5,0.5
8177,6,17,279,4,11.21,1,2.0,0.5
8178,3,18,320,3,17.14,1,1.5,0.5
8179,10,8,285,3,15.25,1,1.5,0.5
8180,1,4,59,4,13.61,1,2.0,0.5
8181,14,17,273,3,13.91,1,1.5,0.5
8182,4,20,152,2,8.2,1,1.0,0.5
8183,12,15,147,1,1.61,1,0.5,0.5
8184,6,14,144,1,4.98,1,0.5,0.5
8185,11,16,271,1,8.06,1,0.5,0.5
8186,12,2,320,4,12.4,1,2.0,0.5
8187,10,21,156,3,13.22,1,1.5,0.5
8188,18,12,208,5,12.35,1,2.5,0.5
8189,7,6,150,7,35.57,1,3.5,0.5
8190,7,15,297,2,11.6,1,1.0,0.5
8191,11,11,67,2,7.36,1,1.0,0.5
8192,4,19,238,8,31.42,1,4.0,0.5
8193,20,7,338,2,12.02,1,1.0,0.5
8194,1,16,138,8,25.26,1,4.0,0.5
8195,13,6,224,1,3.83,1,0.5,0.5
8196,18,17,323,1,4.39,1,0.5,0.5
8197,9,17,37,7,29.78,1,3.5,0.5
8198,9,20,54,6,14.23,1,3.0,0.5
8199,9,20,126,7,16.45,1,3.5,0.5
8200,10,19,175,9,30.59,1,4.5,0.5
8201,2,9,80,4,14.51,1,2.0,0.5
8202,6,17,120,5,12.77,1,2.5,0.5
8203,15,20,240,3,13.07,1,1.5,0.5
8204,3,18,197,17,43.25,1,8.5,0.5
8205,11,16,231,9,21.73,1,4.5,0.5
8206,6,3,220,1,7.05,1,0.5,0.5
8207,3,7,347,9,18.2,1,4.5,0.5
8208,11,19,64,8,29.58,1,4.0,0.5
8209,15,20,134,2,11.4,1,1.0,0.5
8210,13,18,127,3,14.63,1,1.5,0.5
8211,20,8,87,1,6.05,1,0.5,0.5
8212,10,3,234,8,16.71,1,4.0,0.5
8213,6,4,106,1,2.13,1,0.5,0.5
8214,15,12,261,5,18.08,1,2.5,0.5
8215,18,19,169,4,18.93,1,2.0,0.5
8216,18,18,244,13,30.37,1,6.5,0.5
8217,7,16,248,3,15.48,1,1.5,0.5
8218,15,15,4,5,13.45,1,2.5,0.5
8219,18,3,297,5,24.35,1,2.5,0.5
8220,18,18,173,5,21.88,1,2.5,0.5
8221,20,7,287,7,18.72,1,3.5,0.5
8222,9,5,116,2,6.91,1,1.0,0.5
8223,2,4,345,5,20.98,1,2.5,0.5
8224,8,3,54,1,1.17,1,0.5,0.5
8225,20,16,225,2,6.73,1,1.0,0.5
8226,2,18,335,5,22.23,1,2.5,0.5
8227,11,15,237,2,7.81,1,1.0,0.5
8228,7,21,9,6,31.33,1,3.0,0.5
8229,6,21,173,3,19.68,1,1.5,0.5
8230,10,7,105,8,32.52,1,4.0,0.5
8231,5,18,244,8,19.07,1,4.0,0.5
8232,11,18,185,1,8.24,1,0.5,0.5
8233,1,9,56,11,31.51,1,5.5,0.5
8234,2,20,298,1,4.08,1,0.5,0.5
8235,1,4,240,15,31.73,1,7.5,0.5
8236,19,3,161,2,12.05,1,1.0,0.5
8237,2,16,165,3,11.2,1,1.5,0.5
8238,20,16,230,5,16.3,1,2.5,0.5
8239,4,18,119,3,12.67,1,1.5,0.5
8240,12,4,25,5,17.28,1,2.5,0.5
8241,20,16,297,10,52.22,1,5.0,0.5
8242,18,10,171,2,5.35,1,1.0,0.5
8243,1,14,223,7,24.32,1,3.5,0.5
8244,1,21,241,6,20.93,1,3.0,0.5
8245,14,8,154,1,3.4,1,0.5,0.5
8246,4,8,189,8,18.84,1,4.0,0.5
8247,5,20,9,9,34.81,1,4.5,0.5
8248,11,15,219,16,47.52,1,8.0,0.5
8249,13,7,2,4,10.05,1,2.0,0.5
8250,16,12,215,10,46.01,1,5.0,0.5
8251,13,3,304,5,24.24,1,2.5,0.5
8252,2,15,232,6,27.03,1,3.0,0.5
8253,16,19,178,3,12.78,1,1.5,0.5
8254,6,15,120,10,43.14,1,5.0,0.5
8255,14,20,267,13,42.13,1,6.5,0.5
8256,1,18,264,4,12.24,1,2.0,0.5
8257,17,17,194,4,23.14,1,2.0,0.5
8258,11,20,99,6,17.59,1,3.0,0.5
8259,19,6,218,2,10.93,1,1.0,0.5
8260,3,10,137,5,12.44,1,2.5,0.5
8261,11,21,267,1,6.03,1,0.5,0.5
8262,5,15,240,3,16.35,1,1.5,0.5
8263,17,21,331,6,29.41,1,3.0,0.5
8264,7,1,222,10,29.56,1,5.0,0.5
8265,10,12,111,8,35.63,1,4.0,0.5
8266,11,17,158,13,39.85,1,6.5,0.5
8267,3,17,108,1,9.15,1,0.5,0.5
8268,20,15,30,4,21.03,1,2.0,0.5
8269,10,16,198,1,3.03,1,0.5,0.5
8270,10,8,76,12,48.82,1,6.0,0.5
8271,14,16,312,1,7.06,1,0.5,0.5
8272,12,1,237,9,24.8,1,4.5,0.5
8273,15,20,312,13,39.83,1,6.5,0.5
8274,10,3,196,4,17.39,1,2.0,0.5
8275,10,7,329,8,39.94,1,4.0,0.5
8276,19,19,118,18,43.67,1,9.0,0.5
8277,1,21,44,1,4.92,1,0.5,0.5
8278,10,1,160,5,22.25,1,2.5,0.5
8279,2,18,180,5,20.18,1,2.5,0.5
8280,17,21,95,7,37.08,1,3.5,0.5
8281,7,11,113,3,13.85,1,1.5,0.5
8282,7,17,326,5,24.26,1,2.5,0.5
8283,20,15,178,1,7.91,1,0.5,0.5
8284,9,14,202,3,16.55,1,1.5,0.5
8285,2,16,245,1,6.64,1,0.5,0.5
8286,14,6,134,2,6.08,1,1.0,0.5
8287,17,18,81,2,9.38,1,1.0,0.5
8288,1,15,155,1,7.58,1,0.5,0.5
8289,9,19,285,18,37.14,1,9.0,0.5
8290,20,11,226,3,12.73,1,1.5,0.5
8291,19,17,209,2,8.89,1,1.0,0.5
8292,4,16,314,1,9.24,1,0.5,0.5
8293,8,17,208,3,13.29,1,1.5,0.5
8294,13,2,42,7,24.07,1,3.5,0.5
8295,4,11,148,2,9.64,1,1.0,0.5
8296,9,20,114,8,27.13,1,4.0,0.5
8297,9,4,302,2,11.89,1,1.0,0.5
8298,18,16,227,2,7.09,1,1.0,0.5
8299,12,6,208,6,28.02,1,3.0,0.5
8300,10,21,11,4,20.48,1,2.0,0.5
8301,11,15,104,2,10.3,1,1.0,0.5
8302,7,7,113,11,29.31,1,5.5,0.5
8303,9,14,123,4,16.15,1,2.0,0.5
8304,6,20,4,10,33.57,1,5.0,0.5
8305,19,21,308,9,22.6,1,4.5,0.5
8306,16,18,235,9,20.73,1,4.5,0.5
8307,15,19,65,13,33.67,1,6.5,0.5
8308,7,14,258,11,30.7,1,5.5,0.5
8309,16,11,249,1,7.46,1,0.5,0.5
8310,5,18,200,1,7.69,1,0.5,0.5
8311,16,13,314,13,28.69,1,6.5,0.5
8312,1,15,154,2,10.7,1,1.0,0.5
8313,19,8,341,7,35.26,1,3.5,0.5
8314,5,6,4,7,20.63,1,3.5,0.5
8315,7,18,127,8,24.53,1,4.0,0.5
8316,19,11,67,5,25.73,1,2.5,0.5
8317,5,3,46,6,13.0,1,3.0,0.5
8318,17,17,325,7,32.76,1,3.5,0.5
8319,8,5,345,2,11.83,1,1.0,0.5
8320,1,17,13,2,8.4,1,1.0,0.5
8321,2,18,64,4,9.06,1,2.0,0.5
8322,15,17,155,10,44.52,1,5.0,0.5
8323,20,4,55,1,4.41,1,0.5,0.5
8324,18,17,179,3,11.8,1,1.5,0.5
8325,11,17,16,2,6.27,1,1.0,0.5
8326,10,18,155,2,12.87,1,1.0,0.5
8327,4,15,156,4,17.9,1,2.0,0.5
8328,5,13,113,1,3.8,1,0.5,0.5
8329,4,15,215,5,11.97,1,2.5,0.5
8330,13,19,234,2,10.7,1,1.0,0.5
8331,13,16,351,5,23.78,1,2.5,0.5
8332,18,19,24,14,31.36,1,7.0,0.5
8333,2,12,8,17,44.98,1,8.5,0.5
8334,16,4,327,11,41.69,1,5.5,0.5
8335,1,18,212,10,25.18,1,5.0,0.5
8336,19,20,70,12,30.16,1,6.0,0.5
8337,9,15,106,6,13.18,1,3.0,0.5
8338,3,2,208,1,5.41,1,0.5,0.5
8339,7,20,324,9,20.37,1,4.5,0.5
8340,10,17,99,3,14.76,1,1.5,0.5
8341,1,16,140,11,25.53,1,5.5,0.5
8342,10,19,202,3,15.12,1,1.5,0.5
8343,9,18,41,2,8.52,1,1.0,0.5
8344,15,5,300,3,9.52,1,1.5,0.5
8345,15,10,86,8,17.91,1,4.0,0.5
8346,3,6,1,3,15.99,1,1.5,0.5
8347,5,15,217,4,21.74,1,2.0,0.5
8348,9,4,341,7,19.77,1,3.5,0.5
8349,9,20,210,2,9.08,1,1.0,0.5
8350,7,21,223,3,15.0,1,1.5,0.5
8351,12,10,216,4,20.44,1,2.0,0.5
8352,9,6,74,2,10.8,1,1.0,0.5
8353,6,2,340,3,8.53,1,1.5,0.5
8354,2,16,259,6,27.92,1,3.0,0.5
8355,9,17,313,15,35.93,1,7.5,0.5
8356,17,14,16,5,16.89,1,2.5,0.5
8357,1,15,129,11,50.12,1,5.5,0.5
8358,19,12,188,4,20.45,1,2.0,0.5
8359,6,16,119,13,45.28,1,6.5,0.5
8360,5,3,259,4,21.67,1,2.0,0.5
8361,2,14,317,4,13.94,1,2.0,0.5
8362,9,20,211,10,28.67,1,5.0,0.5
8363,14,19,215,2,11.48,1,1.0,0.5
8364,4,15,93,9,35.52,1,4.5,0.5
8365,4,21,241,3,17.92,1,1.5,0.5
8366,15,3,232,7,18.71,1,3.5,0.5
8367,8,17,287,8,27.01,1,4.0,0.5
8368,4,2,184,2,8.4,1,1.0,0.5
8369,16,10,102,4,13.55,1,2.0,0.5
8370,4,21,324,8,25.1,1,4.0,0.5
8371,16,16,332,22,68.83,1,11.0,0.5
8372,12,16,289,5,23.03,1,2.5,0.5
8373,16,15,42,12,55.56,1,6.0,0.5
8374,19,16,215,2,11.08,1,1.0,0.5
8375,8,19,136,3,7.75,1,1.5,0.5
8376,6,13,162,12,33.75,1,6.0,0.5
8377,10,21,337,1,3.23,1,0.5,0.5
8378,5,21,92,1,6.16,1,0.5,0.5
8379,18,16,6,8,26.32,1,4.0,0.5
8380,10,4,59,10,25.68,1,5.0,0.5
8381,10,8,360,7,17.51,1,3.5,0.5
8382,7,5,174,1,7.54,1,0.5,0.5
8383,18,21,307,6,19.82,1,3.0,0.5
8384,1,20,144,2,9.97,1,1.0,0.5
8385,7,1,356,6,14.53,1,3.0,0.5
8386,1,21,5,9,35.02,1,4.5,0.5
8387,15,20,19,2,10.9,1,1.0,0.5
8388,4,21,1,6,14.29,1,3.0,0.5
8389,20,11,83,3,17.03,1,1.5,0.5
8390,10,4,18,3,10.93,1,1.5,0.5
8391,9,18,264,2,11.38,1,1.0,0.5
8392,2,7,134,2,6.12,1,1.0,0.5
8393,14,17,280,8,16.95,1,4.0,0.5
8394,16,18,152,2,8.3,1,1.0,0.5
8395,1,9,296,17,84.96,1,8.5,0.5
8396,2,20,264,7,31.07,1,3.5,0.5
8397,7,18,157,9,30.24,1,4.5,0.5
8398,10,16,40,4,21.0,1,2.0,0.5
8399,20,18,230,8,28.73,1,4.0,0.5
8400,1,21,346,11,48.89,1,5.5,0.5
8401,13,17,338,3,16.21,1,1.5,0.5
8402,1,17,303,1,6.2,1,0.5,0.5
8403,5,16,232,7,27.01,1,3.5,0.5
8404,16,6,139,15,31.5,1,7.5,0.5
8405,15,13,251,10,32.47,1,5.0,0.5
8406,17,6,79,13,34.84,1,6.5,0.5
8407,16,16,7,1,1.34,1,0.5,0.5
8408,13,20,354,6,25.9,1,3.0,0.5
8409,11,5,139,6,18.66,1,3.0,0.5
8410,17,19,151,7,18.11,1,3.5,0.5
8411,17,1,114,11,44.36,1,5.5,0.5
8412,2,7,38,2,9.82,1,1.0,0.5
8413,13,5,217,1,4.12,1,0.5,0.5
8414,14,2,102,6,32.23,1,3.0,0.5
8415,11,19,298,1,5.64,1,0.5,0.5
8416,10,19,220,3,15.68,1,1.5,0.5
8417,3,19,75,5,23.45,1,2.5,0.5
8418,17,16,321,5,15.74,1,2.5,0.5
8419,15,21,171,6,31.18,1,3.0,0.5
8420,9,21,211,2,4.72,1,1.0,0.5
8421,10,16,259,1,2.0,1,0.5,0.5
8422,8,9,329,2,12.97,1,1.0,0.5
8423,13,12,349,2,8.47,1,1.0,0.5
8424,18,6,115,1,3.57,1,0.5,0.5
8425,5,18,168,3,16.43,1,1.5,0.5
8426,6,2,175,2,5.47,1,1.0,0.5
8427,17,17,222,1,4.32,1,0.5,0.5
8428,11,15,21,7,22.25,1,3.5,0.5
8429,20,15,196,12,58.27,1,6.0,0.5
8430,16,20,296,3,11.79,1,1.5,0.5
8431,9,20,187,1,3.41,1,0.5,0.5
8432,2,8,355,7,17.88,1,3.5,0.5
8433,5,18,281,13,28.98,1,6.5,0.5
8434,1,17,355,4,18.07,1,2.0,0.5
8435,4,17,8,17,51.82,1,8.5,0.5
8436,4,9,254,9,25.82,1,4.5,0.5
8437,3,10,46,12,61.59,1,6.0,0.5
8438,9,9,207,3,10.57,1,1.5,0.5
8439,12,18,184,2,6.5,1,1.0,0.5
8440,10,17,63,3,16.25,1,1.5,0.5
8441,2,11,161,2,11.36,1,1.0,0.5
8442,11,15,342,13,29.78,1,6.5,0.5
8443,10,17,250,2,11.15,1,1.0,0.5
8444,6,21,313,7,38.32,1,3.5,0.5
8445,18,21,14,9,25.7,1,4.5,0.5
8446,2,11,13,1,4.02,1,0.5,0.5
8447,2,14,44,6,20.49,1,3.0,0.5
8448,10,2,246,7,34.14,1,3.5,0.5
8449,16,7,292,2,9.71,1,1.0,0.5
8450,12,20,80,10,20.48,1,5.0,0.5
8451,1,21,167,7,30.67,1,3.5,0.5
8452,8,3,145,5,14.51,1,2.5,0.5
8453,16,6,346,5,17.85,1,2.5,0.5
8454,18,9,268,1,2.3,1,0.5,0.5
8455,13,9,48,1,4.24,1,0.5,0.5
8456,15,19,19,4,15.52,1,2.0,0.5
8457,12,20,90,3,13.33,1,1.5,0.5
8458,8,11,106,1,6.75,1,0.5,0.5
8459,10,11,357,4,19.79,1,2.0,0.5
8460,14,9,115,4,22.54,1,2.0,0.5
8461,5,21,118,6,27.19,1,3.0,0.5
8462,18,15,98,3,16.81,1,1.5,0.5
8463,19,1,52,5,13.05,1,2.5,0.5
8464,15,17,234,4,20.27,1,2.0,0.5
8465,6,17,232,7,33.79,1,3.5,0.5
8466,11,11,365,5,22.18,1,2.5,0.5
8467,11,7,17,3,16.05,1,1.5,0.5
8468,20,11,153,7,28.45,1,3.5,0.5
8469,20,11,188,11,36.93,1,5.5,0.5
8470,18,19,107,1,5.47,1,0.5,0.5
8471,18,19,259,4,12.93,1,2.0,0.5
8472,10,15,134,1,8.8,1,0.5,0.5
8473,2,13,164,20,42.93,1,10.0,0.5
8474,9,8,217,6,13.46,1,3.0,0.5
8475,14,21,351,11,51.06,1,5.5,0.5
8476,19,19,361,3,15.5,1,1.5,0.5
8477,10,18,156,5,22.63,1,2.5,0.5
8478,4,2,318,7,22.57,1,3.5,0.5
8479,6,21,356,4,13.5,1,2.0,0.5
8480,14,18,146,7,26.45,1,3.5,0.5
8481,4,17,65,24,50.44,1,12.0,0.5
8482,15,1,117,6,21.04,1,3.0,0.5
8483,16,10,366,10,21.4,1,5.0,0.5
8484,7,17,15,16,33.6,1,8.0,0.5
8485,17,17,147,5,12.94,1,2.5,0.5
8486,19,3,56,4,14.61,1,2.0,0.5
8487,19,20,306,5,19.88,1,2.5,0.5
8488,17,11,303,1,8.61,1,0.5,0.5
8489,6,5,49,3,8.87,1,1.5,0.5
8490,11,21,46,8,21.92,1,4.0,0.5
8491,16,19,126,8,29.45,1,4.0,0.5
8492,8,17,354,13,33.27,1,6.5,0.5
8493,11,17,134,2,13.99,1,1.0,0.5
8494,7,18,238,1,7.98,1,0.5,0.5
8495,19,17,232,6,22.58,1,3.0,0.5
8496,10,20,170,12,50.08,1,6.0,0.5
8497,9,16,339,4,16.06,1,2.0,0.5
8498,4,18,186,4,16.62,1,2.0,0.5
8499,15,7,54,3,12.14,1,1.5,0.5
8500,13,18,123,13,27.29,1,6.5,0.5
8501,2,14,363,13,27.55,1,6.5,0.5
8502,2,20,166,9,22.75,1,4.5,0.5
8503,16,18,299,16,37.07,1,8.0,0.5
8504,9,5,70,1,1.96,1,0.5,0.5
8505,13,1,72,3,10.12,1,1.5,0.5
8506,3,20,365,10,35.78,1,5.0,0.5
8507,9,16,333,1,8.7,1,0.5,0.5
8508,13,15,71,7,16.61,1,3.5,0.5
8509,2,18,49,13,42.79,1,6.5,0.5
8510,8,6,237,1,4.35,1,0.5,0.5
8511,9,15,4,13,46.31,1,6.5,0.5
8512,16,16,129,1,7.73,1,0.5,0.5
8513,2,19,92,2,10.79,1,1.0,0.5
8514,6,13,84,12,44.99,1,6.0,0.5
8515,8,15,362,4,17.43,1,2.0,0.5
8516,5,8,247,4,15.91,1,2.0,0.5
8517,9,12,252,18,55.24,1,9.0,0.5
8518,1,18,257,8,38.52,1,4.0,0.5
8519,9,11,115,2,7.83,1,1.0,0.5
8520,10,9,171,16,64.35,1,8.0,0.5
8521,4,21,309,1,5.85,1,0.5,0.5
8522,3,17,12,9,20.24,1,4.5,0.5
8523,10,17,101,5,19.63,1,2.5,0.5
8524,15,18,194,1,5.49,1,0.5,0.5
8525,11,17,120,3,11.42,1,1.5,0.5
8526,14,5,187,4,16.52,1,2.0,0.5
8527,6,20,350,8,35.15,1,4.0,0.5
8528,12,14,151,6,23.46,1,3.0,0.5
8529,13,14,118,1,4.0,1,0.5,0.5
8530,17,3,211,1,4.28,1,0.5,0.5
8531,16,16,113,3,10.76,1,1.5,0.5
8532,3,16,266,12,52.74,1,6.0,0.5
8533,2,16,306,5,18.38,1,2.5,0.5
8534,11,1,127,12,49.16,1,6.0,0.5
8535,9,3,145,4,9.11,1,2.0,0.5
8536,3,17,232,6,18.75,1,3.0,0.5
8537,18,10,87,9,20.25,1,4.5,0.5
8538,20,21,234,4,12.51,1,2.0,0.5
8539,15,19,170,1,6.95,1,0.5,0.5
8540,14,19,127,6,27.28,1,3.0,0.5
8541,2,1,67,1,5.27,1,0.5,0.5
8542,17,18,38,1,5.24,1,0.5,0.5
8543,8,19,330,3,16.17,1,1.5,0.5
8544,10,21,321,14,49.8,1,7.0,0.5
8545,18,18,318,12,29.69,1,6.0,0.5
8546,19,7,91,3,14.71,1,1.5,0.5
8547,8,8,208,6,17.59,1,3.0,0.5
8548,8,16,88,4,21.44,1,2.0,0.5
8549,3,18,122,9,33.55,1,4.5,0.5
8550,3,21,3,9,27.3,1,4.5,0.5
8551,12,10,190,3,19.11,1,1.5,0.5
8552,17,3,323,1,7.29,1,0.5,0.5
8553,4,16,32,4,16.0,1,2.0,0.5
8554,17,17,54,14,60.85,1,7.0,0.5
8555,14,14,112,5,28.64,1,2.5,0.5
8556,19,16,130,8,23.55,1,4.0,0.5
8557,9,21,283,2,8.29,1,1.0,0.5
8558,12,15,136,3,9.3,1,1.5,0.5
8559,5,16,85,2,10.01,1,1.0,0.5
8560,11,13,40,16,33.99,1,8.0,0.5
8561,20,20,65,10,45.79,1,5.0,0.5
8562,3,13,273,3,13.23,1,1.5,0.5
8563,15,15,322,1,4.54,1,0.5,0.5
8564,14,4,335,3,11.61,1,1.5,0.5
8565,11,17,350,6,14.32,1,3.0,0.5
8566,20,18,232,5,16.58,1,2.5,0.5
8567,8,18,22,4,20.47,1,2.0,0.5
8568,4,2,2,23,61.57,1,11.5,0.5
8569,12,9,288,8,34.05,1,4.0,0.5
8570,8,6,97,6,27.97,1,3.0,0.5
8571,6,18,154,2,6.94,1,1.0,0.5
8572,15,18,50,6,30.69,1,3.0,0.5
8573,12,17,256,3,14.1,1,1.5,0.5
8574,16,19,72,25,63.25,1,12.5,0.5
8575,16,1,36,6,18.4,1,3.0,0.5
8576,20,18,362,8,22.59,1,4.0,0.5
8577,20,17,338,3,14.05,1,1.5,0.5
8578,4,7,27,6,17.97,1,3.0,0.5
8579,11,19,361,1,3.05,1,0.5,0.5
8580,13,16,279,6,16.64,1,3.0,0.5
8581,9,11,303,1,4.25,1,0.5,0.5
8582,4,13,184,2,11.03,1,1.0,0.5
8583,12,18,92,7,15.44,1,3.5,0.5
8584,9,9,359,7,16.89,1,3.5,0.5
8585,13,18,303,8,18.42,1,4.0,0.5
8586,16,21,249,1,6.65,1,0.5,0.5
8587,6,1,56,1,1.8,1,0.5,0.5
8588,10,16,246,3,7.66,1,1.5,0.5
8589,13,4,180,1,7.79,1,0.5,0.5
8590,7,16,193,9,45.67,1,4.5,0.5
8591,19,9,61,1,7.9,1,0.5,0.5
8592,19,7,166,5,19.03,1,2.5,0.5
8593,17,20,300,2,11.43,1,1.0,0.5
8594,13,18,106,9,20.47,1,4.5,0.5
8595,13,18,209,11,35.41,1,5.5,0.5
8596,2,6,250,7,16.67,1,3.5,0.5
8597,10,14,212,4,17.63,1,2.0,0.5
8598,13,18,285,1,5.21,1,0.5,0.5
8599,9,9,96,1,3.88,1,0.5,0.5
8600,1,5,240,3,13.05,1,1.5,0.5
8601,14,9,135,5,22.66,1,2.5,0.5
8602,16,21,216,11,29.87,1,5.5,0.5
8603,20,10,125,4,19.54,1,2.0,0.5
8604,15,17,277,10,32.03,1,5.0,0.5
8605,1,11,263,10,34.96,1,5.0,0.5
8606,17,18,125,4,11.7,1,2.0,0.5
8607,13,6,216,9,28.2,1,4.5,0.5
8608,15,19,127,10,28.19,1,5.0,0.5
8609,16,19,67,1,3.46,1,0.5,0.5
8610,16,19,71,1,3.93,1,0.5,0.5
8611,2,7,227,5,13.49,1,2.5,0.5
8612,17,16,260,1,4.89,1,0.5,0.5
8613,11,16,119,1,4.78,1,0.5,0.5
8614,8,16,67,2,10.36,1,1.0,0.5
8615,20,16,265,5,13.56,1,2.5,0.5
8616,3,21,327,1,9.52,1,0.5,0.5
8617,12,20,135,7,19.11,1,3.5,0.5
8618,20,16,55,2,11.71,1,1.0,0.5
8619,16,7,277,5,23.37,1,2.5,0.5
8620,14,7,334,6,28.55,1,3.0,0.5
8621,16,17,122,12,38.19,1,6.0,0.5
8622,17,1,40,6,14.37,1,3.0,0.5
8623,11,7,158,12,25.41,1,6.0,0.5
8624,17,15,45,15,60.86,1,7.5,0.5
8625,19,7,196,10,28.49,1,5.0,0.5
8626,1,2,128,3,10.11,1,1.5,0.5
8627,12,21,191,3,11.77,1,1.5,0.5
8628,15,19,144,6,21.58,1,3.0,0.5
8629,18,11,239,1,6.11,1,0.5,0.5
8630,14,18,33,4,11.68,1,2.0,0.5
8631,1,14,175,1,3.59,1,0.5,0.5
8632,13,11,26,8,36.18,1,4.0,0.5
8633,15,15,22,4,15.53,1,2.0,0.5
8634,7,17,131,8,19.07,1,4.0,0.5
8635,15,8,356,2,10.99,1,1.0,0.5
8636,20,20,21,2,13.08,1,1.0,0.5
8637,10,19,206,1,2.35,1,0.5,0.5
8638,14,14,331,2,14.42,1,1.0,0.5
8639,6,17,248,1,1.29,1,0.5,0.5
8640,14,18,19,3,11.51,1,1.5,0.5
8641,12,15,142,3,14.35,1,1.5,0.5
8642,11,11,120,3,11.28,1,1.5,0.5
8643,20,17,233,5,27.46,1,2.5,0.5
8644,19,14,37,2,5.4,1,1.0,0.5
8645,2,5,101,3,13.48,1,1.5,0.5
8646,20,17,175,5,12.01,1,2.5,0.5
8647,1,15,177,2,11.85,1,1.0,0.5
8648,8,21,120,4,12.22,1,2.0,0.5
8649,14,21,105,3,8.1,1,1.5,0.5
8650,9,11,184,2,11.55,1,1.0,0.5
8651,2,9,90,4,13.13,1,2.0,0.5
8652,5,13,297,3,13.4,1,1.5,0.5
8653,8,20,143,4,22.8,1,2.0,0.5
8654,16,8,249,1,2.41,1,0.5,0.5
8655,16,17,84,4,11.38,1,2.0,0.5
8656,13,10,139,3,15.35,1,1.5,0.5
8657,20,18,300,5,13.73,1,2.5,0.5
8658,15,16,55,2,4.59,1,1.0,0.5
8659,1,17,116,7,22.31,1,3.5,0.5
8660,3,17,171,3,11.02,1,1.5,0.5
8661,6,4,340,7,21.1,1,3.5,0.5
8662,14,14,206,4,11.24,1,2.0,0.5
8663,4,20,285,3,12.91,1,1.5,0.5
8664,18,6,289,8,30.8,1,4.0,0.5
8665,15,15,332,1,8.07,1,0.5,0.5
8666,9,15,285,1,4.67,1,0.5,0.5
8667,18,1,115,1,7.73,1,0.5,0.5
8668,3,1,44,14,42.4,1,7.0,0.5
8669,10,5,324,6,16.79,1,3.0,0.5
8670,17,2,307,23,48.91,1,11.5,0.5
8671,7,6,328,1,6.06,1,0.5,0.5
8672,15,4,180,8,23.13,1,4.0,0.5
8673,1,5,47,1,6.08,1,0.5,0.5
8674,11,20,139,4,15.84,1,2.0,0.5
8675,17,20,226,20,51.62,1,10.0,0.5
8676,5,8,117,1,5.79,1,0.5,0.5
8677,7,18,273,2,11.3,1,1.0,0.5
8678,19,10,313,4,15.75,1,2.0,0.5
8679,15,21,222,2,11.38,1,1.0,0.5
8680,3,12,179,5,18.51,1,2.5,0.5
8681,15,18,78,4,16.16,1,2.0,0.5
8682,5,18,101,12,48.04,1,6.0,0.5
8683,12,21,113,10,43.98,1,5.0,0.5
8684,20,21,330,2,6.35,1,1.0,0.5
8685,5,13,351,1,6.11,1,0.5,0.5
8686,3,14,235,3,14.61,1,1.5,0.5
8687,9,5,79,1,7.26,1,0.5,0.5
8688,9,16,15,2,8.81,1,1.0,0.5
8689,7,19,130,2,11.98,1,1.0,0.5
8690,2,8,90,2,9.81,1,1.0,0.5
8691,16,19,190,6,16.65,1,3.0,0.5
8692,9,9,199,3,13.0,1,1.5,0.5
8693,13,21,208,2,13.75,1,1.0,0.5
8694,19,5,12,1,5.23,1,0.5,0.5
8695,20,17,87,15,45.63,1,7.5,0.5
8696,17,1,76,1,8.24,1,0.5,0.5
8697,6,18,49,3,12.6,1,1.5,0.5
8698,4,11,206,3,12.18,1,1.5,0.5
8699,1,15,85,1,4.58,1,0.5,0.5
8700,18,5,164,4,19.12,1,2.0,0.5
8701,19,10,33,1,1.46,1,0.5,0.5
8702,9,18,340,4,22.09,1,2.0,0.5
8703,13,15,306,11,32.08,1,5.5,0.5
8704,8,6,27,4,22.06,1,2.0,0.5
8705,13,19,268,5,24.75,1,2.5,0.5
8706,15,15,79,8,22.54,1,4.0,0.5
8707,11,17,94,1,1.11,1,0.5,0.5
8708,12,4,321,5,23.13,1,2.5,0.5
8709,14,19,251,4,11.98,1,2.0,0.5
8710,4,21,203,17,44.59,1,8.5,0.5
8711,1,20,357,6,30.28,1,3.0,0.5
8712,4,18,234,4,11.24,1,2.0,0.5
8713,19,20,71,6,30.89,1,3.0,0.5
8714,9,7,166,6,24.94,1,3.0,0.5
8715,10,16,364,4,21.51,1,2.0,0.5
8716,4,18,15,8,23.5,1,4.0,0.5
8717,20,16,200,1,1.88,1,0.5,0.5
8718,9,3,185,16,50.9,1,8.0,0.5
8719,13,15,197,4,9.0,1,2.0,0.5
8720,12,20,208,6,19.0,1,3.0,0.5
8721,11,15,346,6,30.25,1,3.0,0.5
8722,12,20,68,7,35.29,1,3.5,0.5
8723,18,18,316,9,33.08,1,4.5,0.5
8724,12,7,355,7,37.1,1,3.5,0.5
8725,16,2,217,6,27.55,1,3.0,0.5
8726,5,3,27,11,29.0,1,5.5,0.5
8727,20,15,137,3,16.86,1,1.5,0.5
8728,12,15,309,2,8.82,1,1.0,0.5
8729,11,6,68,15,33.96,1,7.5,0.5
8730,9,13,187,3,15.57,1,1.5,0.5
8731,18,19,211,6,24.85,1,3.0,0.5
8732,3,16,185,8,20.61,1,4.0,0.5
8733,20,11,77,5,18.23,1,2.5,0.5
8734,17,4,4,6,31.04,1,3.0,0.5
8735,14,16,111,11,27.81,1,5.5,0.5
8736,1,19,322,3,16.1,1,1.5,0.5
8737,17,16,216,4,20.27,1,2.0,0.5
8738,8,19,169,1,4.48,1,0.5,0.5
8739,5,19,72,12,48.0,1,6.0,0.5
8740,5,18,123,4,13.25,1,2.0,0.5
8741,9,15,266,6,20.04,1,3.0,0.5
8742,3,15,25,1,4.71,1,0.5,0.5
8743,19,10,122,4,17.56,1,2.0,0.5
8744,9,17,71,3,14.63,1,1.5,0.5
8745,18,15,48,5,22.29,1,2.5,0.5
8746,16,4,173,4,17.28,1,2.0,0.5
8747,1,9,269,6,24.64,1,3.0,0.5
8748,2,16,119,2,9.28,1,1.0,0.5
8749,14,21,159,5,17.04,1,2.5,0.5
8750,14,21,127,3,19.41,1,1.5,0.5
8751,1,15,324,6,26.78,1,3.0,0.5
8752,16,19,257,5,17.0,1,2.5,0.5
8753,15,14,83,12,47.22,1,6.0,0.5
8754,15,19,360,5,21.86,1,2.5,0.5
8755,12,15,128,4,16.74,1,2.0,0.5
8756,16,18,284,4,12.3,1,2.0,0.5
8757,14,17,88,3,7.49,1,1.5,0.5
8758,15,21,188,4,15.27,1,2.0,0.5
8759,15,19,316,3,11.36,1,1.5,0.5
8760,19,19,313,7,28.66,1,3.5,0.5
8761,8,7,305,11,29.49,1,5.5,0.5
8762,2,16,199,13,27.89,1,6.5,0.5
8763,2,18,20,1,3.03,1,0.5,0.5
8764,10,16,40,9,39.04,1,4.5,0.5
8765,3,8,199,7,22.04,1,3.5,0.5
8766,17,19,220,11,30.0,1,5.5,0.5
8767,8,4,336,2,12.96,1,1.0,0.5
8768,4,10,42,11,47.11,1,5.5,0.5
8769,14,20,139,15,44.61,1,7.5,0.5
8770,10,8,165,12,34.25,1,6.0,0.5
8771,1,21,267,15,42.87,1,7.5,0.5
8772,4,19,186,3,16.31,1,1.5,0.5
8773,1,17,74,2,9.6,1,1.0,0.5
8774,17,20,114,3,8.91,1,1.5,0.5
8775,17,16,109,1,8.34,1,0.5,0.5
8776,7,16,338,6,20.94,1,3.0,0.5
8777,20,20,149,6,15.04,1,3.0,0.5
8778,15,15,193,6,26.9,1,3.0,0.5
8779,13,16,35,20,59.17,1,10.0,0.5
8780,2,19,286,5,27.47,1,2.5,0.5
8781,19,18,187,1,6.27,1,0.5,0.5
8782,13,7,172,7,33.96,1,3.5,0.5
8783,11,8,289,3,16.98,1,1.5,0.5
8784,15,17,148,15,31.98,1,7.5,0.5
8785,10,18,363,5,17.37,1,2.5,0.5
8786,9,7,64,3,15.97,1,1.5,0.5
8787,9,17,231,4,16.14,1,2.0,0.5
8788,20,20,315,12,32.73,1,6.0,0.5
8789,1,4,155,5,18.78,1,2.5,0.5
8790,17,10,229,3,13.39,1,1.5,0.5
8791,12,21,363,8,40.62,1,4.0,0.5
8792,10,21,26,3,16.09,1,1.5,0.5
8793,5,13,121,1,3.13,1,0.5,0.5
8794,18,18,88,1,5.3,1,0.5,0.5
8795,15,16,82,4,15.18,1,2.0,0.5
8796,6,16,316,5,11.21,1,2.5,0.5
8797,7,16,154,9,45.12,1,4.5,0.5
8798,17,17,54,7,28.26,1,3.5,0.5
8799,6,3,229,2,7.28,1,1.0,0.5
8800,8,11,235,1,1.62,1,0.5,0.5
8801,12,18,224,3,10.79,1,1.5,0.5
8802,14,9,100,2,11.31,1,1.0,0.5
8803,12,18,346,6,20.41,1,3.0,0.5
8804,10,20,147,15,43.4,1,7.5,0.5
8805,20,21,245,6,23.42,1,3.0,0.5
8806,15,6,309,1,5.13,1,0.5,0.5
8807,7,9,167,4,19.95,1,2.0,0.5
8808,9,9,102,3,13.5,1,1.5,0.5
8809,10,4,352,1,2.99,1,0.5,0.5
8810,10,8,133,2,8.58,1,1.0,0.5
8811,16,16,21,1,2.08,1,0.5,0.5
8812,7,18,237,3,11.94,1,1.5,0.5
8813,5,20,229,2,6.24,1,1.0,0.5
8814,3,16,224,2,6.85,1,1.0,0.5
8815,18,15,228,9,32.4,1,4.5,0.5
8816,11,16,307,1,2.38,1,0.5,0.5
8817,15,15,12,4,15.28,1,2.0,0.5
8818,20,15,268,8,27.63,1,4.0,0.5
8819,5,11,15,3,10.99,1,1.5,0.5
8820,12,6,44,7,20.64,1,3.5,0.5
8821,4,17,19,6,31.78,1,3.0,0.5
8822,15,19,207,2,10.19,1,1.0,0.5
8823,9,12,232,1,1.58,1,0.5,0.5
8824,7,14,216,3,17.46,1,1.5,0.5
8825,10,20,133,12,26.69,1,6.0,0.5
8826,13,15,187,2,11.72,1,1.0,0.5
8827,8,14,89,9,33.15,1,4.5,0.5
8828,12,19,225,8,23.45,1,4.0,0.5
8829,19,19,7,4,13.76,1,2.0,0.5
8830,1,13,207,10,41.91,1,5.0,0.5
8831,16,16,352,11,28.57,1,5.5,0.5
8832,17,15,91,4,17.85,1,2.0,0.5
8833,18,18,324,14,64.61,1,7.0,0.5
8834,11,16,362,3,17.85,1,1.5,0.5
8835,18,16,266,4,10.73,1,2.0,0.5
8836,7,16,276,6,30.48,1,3.0,0.5
8837,18,11,133,6,22.09,1,3.0,0.5
8838,8,17,64,9,33.92,1,4.5,0.5
8839,6,6,37,1,2.6,1,0.5,0.5
8840,7,18,274,3,11.07,1,1.5,0.5
8841,10,7,34,4,18.63,1,2.0,0.5
8842,11,20,210,7,19.26,1,3.5,0.5
8843,13,8,231,21,48.36,1,10.5,0.5
8844,9,21,160,8,32.04,1,4.0,0.5
8845,7,20,258,9,27.47,1,4.5,0.5
8846,9,17,203,11,41.4,1,5.5,0.5
8847,13,6,113,1,4.27,1,0.5,0.5
8848,3,19,352,2,10.11,1,1.0,0.5
8849,3,4,112,26,64.94,1,13.0,0.5
8850,1,15,67,1,5.41,1,0.5,0.5
8851,20,20,253,6,31.58,1,3.0,0.5
8852,2,2,115,8,37.31,1,4.0,0.5
8853,3,5,152,2,5.9,1,1.0,0.5
8854,15,21,108,7,29.94,1,3.5,0.5
8855,6,15,286,8,22.65,1,4.0,0.5
8856,13,18,365,6,14.88,1,3.0,0.5
8857,1,20,200,1,7.44,1,0.5,0.5
8858,20,7,302,3,9.68,1,1.5,0.5
8859,19,17,201,11,39.52,1,5.5,0.5
8860,1,12,116,6,14.12,1,3.0,0.5
8861,2,21,241,2,13.58,1,1.0,0.5
8862,15,21,292,4,22.11,1,2.0,0.5
8863,14,20,365,3,10.19,1,1.5,0.5
8864,19,6,350,2,6.2,1,1.0,0.5
8865,11,20,326,7,30.79,1,3.5,0.5
8866,15,3,261,6,19.05,1,3.0,0.5
8867,6,7,239,2,14.06,1,1.0,0.5
8868,20,2,282,7,15.69,1,3.5,0.5
8869,9,14,178,8,19.89,1,4.0,0.5
8870,5,13,227,1,5.61,1,0.5,0.5
8871,20,16,144,3,15.71,1,1.5,0.5
8872,2,20,171,4,18.86,1,2.0,0.5
8873,6,19,67,1,5.92,1,0.5,0.5
8874,18,8,218,19,49.7,1,9.5,0.5
8875,19,7,354,1,9.63,1,0.5,0.5
8876,9,20,341,5,20.1,1,2.5,0.5
8877,6,5,145,1,2.75,1,0.5,0.5
8878,14,6,320,1,8.02,1,0.5,0.5
8879,13,19,302,3,12.89,1,1.5,0.5
8880,11,15,346,1,4.41,1,0.5,0.5
8881,12,18,191,4,16.4,1,2.0,0.5
8882,19,14,128,6,13.67,1,3.0,0.5
8883,19,15,247,3,9.33,1,1.5,0.5
8884,19,6,276,2,9.1,1,1.0,0.5
8885,13,16,222,14,65.59,1,7.0,0.5
8886,14,14,136,1,2.82,1,0.5,0.5
8887,18,9,293,1,2.18,1,0.5,0.5
8888,12,16,202,2,13.54,1,1.0,0.5
8889,4,19,50,2,11.03,1,1.0,0.5
8890,10,18,202,15,48.45,1,7.5,0.5
8891,17,21,289,1,9.22,1,0.5,0.5
8892,4,19,44,5,24.73,1,2.5,0.5
8893,12,3,328,5,12.57,1,2.5,0.5
8894,13,3,231,5,22.52,1,2.5,0.5
8895,4,20,20,8,22.27,1,4.0,0.5
8896,10,8,70,2,5.05,1,1.0,0.5
8897,3,15,56,1,6.08,1,0.5,0.5
8898,15,18,28,3,17.44,1,1.5,0.5
8899,2,3,172,4,18.63,1,2.0,0.5
8900,17,9,290,2,6.91,1,1.0,0.5
8901,6,10,227,8,22.42,1,4.0,0.5
8902,8,16,180,1,4.83,1,0.5,0.5
8903,3,19,284,8,30.56,1,4.0,0.5
8904,18,9,210,6,19.91,1,3.0,0.5
8905,1,21,237,3,9.64,1,1.5,0.5
8906,16,19,257,1,6.18,1,0.5,0.5
8907,7,12,349,16,47.95,1,8.0,0.5
8908,3,16,258,16,52.23,1,8.0,0.5
8909,4,9,329,1,3.19,1,0.5,0.5
8910,9,11,246,5,26.31,1,2.5,0.5
8911,5,16,326,2,9.53,1,1.0,0.5
8912,19,21,29,5,18.58,1,2.5,0.5
8913,15,2,319,1,2.15,1,0.5,0.5
8914,8,1,54,1,4.84,1,0.5,0.5
8915,6,17,117,4,16.24,1,2.0,0.5
8916,18,18,206,4,16.22,1,2.0,0.5
8917,19,15,210,3,9.51,1,1.5,0.5
8918,15,2,73,3,11.92,1,1.5,0.5
8919,7,16,249,11,30.96,1,5.5,0.5
8920,10,9,237,8,37.93,1,4.0,0.5
8921,6,18,353,3,10.2,1,1.5,0.5
8922,14,3,334,8,18.38,1,4.0,0.5
8923,17,17,176,8,22.27,1,4.0,0.5
8924,9,20,350,1,8.6,1,0.5,0.5
8925,19,17,32,4,19.43,1,2.0,0.5
8926,5,18,180,4,17.56,1,2.0,0.5
8927,7,18,6,3,13.64,1,1.5,0.5
8928,19,4,360,3,9.26,1,1.5,0.5
8929,20,19,128,1,9.24,1,0.5,0.5
8930,7,19,292,2,10.84,1,1.0,0.5
8931,2,17,226,15,39.35,1,7.5,0.5
8932,16,18,206,10,27.42,1,5.0,0.5
8933,13,7,117,5,16.05,1,2.5,0.5
8934,8,3,356,10,50.75,1,5.0,0.5
8935,6,14,103,11,22.86,1,5.5,0.5
8936,6,7,360,2,7.5,1,1.0,0.5
8937,9,15,128,1,5.82,1,0.5,0.5
8938,4,6,315,9,21.48,1,4.5,0.5
8939,11,6,39,7,23.76,1,3.5,0.5
8940,5,1,307,1,7.49,1,0.5,0.5
8941,17,1,104,3,13.42,1,1.5,0.5
8942,20,15,309,1,5.83,1,0.5,0.5
8943,7,17,360,3,12.37,1,1.5,0.5
8944,15,16,81,3,8.45,1,1.5,0.5
8945,15,6,166,15,33.96,1,7.5,0.5
8946,14,19,193,4,19.47,1,2.0,0.5
8947,13,8,296,2,5.62,1,1.0,0.5
8948,11,14,340,1,8.6,1,0.5,0.5
8949,13,10,63,12,33.6,1,6.0,0.5
8950,9,13,204,18,42.13,1,9.0,0.5
8951,10,8,152,8,32.09,1,4.0,0.5
8952,4,21,204,5,13.83,1,2.5,0.5
8953,17,14,41,5,14.13,1,2.5,0.5
8954,14,17,33,1,5.57,1,0.5,0.5
8955,18,7,71,7,14.9,1,3.5,0.5
8956,11,17,282,7,31.02,1,3.5,0.5
8957,16,21,85,1,0.82,1,0.5,0.5
8958,1,14,248,2,8.5,1,1.0,0.5
8959,7,6,12,1,2.18,1,0.5,0.5
8960,10,16,82,13,36.64,1,6.5,0.5
8961,9,17,206,1,3.04,1,0.5,0.5
8962,3,15,196,19,56.47,1,9.5,0.5
8963,14,21,133,3,10.54,1,1.5,0.5
8964,15,12,293,5,14.3,1,2.5,0.5
8965,2,3,169,3,14.44,1,1.5,0.5
8966,14,16,330,7,26.67,1,3.5,0.5
8967,16,3,209,1,4.08,1,0.5,0.5
8968,7,3,45,4,15.67,1,2.0,0.5
8969,4,4,302,16,65.42,1,8.0,0.5
8970,18,18,32,5,18.92,1,2.5,0.5
8971,5,12,225,11,49.52,1,5.5,0.5
8972,6,17,96,1,4.39,1,0.5,0.5
8973,7,3,237,1,2.91,1,0.5,0.5
8974,15,16,191,5,13.82,1,2.5,0.5
8975,1,16,325,8,28.19,1,4.0,0.5
8976,4,21,210,4,9.37,1,2.0,0.5
8977,1,4,31,2,11.38,1,1.0,0.5
8978,11,16,107,3,13.72,1,1.5,0.5
8979,18,10,356,7,25.57,1,3.5,0.5
8980,14,21,131,8,23.21,1,4.0,0.5
8981,11,19,224,4,16.92,1,2.0,0.5
8982,10,3,5,5,17.38,1,2.5,0.5
8983,17,13,345,2,7.56,1,1.0,0.5
8984,4,1,319,4,18.96,1,2.0,0.5
8985,15,14,9,1,3.57,1,0.5,0.5
8986,16,5,287,15,38.5,1,7.5,0.5
8987,13,16,309,8,42.94,1,4.0,0.5
8988,9,13,240,1,3.81,1,0.5,0.5
8989,11,7,256,6,25.5,1,3.0,0.5
8990,11,16,357,6,19.55,1,3.0,0.5
8991,6,19,337,2,5.49,1,1.0,0.5
8992,1,13,328,5,13.45,1,2.5,0.5
8993,6,15,280,12,35.56,1,6.0,0.5
8994,13,18,223,3,10.91,1,1.5,0.5
8995,5,16,245,1,3.4,1,0.5,0.5
8996,15,15,329,3,7.76,1,1.5,0.5
8997,18,19,65,19,40.66,1,9.5,0.5
8998,20,5,324,1,5.14,1,0.5,0.5
8999,14,6,41,1,6.45,1,0.5,0.5
9000,15,7,173,1,3.23,1,0.5,0.5
9001,5,20,182,5,20.09,1,2.5,0.5
9002,4,9,225,3,8.2,1,1.5,0.5
9003,2,20,19,6,13.9,1,3.0,0.5
9004,7,19,144,10,26.02,1,5.0,0.5
9005,10,20,123,1,5.27,1,0.5,0.5
9006,16,16,58,11,26.26,1,5.5,0.5
9007,10,15,218,1,6.26,1,0.5,0.5
9008,18,21,335,1,7.68,1,0.5,0.5
9009,17,16,166,6,21.6,1,3.0,0.5
9010,13,6,360,2,9.57,1,1.0,0.5
9011,1,6,165,2,9.55,1,1.0,0.5
9012,1,15,228,13,60.41,1,6.5,0.5
9013,15,4,81,7,18.1,1,3.5,0.5
9014,1,20,86,12,38.45,1,6.0,0.5
9015,6,20,320,4,21.99,1,2.0,0.5
9016,13,20,307,7,29.71,1,3.5,0.5
9017,1,16,146,2,11.04,1,1.0,0.5
9018,5,21,35,24,70.51,1,12.0,0.5
9019,9,12,244,2,8.73,1,1.0,0.5
9020,17,1,322,3,11.87,1,1.5,0.5
9021,16,6,256,8,33.49,1,4.0,0.5
9022,8,20,122,2,10.03,1,1.0,0.5
9023,17,17,290,1,0.88,1,0.5,0.5
9024,15,21,196,18,52.21,1,9.0,0.5
9025,1,13,210,13,46.26,1,6.5,0.5
9026,12,5,292,4,18.46,1,2.0,0.5
9027,5,20,9,3,17.15,1,1.5,0.5
9028,6,10,294,9,33.48,1,4.5,0.5
9029,1,6,281,8,31.69,1,4.0,0.5
9030,1,1,181,1,2.43,1,0.5,0.5
9031,10,12,291,8,21.85,1,4.0,0.5
9032,10,3,5,4,9.85,1,2.0,0.5
9033,3,20,299,1,1.65,1,0.5,0.5
9034,17,18,325,14,47.34,1,7.0,0.5
9035,19,16,260,6,23.02,1,3.0,0.5
9036,11,20,124,17,55.63,1,8.5,0.5
9037,18,20,76,5,21.17,1,2.5,0.5
9038,2,21,50,4,10.26,1,2.0,0.5
9039,9,20,262,3,19.46,1,1.5,0.5
9040,17,14,154,4,8.74,1,2.0,0.5
9041,14,5,8,1,1.53,1,0.5,0.5
9042,4,16,290,6,22.68,1,3.0,0.5
9043,17,18,290,2,13.15,1,1.0,0.5
9044,17,11,48,4,22.08,1,2.0,0.5
9045,12,12,48,3,16.61,1,1.5,0.5
9046,20,2,224,1,2.54,1,0.5,0.5
9047,18,21,94,38,85.27,1,19.0,0.5
9048,3,15,306,1,5.81,1,0.5,0.5
9049,11,18,227,8,24.96,1,4.0,0.5
9050,18,4,31,9,33.5,1,4.5,0.5
9051,4,18,5,2,8.87,1,1.0,0.5
9052,17,10,97,7,36.6,1,3.5,0.5
9053,18,19,334,10,48.52,1,5.0,0.5
9054,5,14,207,1,8.43,1,0.5,0.5
9055,14,16,49,23,48.43,1,11.5,0.5
9056,10,21,332,7,25.19,1,3.5,0.5
9057,15,19,223,7,28.88,1,3.5,0.5
9058,1,21,185,1,3.35,1,0.5,0.5
9059,16,8,120,13,56.31,1,6.5,0.5
9060,11,21,53,5,18.61,1,2.5,0.5
9061,20,2,252,12,30.12,1,6.0,0.5
9062,6,20,337,1,7.05,1,0.5,0.5
9063,16,6,123,11,39.93,1,5.5,0.5
9064,2,5,136,2,10.05,1,1.0,0.5
9065,1,15,48,2,7.62,1,1.0,0.5
9066,9,20,95,3,16.88,1,1.5,0.5
9067,12,3,281,10,45.35,1,5.0,0.5
9068,17,3,166,5,16.74,1,2.5,0.5
9069,15,20,17,7,18.18,1,3.5,0.5
9070,19,17,223,5,11.68,1,2.5,0.5
9071,10,11,23,6,13.66,1,3.0,0.5
9072,12,21,269,6,17.93,1,3.0,0.5
9073,14,12,207,9,47.01,1,4.5,0.5
9074,9,19,128,4,22.52,1,2.0,0.5
9075,13,21,321,6,28.98,1,3.0,0.5
9076,3,4,208,18,38.4,1,9.0,0.5
9077,14,1,310,14,40.43,1,7.0,0.5
9078,10,3,40,20,49.39,1,10.0,0.5
9079,16,16,333,1,6.21,1,0.5,0.5
9080,7,21,196,3,15.98,1,1.5,0.5
9081,4,19,279,1,7.39,1,0.5,0.5
9082,20,15,48,2,6.05,1,1.0,0.5
9083,11,17,17,4,16.68,1,2.0,0.5
9084,16,5,111,2,10.89,1,1.0,0.5
9085,20,11,128,6,20.24,1,3.0,0.5
9086,4,19,24,6,18.62,1,3.0,0.5
9087,17,5,342,5,10.05,1,2.5,0.5
9088,13,20,53,1,3.72,1,0.5,0.5
9089,11,12,117,1,7.42,1,0.5,0.5
9090,3,5,83,2,6.22,1,1.0,0.5
9091,9,19,278,8,19.43,1,4.0,0.5
9092,6,19,180,12,39.16,1,6.0,0.5
9093,11,16,81,1,8.76,1,0.5,0.5
9094,16,21,156,4,11.88,1,2.0,0.5
9095,19,6,28,1,7.73,1,0.5,0.5
9096,5,16,352,6,24.92,1,3.0,0.5
9097,14,15,134,13,64.83,1,6.5,0.5
9098,17,17,363,5,23.75,1,2.5,0.5
9099,3,15,271,13,28.11,1,6.5,0.5
9100,4,20,309,1,7.45,1,0.5,0.5
9101,16,4,306,3,9.6,1,1.5,0.5
9102,16,18,207,2,13.57,1,1.0,0.5
9103,4,7,193,5,16.75,1,2.5,0.5
9104,19,20,80,3,16.82,1,1.5,0.5
9105,17,18,148,3,15.67,1,1.5,0.5
9106,13,20,295,1,1.24,1,0.5,0.5
9107,1,19,157,10,25.41,1,5.0,0.5
9108,12,21,55,2,6.29,1,1.0,0.5
9109,4,15,356,16,38.74,1,8.0,0.5
9110,11,15,171,3,12.67,1,1.5,0.5
9111,5,20,31,1,4.22,1,0.5,0.5
9112,2,6,85,6,22.16,1,3.0,0.5
9113,17,16,269,1,6.84,1,0.5,0.5
9114,8,13,136,5,15.85,1,2.5,0.5
9115,6,18,198,9,34.15,1,4.5,0.5
9116,9,1,280,7,23.17,1,3.5,0.5
9117,13,17,233,10,31.91,1,5.0,0.5
9118,11,20,156,10,46.52,1,5.0,0.5
9119,16,20,221,1,8.35,1,0.5,0.5
9120,16,18,96,5,16.64,1,2.5,0.5
9121,2,18,82,1,6.69,1,0.5,0.5
9122,10,6,138,7,28.61,1,3.5,0.5
9123,12,9,94,1,1.71,1,0.5,0.5
9124,8,19,311,5,16.29,1,2.5,0.5
9125,11,3,241,17,42.98,1,8.5,0.5
9126,10,16,24,3,16.13,1,1.5,0.5
9127,13,10,274,2,10.41,1,1.0,0.5
9128,17,3,3,4,19.55,1,2.0,0.5
9129,7,15,244,1,2.73,1,0.5,0.5
9130,3,21,130,4,9.05,1,2.0,0.5
9131,20,17,212,5,26.34,1,2.5,0.5
9132,13,21,125,3,11.68,1,1.5,0.5
9133,19,18,340,2,13.16,1,1.0,0.5
9134,7,8,292,1,3.3,1,0.5,0.5
9135,9,16,327,2,10.38,1,1.0,0.5
9136,19,20,168,3,7.05,1,1.5,0.5
9137,13,21,36,6,19.15,1,3.0,0.5
9138,8,18,143,4,17.92,1,2.0,0.5
9139,18,18,246,2,10.0,1,1.0,0.5
9140,2,8,114,11,33.25,1,5.5,0.5
9141,18,15,175,16,80.0,1,8.0,0.5
9142,18,14,259,3,14.45,1,1.5,0.5
9143,11,19,96,2,11.54,1,1.0,0.5
9144,1,21,34,6,17.65,1,3.0,0.5
9145,14,7,253,9,30.66,1,4.5,0.5
9146,16,18,130,10,40.58,1,5.0,0.5
9147,11,14,335,2,10.39,1,1.0,0.5
9148,1,7,150,2,12.56,1,1.0,0.5
9149,7,5,319,24,51.14,1,12.0,0.5
9150,16,16,146,7,26.38,1,3.5,0.5
9151,14,7,93,5,21.88,1,2.5,0.5
9152,15,18,228,4,18.94,1,2.0,0.5
9153,14,15,190,1,1.87,1,0.5,0.5
9154,11,14,221,6,29.64,1,3.0,0.5
9155,16,12,73,7,27.86,1,3.5,0.5
9156,19,19,139,4,15.32,1,2.0,0.5
9157,17,6,135,12,27.54,1,6.0,0.5
9158,6,8,307,1,8.88,1,0.5,0.5
9159,11,18,341,20,44.42,1,10.0,0.5
9160,17,11,45,8,18.72,1,4.0,0.5
9161,9,15,40,20,48.9,1,10.0,0.5
9162,18,11,148,3,12.74,1,1.5,0.5
9163,17,5,113,4,18.0,1,2.0,0.5
9164,12,8,96,6,18.87,1,3.0,0.5
9165,5,20,153,7,28.42,1,3.5,0.5
9166,11,1,264,5,26.44,1,2.5,0.5
9167,4,3,239,2,6.45,1,1.0,0.5
9168,4,18,17,4,17.53,1,2.0,0.5
9169,3,11,257,3,15.65,1,1.5,0.5
9170,17,21,53,4,19.33,1,2.0,0.5
9171,7,16,326,2,9.74,1,1.0,0.5
9172,4,19,198,15,47.41,1,7.5,0.5
9173,13,10,354,3,12.1,1,1.5,0.5
9174,12,19,94,8,19.33,1,4.0,0.5
9175,1,21,184,1,8.25,1,0.5,0.5
9176,19,16,189,10,33.23,1,5.0,0.5
9177,20,18,71,7,31.72,1,3.5,0.5
9178,18,6,178,3,15.46,1,1.5,0.5
9179,11,10,11,3,12.27,1,1.5,0.5
9180,20,20,333,1,5.48,1,0.5,0.5
9181,3,20,62,1,3.2,1,0.5,0.5
9182,17,3,212,13,63.28,1,6.5,0.5
9183,12,21,231,2,5.7,1,1.0,0.5
9184,10,21,164,3,8.11,1,1.5,0.5
9185,8,17,298,2,6.39,1,1.0,0.5
9186,15,3,253,3,18.96,1,1.5,0.5
9187,5,21,147,6,25.04,1,3.0,0.5
9188,4,1,160,6,14.86,1,3.0,0.5
9189,20,20,2,1,5.29,1,0.5,0.5
9190,19,17,134,1,2.8,1,0.5,0.5
9191,4,17,356,4,13.07,1,2.0,0.5
9192,15,5,97,17,34.75,1,8.5,0.5
9193,17,12,115,2,12.52,1,1.0,0.5
9194,12,13,69,3,11.61,1,1.5,0.5
9195,3,10,203,14,48.51,1,7.0,0.5
9196,10,5,32,2,4.58,1,1.0,0.5
9197,15,20,147,4,20.43,1,2.0,0.5
9198,10,6,314,22,51.74,1,11.0,0.5
9199,18,10,99,8,20.57,1,4.0,0.5
9200,1,20,100,11,24.33,1,5.5,0.5
9201,3,21,27,10,35.33,1,5.0,0.5
9202,12,9,318,4,19.08,1,2.0,0.5
9203,1,13,274,2,13.14,1,1.0,0.5
9204,3,15,266,1,3.14,1,0.5,0.5
9205,3,19,161,6,14.87,1,3.0,0.5
9206,5,20,30,6,23.17,1,3.0,0.5
9207,19,18,14,6,29.01,1,3.0,0.5
9208,1,2,347,8,30.43,1,4.0,0.5
9209,4,13,41,9,30.2,1,4.5,0.5
9210,4,2,243,12,29.46,1,6.0,0.5
9211,17,9,271,6,30.45,1,3.0,0.5
9212,14,10,180,6,28.85,1,3.0,0.5
9213,18,17,126,15,40.9,1,7.5,0.5
9214,1,20,247,5,12.28,1,2.5,0.5
9215,16,5,347,5,13.85,1,2.5,0.5
9216,3,16,80,7,31.53,1,3.5,0.5
9217,9,2,131,9,43.12,1,4.5,0.5
9218,4,8,208,16,43.5,1,8.0,0.5
9219,5,20,339,6,17.75,1,3.0,0.5
9220,11,20,318,1,7.01,1,0.5,0.5
9221,9,12,247,7,20.18,1,3.5,0.5
9222,3,17,357,3,18.17,1,1.5,0.5
9223,6,16,117,2,6.35,1,1.0,0.5
9224,11,20,160,13,54.14,1,6.5,0.5
9225,9,9,322,1,2.57,1,0.5,0.5
9226,15,15,104,4,19.31,1,2.0,0.5
9227,3,4,17,11,43.87,1,5.5,0.5
9228,1,15,145,4,21.02,1,2.0,0.5
9229,20,15,49,15,53.8,1,7.5,0.5
9230,19,11,15,20,58.58,1,10.0,0.5
9231,14,17,74,28,63.12,1,14.0,0.5
9232,17,16,260,11,33.21,1,5.5,0.5
9233,14,14,218,3,17.07,1,1.5,0.5
9234,17,7,213,8,23.84,1,4.0,0.5
9235,14,11,1,3,15.67,1,1.5,0.5
9236,12,19,53,11,25.92,1,5.5,0.5
9237,16,20,191,6,15.08,1,3.0,0.5
9238,1,18,84,1,5.53,1,0.5,0.5
9239,13,18,4,3,14.49,1,1.5,0.5
9240,6,15,103,7,28.67,1,3.5,0.5
9241,17,16,56,8,36.74,1,4.0,0.5
9242,12,4,189,1,6.98,1,0.5,0.5
9243,19,17,163,6,18.67,1,3.0,0.5
9244,6,9,81,7,27.65,1,3.5,0.5
9245,7,17,164,2,8.28,1,1.0,0.5
9246,1,15,53,3,13.87,1,1.5,0.5
9247,1,9,363,1,4.46,1,0.5,0.5
9248,5,18,333,6,16.13,1,3.0,0.5
9249,6,16,198,1,8.25,1,0.5,0.5
9250,16,15,339,4,15.94,1,2.0,0.5
9251,16,20,40,2,11.39,1,1.0,0.5
9252,14,19,103,10,31.22,1,5.0,0.5
9253,1,2,247,3,9.11,1,1.5,0.5
9254,13,18,101,5,21.39,1,2.5,0.5
9255,20,20,263,3,11.58,1,1.5,0.5
9256,10,16,106,7,19.9,1,3.5,0.5
9257,10,16,177,4,22.24,1,2.0,0.5
9258,9,21,46,3,13.6,1,1.5,0.5
9259,13,21,206,1,7.62,1,0.5,0.5
9260,3,15,294,1,3.76,1,0.5,0.5
9261,18,20,225,5,12.69,1,2.5,0.5
9262,20,12,90,1,5.3,1,0.5,0.5
9263,2,16,230,7,29.91,1,3.5,0.5
9264,17,16,124,1,7.42,1,0.5,0.5
9265,19,11,309,5,16.47,1,2.5,0.5
9266,13,20,83,12,35.47,1,6.0,0.5
9267,13,18,360,3,11.51,1,1.5,0.5
9268,1,10,9,7,35.09,1,3.5,0.5
9269,2,14,224,2,5.07,1,1.0,0.5
9270,1,13,160,1,8.76,1,0.5,0.5
9271,5,19,224,3,12.22,1,1.5,0.5
9272,3,17,310,13,30.3,1,6.5,0.5
9273,7,19,18,2,7.92,1,1.0,0.5
9274,13,17,163,5,13.99,1,2.5,0.5
9275,18,21,193,4,14.37,1,2.0,0.5
9276,7,9,157,7,34.55,1,3.5,0.5
9277,1,21,102,7,33.24,1,3.5,0.5
9278,5,20,270,16,58.34,1,8.0,0.5
9279,17,15,294,15,40.98,1,7.5,0.5
9280,8,8,335,15,66.95,1,7.5,0.5
9281,15,18,357,1,4.04,1,0.5,0.5
9282,20,17,257,1,7.47,1,0.5,0.5
9283,4,3,335,5,17.76,1,2.5,0.5
9284,2,17,236,1,0.84,1,0.5,0.5
9285,5,15,244,2,10.31,1,1.0,0.5
9286,1,13,269,11,28.17,1,5.5,0.5
9287,5,11,358,5,16.78,1,2.5,0.5
9288,6,9,2,3,14.91,1,1.5,0.5
9289,2,16,222,36,84.75,1,18.0,0.5
9290,1,19,68,6,26.85,1,3.0,0.5
9291,4,7,68,1,5.88,1,0.5,0.5
9292,7,16,197,3,16.2,1,1.5,0.5
9293,1,14,209,3,10.4,1,1.5,0.5
9294,1,1,297,13,30.61,1,6.5,0.5
9295,8,12,334,1,8.65,1,0.5,0.5
9296,20,18,109,2,11.03,1,1.0,0.5
9297,16,16,365,12,32.04,1,6.0,0.5
9298,13,19,239,3,13.39,1,1.5,0.5
9299,18,4,198,9,32.58,1,4.5,0.5
9300,20,20,177,2,5.49,1,1.0,0.5
9301,10,19,298,3,17.81,1,1.5,0.5
9302,12,16,105,1,3.25,1,0.5,0.5
9303,1,1,339,5,26.52,1,2.5,0.5
9304,10,21,125,5,25.7,1,2.5,0.5
9305,9,12,293,6,13.85,1,3.0,0.5
9306,3,21,137,1,8.12,1,0.5,0.5
9307,19,2,44,1,3.45,1,0.5,0.5
9308,9,15,333,2,8.92,1,1.0,0.5
9309,10,19,275,15,32.12,1,7.5,0.5
9310,19,21,93,1,2.02,1,0.5,0.5
9311,16,10,323,2,8.72,1,1.0,0.5
9312,18,13,323,19,45.08,1,9.5,0.5
9313,14,16,298,10,44.75,1,5.0,0.5
9314,3,7,128,6,16.03,1,3.0,0.5
9315,2,19,209,1,5.3,1,0.5,0.5
9316,1,21,291,4,10.95,1,2.0,0.5
9317,18,15,347,1,4.18,1,0.5,0.5
9318,9,5,177,8,20.59,1,4.0,0.5
9319,13,1,53,8,25.17,1,4.0,0.5
9320,2,18,329,8,22.85,1,4.0,0.5
9321,7,12,191,5,18.05,1,2.5,0.5
9322,16,1,48,2,7.09,1,1.0,0.5
9323,19,8,177,13,29.79,1,6.5,0.5
9324,15,9,104,2,8.76,1,1.0,0.5
9325,11,10,345,27,59.31,1,13.5,0.5
9326,1,19,77,5,16.94,1,2.5,0.5
9327,7,11,9,5,19.5,1,2.5,0.5
9328,20,15,250,2,8.26,1,1.0,0.5
9329,8,16,165,4,11.72,1,2.0,0.5
9330,10,15,314,4,11.69,1,2.0,0.5
9331,5,4,215,14,66.34,1,7.0,0.5
9332,9,21,218,9,38.05,1,4.5,0.5
9333,1,19,47,3,12.59,1,1.5,0.5
9334,2,21,307,11,25.54,1,5.5,0.5
9335,19,1,42,2,10.95,1,1.0,0.5
9336,14,19,295,10,24.43,1,5.0,0.5
9337,20,12,150,18,56.32,1,9.0,0.5
9338,10,12,326,6,24.68,1,3.0,0.5
9339,9,8,324,2,8.85,1,1.0,0.5
9340,10,13,319,7,21.46,1,3.5,0.5
9341,6,16,106,19,50.84,1,9.5,0.5
9342,17,11,302,9,39.29,1,4.5,0.5
9343,6,15,280,4,16.12,1,2.0,0.5
9344,4,18,298,2,5.19,1,1.0,0.5
9345,20,20,322,2,8.85,1,1.0,0.5
9346,3,21,14,2,9.35,1,1.0,0.5
9347,19,13,79,11,39.72,1,5.5,0.5
9348,18,3,119,8,36.82,1,4.0,0.5
9349,4,8,81,12,26.32,1,6.0,0.5
9350,8,7,230,9,42.0,1,4.5,0.5
9351,17,4,196,6,22.65,1,3.0,0.5
9352,5,20,296,2,5.63,1,1.0,0.5
9353,13,5,204,1,7.32,1,0.5,0.5
9354,1,20,350,5,17.64,1,2.5,0.5
9355,13,21,26,6,16.27,1,3.0,0.5
9356,4,3,197,4,14.23,1,2.0,0.5
9357,14,20,192,7,34.3,1,3.5,0.5
9358,3,17,80,9,23.67,1,4.5,0.5
9359,5,18,213,13,45.34,1,6.5,0.5
9360,7,6,183,2,11.05,1,1.0,0.5
9361,1,21,173,5,17.64,1,2.5,0.5
9362,12,15,254,1,1.05,1,0.5,0.5
9363,11,21,291,9,20.15,1,4.5,0.5
9364,8,3,140,5,14.35,1,2.5,0.5
9365,6,10,199,10,36.1,1,5.0,0.5
9366,2,16,87,12,26.12,1,6.0,0.5
9367,19,17,285,7,28.07,1,3.5,0.5
9368,20,10,91,1,1.94,1,0.5,0.5
9369,20,20,84,2,9.84,1,1.0,0.5
9370,14,1,158,18,50.62,1,9.0,0.5
9371,1,16,111,5,16.94,1,2.5,0.5
9372,10,18,296,10,27.78,1,5.0,0.5
9373,16,19,185,8,24.35,1,4.0,0.5
9374,4,4,175,13,29.8,1,6.5,0.5
9375,11,13,6,10,32.0,1,5.0,0.5
9376,16,15,323,8,28.79,1,4.0,0.5
9377,20,15,98,10,44.8,1,5.0,0.5
9378,1,17,37,7,35.24,1,3.5,0.5
9379,16,5,91,4,13.93,1,2.0,0.5
9380,19,4,279,6,20.42,1,3.0,0.5
9381,9,13,4,3,14.56,1,1.5,0.5
9382,9,5,235,15,32.21,1,7.5,0.5
9383,9,19,5,5,18.55,1,2.5,0.5
9384,17,16,242,7,32.93,1,3.5,0.5
9385,12,19,355,14,43.22,1,7.0,0.5
9386,13,20,44,6,22.86,1,3.0,0.5
9387,8,14,366,2,7.16,1,1.0,0.5
9388,16,15,136,1,2.16,1,0.5,0.5
9389,18,13,75,9,40.69,1,4.5,0.5
9390,1,16,200,4,15.95,1,2.0,0.5
9391,1,2,321,7,37.17,1,3.5,0.5
9392,12,1,248,1,1.85,1,0.5,0.5
9393,6,19,340,16,37.75,1,8.0,0.5
9394,9,16,163,2,8.6,1,1.0,0.5
9395,5,7,10,9,21.78,1,4.5,0.5
9396,16,11,73,9,29.46,1,4.5,0.5
9397,18,16,212,7,23.5,1,3.5,0.5
9398,17,18,50,4,21.13,1,2.0,0.5
9399,18,3,154,4,15.38,1,2.0,0.5
9400,1,20,52,8,24.45,1,4.0,0.5
9401,19,16,136,3,12.2,1,1.5,0.5
9402,8,20,103,7,31.89,1,3.5,0.5
9403,3,20,306,6,22.34,1,3.0,0.5
9404,5,1,65,3,13.66,1,1.5,0.5
9405,8,12,16,7,27.61,1,3.5,0.5
9406,19,4,359,2,12.53,1,1.0,0.5
9407,18,9,102,9,47.49,1,4.5,0.5
9408,18,21,27,3,16.43,1,1.5,0.5
9409,1,21,255,21,49.93,1,10.5,0.5
9410,15,20,330,7,17.44,1,3.5,0.5
9411,18,18,67,7,35.61,1,3.5,0.5
9412,7,21,335,6,24.35,1,3.0,0.5
9413,16,3,338,1,3.94,1,0.5,0.5
9414,16,10,91,2,6.62,1,1.0,0.5
9415,15,18,348,3,12.38,1,1.5,0.5
9416,6,15,34,11,42.75,1,5.5,0.5
9417,9,1,238,4,9.52,1,2.0,0.5
9418,7,15,14,8,36.82,1,4.0,0.5
9419,14,18,282,2,7.34,1,1.0,0.5
9420,11,19,254,3,15.43,1,1.5,0.5
9421,16,4,139,5,16.45,1,2.5,0.5
9422,6,19,175,6,13.65,1,3.0,0.5
9423,16,3,180,7,28.03,1,3.5,0.5
9424,20,21,53,17,66.49,1,8.5,0.5
9425,16,14,3,9,38.82,1,4.5,0.5
9426,12,18,105,3,14.95,1,1.5,0.5
9427,17,1,295,10,45.19,1,5.0,0.5
9428,5,5,109,11,30.46,1,5.5,0.5
9429,13,8,26,16,38.99,1,8.0,0.5
9430,8,12,8,13,34.77,1,6.5,0.5
9431,5,17,22,6,18.79,1,3.0,0.5
9432,12,14,275,3,14.89,1,1.5,0.5
9433,9,15,269,22,50.97,1,11.0,0.5
9434,3,12,193,1,3.53,1,0.5,0.5
9435,3,16,268,4,17.65,1,2.0,0.5
9436,1,17,230,11,42.03,1,5.5,0.5
9437,18,18,326,5,27.07,1,2.5,0.5
9438,12,3,274,6,15.77,1,3.0,0.5
9439,9,11,106,7,30.77,1,3.5,0.5
9440,9,16,39,6,19.12,1,3.0,0.5
9441,18,20,220,1,4.61,1,0.5,0.5
9442,18,1,84,3,11.02,1,1.5,0.5
9443,7,21,62,1,9.02,1,0.5,0.5
9444,4,15,106,8,21.49,1,4.0,0.5
9445,13,10,145,2,11.14,1,1.0,0.5
9446,17,19,304,3,16.26,1,1.5,0.5
9447,2,17,94,1,1.93,1,0.5,0.5
9448,14,17,327,6,19.22,1,3.0,0.5
9449,3,21,214,5,14.18,1,2.5,0.5
9450,5,20,250,1,4.3,1,0.5,0.5
9451,14,4,30,9,34.63,1,4.5,0.5
9452,3,14,24,3,9.5,1,1.5,0.5
9453,7,9,242,9,39.41,1,4.5,0.5
9454,18,18,188,23,68.41,1,11.5,0.5
9455,13,9,278,10,46.82,1,5.0,0.5
9456,10,18,240,1,6.6,1,0.5,0.5
9457,13,19,121,3,13.95,1,1.5,0.5
9458,16,18,39,8,31.47,1,4.0,0.5
9459,9,18,247,1,2.48,1,0.5,0.5
9460,2,16,359,3,13.04,1,1.5,0.5
9461,5,20,57,7,36.71,1,3.5,0.5
9462,17,16,57,3,15.93,1,1.5,0.5
9463,4,16,292,1,0.89,1,0.5,0.5
9464,17,19,108,6,16.47,1,3.0,0.5
9465,9,7,212,7,27.59,1,3.5,0.5
9466,20,18,181,8,20.22,1,4.0,0.5
9467,2,2,11,1,2.0,1,0.5,0.5
9468,18,20,229,1,2.5,1,0.5,0.5
9469,11,21,284,4,9.75,1,2.0,0.5
9470,13,5,286,2,10.82,1,1.0,0.5
9471,8,21,217,12,29.25,1,6.0,0.5
9472,1,20,185,4,16.48,1,2.0,0.5
9473,17,20,59,9,20.44,1,4.5,0.5
9474,12,13,290,5,14.87,1,2.5,0.5
9475,4,15,152,1,5.57,1,0.5,0.5
9476,13,20,100,3,10.18,1,1.5,0.5
9477,9,5,337,4,11.31,1,2.0,0.5
9478,7,11,363,3,12.74,1,1.5,0.5
9479,5,21,224,9,20.58,1,4.5,0.5
9480,5,15,159,2,12.41,1,1.0,0.5
9481,17,13,80,7,37.02,1,3.5,0.5
9482,9,6,72,22,45.75,1,11.0,0.5
9483,6,7,69,8,29.83,1,4.0,0.5
9484,19,17,145,1,2.85,1,0.5,0.5
9485,16,17,31,8,25.6,1,4.0,0.5
9486,2,12,193,7,26.32,1,3.5,0.5
9487,10,20,327,3,14.4,1,1.5,0.5
9488,16,13,116,13,43.93,1,6.5,0.5
9489,5,15,309,1,4.33,1,0.5,0.5
9490,15,6,56,7,25.87,1,3.5,0.5
9491,13,17,73,11,27.15,1,5.5,0.5
9492,13,17,113,1,2.53,1,0.5,0.5
9493,13,18,6,1,4.43,1,0.5,0.5
9494,15,12,103,21,53.73,1,10.5,0.5
9495,14,14,324,8,22.21,1,4.0,0.5
9496,8,20,346,7,32.74,1,3.5,0.5
9497,11,15,270,8,36.15,1,4.0,0.5
9498,18,16,251,10,21.55,1,5.0,0.5
9499,4,7,262,9,37.49,1,4.5,0.5
9500,10,2,84,4,9.18,1,2.0,0.5
9501,1,1,67,12,31.03,1,6.0,0.5
9502,5,21,163,10,50.44,1,5.0,0.5
9503,13,16,39,7,23.01,1,3.5,0.5
9504,1,17,42,2,10.15,1,1.0,0.5
9505,8,1,208,5,23.54,1,2.5,0.5
9506,3,15,322,10,49.3,1,5.0,0.5
9507,3,16,242,14,38.98,1,7.0,0.5
9508,7,16,21,4,14.49,1,2.0,0.5
9509,4,19,14,5,13.07,1,2.5,0.5
9510,3,17,75,6,24.66,1,3.0,0.5
9511,15,16,119,5,12.2,1,2.5,0.5
9512,8,17,149,7,33.38,1,3.5,0.5
9513,3,15,205,1,8.2,1,0.5,0.5
9514,7,16,168,10,48.9,1,5.0,0.5
9515,18,4,39,3,11.49,1,1.5,0.5
9516,11,18,268,19,40.02,1,9.5,0.5
9517,11,17,149,9,37.33,1,4.5,0.5
9518,17,20,84,3,8.77,1,1.5,0.5
9519,6,19,20,2,10.15,1,1.0,0.5
9520,8,16,185,12,31.23,1,6.0,0.5
9521,1,18,5,20,48.9,1,10.0,0.5
9522,10,17,58,12,31.34,1,6.0,0.5
9523,19,11,213,18,48.35,1,9.0,0.5
9524,3,6,156,11,35.75,1,5.5,0.5
9525,4,20,175,8,17.76,1,4.0,0.5
9526,11,18,270,3,18.74,1,1.5,0.5
9527,15,15,254,6,24.16,1,3.0,0.5
9528,1,4,66,8,19.29,1,4.0,0.5
9529,9,7,22,12,42.5,1,6.0,0.5
9530,11,12,363,4,13.8,1,2.0,0.5
9531,19,4,362,1,8.0,1,0.5,0.5
9532,13,10,59,2,7.78,1,1.0,0.5
9533,16,21,303,1,8.01,1,0.5,0.5
9534,4,18,14,2,6.28,1,1.0,0.5
9535,1,19,13,1,3.23,1,0.5,0.5
9536,20,20,231,5,15.27,1,2.5,0.5
9537,13,18,131,13,46.43,1,6.5,0.5
9538,1,18,303,6,21.74,1,3.0,0.5
9539,5,15,308,15,43.69,1,7.5,0.5
9540,5,16,92,27,60.1,1,13.5,0.5
9541,14,21,152,2,9.69,1,1.0,0.5
9542,14,16,347,7,36.61,1,3.5,0.5
9543,8,5,312,3,9.84,1,1.5,0.5
9544,4,20,161,3,14.83,1,1.5,0.5
9545,7,7,281,3,16.34,1,1.5,0.5
9546,20,2,53,6,18.14,1,3.0,0.5
9547,19,16,28,5,22.44,1,2.5,0.5
9548,15,13,222,2,7.22,1,1.0,0.5
9549,4,18,140,1,6.13,1,0.5,0.5
9550,19,3,77,21,45.47,1,10.5,0.5
9551,9,21,159,9,41.75,1,4.5,0.5
9552,13,20,212,5,20.94,1,2.5,0.5
9553,14,16,227,2,4.57,1,1.0,0.5
9554,14,18,13,2,12.39,1,1.0,0.5
9555,10,19,4,3,17.13,1,1.5,0.5
9556,16,15,132,6,24.93,1,3.0,0.5
9557,5,16,181,4,18.22,1,2.0,0.5
9558,6,20,185,3,15.52,1,1.5,0.5
9559,2,15,235,22,46.62,1,11.0,0.5
9560,13,17,122,22,47.37,1,11.0,0.5
9561,13,21,12,4,14.01,1,2.0,0.5
9562,19,17,24,5,13.92,1,2.5,0.5
9563,18,21,38,2,10.35,1,1.0,0.5
9564,19,7,193,2,8.24,1,1.0,0.5
9565,1,17,95,6,15.1,1,3.0,0.5
9566,8,16,54,4,11.36,1,2.0,0.5
9567,16,18,130,7,25.96,1,3.5,0.5
9568,2,21,310,1,4.0,1,0.5,0.5
9569,8,17,219,6,28.16,1,3.0,0.5
9570,6,11,5,8,42.37,1,4.0,0.5
9571,16,14,11,5,17.84,1,2.5,0.5
9572,11,15,311,1,9.01,1,0.5,0.5
9573,17,20,180,1,5.07,1,0.5,0.5
9574,19,11,84,9,28.92,1,4.5,0.5
9575,11,12,239,7,39.44,1,3.5,0.5
9576,8,3,180,3,17.91,1,1.5,0.5
9577,4,2,35,9,28.16,1,4.5,0.5
9578,11,17,74,10,32.3,1,5.0,0.5
9579,8,13,293,3,16.0,1,1.5,0.5
9580,9,11,303,2,9.65,1,1.0,0.5
9581,2,17,14,1,3.5,1,0.5,0.5
9582,16,6,255,4,17.31,1,2.0,0.5
9583,6,16,176,5,27.68,1,2.5,0.5
9584,19,13,67,9,23.18,1,4.5,0.5
9585,8,3,63,3,18.31,1,1.5,0.5
9586,14,19,37,2,12.09,1,1.0,0.5
9587,16,5,43,6,23.29,1,3.0,0.5
9588,12,20,80,1,3.54,1,0.5,0.5
9589,5,9,210,1,5.95,1,0.5,0.5
9590,19,15,316,1,1.53,1,0.5,0.5
9591,18,18,148,1,9.05,1,0.5,0.5
9592,9,15,220,1,4.42,1,0.5,0.5
9593,2,7,17,4,21.46,1,2.0,0.5
9594,20,20,289,3,8.65,1,1.5,0.5
9595,12,18,198,3,12.77,1,1.5,0.5
9596,2,10,184,8,39.31,1,4.0,0.5
9597,10,11,344,6,17.86,1,3.0,0.5
9598,1,21,30,9,42.94,1,4.5,0.5
9599,4,17,255,15,36.38,1,7.5,0.5
9600,12,16,152,3,14.91,1,1.5,0.5
9601,9,17,193,5,26.5,1,2.5,0.5
9602,4,19,56,16,38.53,1,8.0,0.5
9603,9,14,73,14,65.25,1,7.0,0.5
9604,6,16,47,1,7.16,1,0.5,0.5
9605,1,5,10,6,21.96,1,3.0,0.5
9606,10,16,313,8,39.9,1,4.0,0.5
9607,14,6,320,3,11.62,1,1.5,0.5
9608,18,18,99,1,6.07,1,0.5,0.5
9609,6,15,123,13,30.1,1,6.5,0.5
9610,18,3,338,15,31.32,1,7.5,0.5
9611,20,21,359,1,3.67,1,0.5,0.5
9612,16,15,276,1,2.64,1,0.5,0.5
9613,15,20,301,2,8.11,1,1.0,0.5
9614,16,15,109,8,39.42,1,4.0,0.5
9615,8,15,289,1,7.34,1,0.5,0.5
9616,13,17,159,1,9.08,1,0.5,0.5
9617,11,1,308,8,21.29,1,4.0,0.5
9618,7,21,44,10,39.78,1,5.0,0.5
9619,17,10,193,9,33.85,1,4.5,0.5
9620,18,13,44,6,24.17,1,3.0,0.5
9621,19,7,222,3,10.57,1,1.5,0.5
9622,13,21,65,7,19.31,1,3.5,0.5
9623,15,21,213,5,17.98,1,2.5,0.5
9624,1,20,314,2,13.61,1,1.0,0.5
9625,16,18,27,6,20.29,1,3.0,0.5
9626,5,17,185,11,38.18,1,5.5,0.5
9627,3,6,324,1,2.44,1,0.5,0.5
9628,10,16,3,1,4.42,1,0.5,0.5
9629,19,17,177,34,68.47,1,17.0,0.5
9630,5,6,100,1,4.57,1,0.5,0.5
9631,7,2,119,2,10.01,1,1.0,0.5
9632,14,17,96,3,9.63,1,1.5,0.5
9633,3,4,159,9,30.41,1,4.5,0.5
9634,13,19,21,5,23.21,1,2.5,0.5
9635,13,7,57,1,4.34,1,0.5,0.5
9636,10,4,321,4,18.8,1,2.0,0.5
9637,2,6,88,5,20.63,1,2.5,0.5
9638,6,16,295,1,5.78,1,0.5,0.5
9639,8,13,118,4,19.35,1,2.0,0.5
9640,4,1,114,6,33.21,1,3.0,0.5
9641,12,8,333,3,16.24,1,1.5,0.5
9642,15,21,306,6,27.26,1,3.0,0.5
9643,8,19,362,8,24.44,1,4.0,0.5
9644,7,15,351,1,5.26,1,0.5,0.5
9645,14,21,52,9,44.56,1,4.5,0.5
9646,19,17,72,7,30.82,1,3.5,0.5
9647,14,17,141,2,12.19,1,1.0,0.5
9648,13,20,57,8,27.48,1,4.0,0.5
9649,1,15,37,1,3.57,1,0.5,0.5
9650,19,19,252,5,15.74,1,2.5,0.5
9651,1,19,155,10,34.91,1,5.0,0.5
9652,4,3,6,4,10.6,1,2.0,0.5
9653,10,20,56,12,26.51,1,6.0,0.5
9654,3,20,133,2,4.78,1,1.0,0.5
9655,20,19,71,2,9.02,1,1.0,0.5
9656,9,18,84,1,3.16,1,0.5,0.5
9657,3,21,354,8,38.76,1,4.0,0.5
9658,6,8,229,15,47.69,1,7.5,0.5
9659,6,12,105,4,20.38,1,2.0,0.5
9660,12,15,294,15,56.91,1,7.5,0.5
9661,1,20,32,8,28.29,1,4.0,0.5
9662,16,12,56,9,18.89,1,4.5,0.5
9663,5,15,285,5,23.91,1,2.5,0.5
9664,9,12,355,5,18.65,1,2.5,0.5
9665,10,15,364,21,64.83,1,10.5,0.5
9666,13,10,258,1,5.12,1,0.5,0.5
9667,15,9,284,16,50.79,1,8.0,0.5
9668,12,11,7,4,21.98,1,2.0,0.5
9669,5,12,227,8,25.04,1,4.0,0.5
9670,5,20,106,1,3.76,1,0.5,0.5
9671,18,18,119,5,24.16,1,2.5,0.5
9672,12,21,289,9,24.99,1,4.5,0.5
9673,3,9,320,3,10.03,1,1.5,0.5
9674,7,17,174,12,44.1,1,6.0,0.5
9675,17,7,310,4,17.49,1,2.0,0.5
9676,19,20,328,16,33.92,1,8.0,0.5
9677,18,5,185,7,35.35,1,3.5,0.5
9678,1,10,344,7,14.83,1,3.5,0.5
9679,5,12,71,8,29.54,1,4.0,0.5
9680,2,19,146,5,19.19,1,2.5,0.5
9681,1,15,240,4,21.94,1,2.0,0.5
9682,7,15,9,1,6.31,1,0.5,0.5
9683,11,18,81,2,9.88,1,1.0,0.5
9684,11,18,262,16,48.81,1,8.0,0.5
9685,18,21,71,12,52.21,1,6.0,0.5
9686,17,17,164,3,10.04,1,1.5,0.5
9687,2,1,250,20,55.45,1,10.0,0.5
9688,7,12,243,2,8.12,1,1.0,0.5
9689,7,17,138,1,5.78,1,0.5,0.5
9690,10,13,123,22,66.63,1,11.0,0.5
9691,3,9,37,1,5.03,1,0.5,0.5
9692,12,11,88,3,12.34,1,1.5,0.5
9693,3,18,359,4,11.73,1,2.0,0.5
9694,11,17,51,2,10.38,1,1.0,0.5
9695,12,15,183,1,2.89,1,0.5,0.5
9696,4,11,159,1,7.34,1,0.5,0.5
9697,16,21,31,11,23.15,1,5.5,0.5
9698,20,8,254,4,23.42,1,2.0,0.5
9699,18,11,181,10,26.24,1,5.0,0.5
9700,4,18,235,4,10.76,1,2.0,0.5
9701,6,18,318,8,28.19,1,4.0,0.5
9702,15,12,117,2,9.0,1,1.0,0.5
9703,1,15,280,1,4.84,1,0.5,0.5
9704,3,13,217,4,10.12,1,2.0,0.5
9705,5,19,10,10,27.05,1,5.0,0.5
9706,17,21,263,4,20.37,1,2.0,0.5
9707,14,18,53,6,14.95,1,3.0,0.5
9708,9,15,105,7,35.31,1,3.5,0.5
9709,3,15,134,6,26.24,1,3.0,0.5
9710,13,15,322,7,21.01,1,3.5,0.5
9711,3,16,269,6,20.47,1,3.0,0.5
9712,11,11,140,2,8.39,1,1.0,0.5
9713,2,11,227,1,3.82,1,0.5,0.5
9714,15,20,210,1,3.93,1,0.5,0.5
9715,13,17,137,5,25.69,1,2.5,0.5
9716,19,17,44,1,7.47,1,0.5,0.5
9717,16,7,149,7,27.59,1,3.5,0.5
9718,18,15,15,7,26.07,1,3.5,0.5
9719,7,21,52,3,15.4,1,1.5,0.5
9720,13,7,42,1,1.28,1,0.5,0.5
9721,4,15,42,7,26.83,1,3.5,0.5
9722,9,12,224,1,4.81,1,0.5,0.5
9723,10,21,260,2,6.68,1,1.0,0.5
9724,9,7,43,2,10.53,1,1.0,0.5
9725,7,20,125,3,11.89,1,1.5,0.5
9726,15,16,362,17,76.92,1,8.5,0.5
9727,8,15,209,4,11.98,1,2.0,0.5
9728,19,20,226,6,25.03,1,3.0,0.5
9729,11,1,359,28,59.02,1,14.0,0.5
9730,5,17,327,11,45.29,1,5.5,0.5
9731,2,17,36,3,10.9,1,1.5,0.5
9732,10,5,67,1,1.68,1,0.5,0.5
9733,16,15,313,4,14.2,1,2.0,0.5
9734,13,16,167,6,21.35,1,3.0,0.5
9735,8,3,210,3,15.46,1,1.5,0.5
9736,9,19,343,2,11.02,1,1.0,0.5
9737,11,7,158,3,13.3,1,1.5,0.5
9738,11,21,295,14,31.52,1,7.0,0.5
9739,16,19,274,6,22.55,1,3.0,0.5
9740,10,19,111,7,35.56,1,3.5,0.5
9741,12,18,285,3,13.73,1,1.5,0.5
9742,6,2,236,1,6.27,1,0.5,0.5
9743,12,3,312,1,3.82,1,0.5,0.5
9744,10,16,209,7,21.96,1,3.5,0.5
9745,18,20,344,1,3.92,1,0.5,0.5
9746,18,20,161,5,15.9,1,2.5,0.5
9747,4,9,100,4,20.35,1,2.0,0.5
9748,9,4,187,1,1.03,1,0.5,0.5
9749,7,16,216,2,6.11,1,1.0,0.5
9750,18,1,167,3,13.68,1,1.5,0.5
9751,8,8,308,3,13.15,1,1.5,0.5
9752,11,8,342,1,4.31,1,0.5,0.5
9753,7,19,353,25,51.33,1,12.5,0.5
9754,9,5,200,2,12.49,1,1.0,0.5
9755,8,19,262,3,16.53,1,1.5,0.5
9756,3,6,164,3,8.14,1,1.5,0.5
9757,17,13,50,1,4.9,1,0.5,0.5
9758,2,17,84,6,30.89,1,3.0,0.5
9759,15,21,181,7,39.69,1,3.5,0.5
9760,14,18,148,8,26.52,1,4.0,0.5
9761,18,1,23,3,7.5,1,1.5,0.5
9762,16,20,353,3,17.07,1,1.5,0.5
9763,20,5,4,1,3.59,1,0.5,0.5
9764,4,20,195,2,9.22,1,1.0,0.5
9765,20,20,205,6,23.92,1,3.0,0.5
9766,6,11,105,11,43.7,1,5.5,0.5
9767,6,20,122,7,21.58,1,3.5,0.5
9768,11,18,178,4,15.13,1,2.0,0.5
9769,17,7,101,6,16.53,1,3.0,0.5
9770,3,15,10,2,12.21,1,1.0,0.5
9771,13,5,199,30,62.38,1,15.0,0.5
9772,3,5,291,5,20.35,1,2.5,0.5
9773,16,18,90,5,13.88,1,2.5,0.5
9774,15,19,171,9,44.82,1,4.5,0.5
9775,11,4,319,7,27.05,1,3.5,0.5
9776,18,12,256,7,25.49,1,3.5,0.5
9777,15,18,217,2,7.23,1,1.0,0.5
9778,5,17,35,1,7.55,1,0.5,0.5
9779,16,9,220,29,62.77,1,14.5,0.5
9780,16,21,43,6,20.05,1,3.0,0.5
9781,17,21,223,1,6.64,1,0.5,0.5
9782,9,19,13,2,13.55,1,1.0,0.5
9783,3,18,191,8,29.13,1,4.0,0.5
9784,20,19,114,4,21.48,1,2.0,0.5
9785,13,19,241,11,22.96,1,5.5,0.5
9786,3,3,329,4,20.42,1,2.0,0.5
9787,7,3,221,12,30.29,1,6.0,0.5
9788,6,19,51,4,14.72,1,2.0,0.5
9789,9,12,34,4,14.44,1,2.0,0.5
9790,12,2,170,6,20.66,1,3.0,0.5
9791,15,16,117,6,29.35,1,3.0,0.5
9792,20,16,17,9,23.91,1,4.5,0.5
9793,3,20,20,4,16.66,1,2.0,0.5
9794,10,15,157,2,9.62,1,1.0,0.5
9795,1,19,222,11,39.85,1,5.5,0.5
9796,19,13,287,5,13.33,1,2.5,0.5
9797,19,15,282,3,9.55,1,1.5,0.5
9798,13,7,297,2,12.78,1,1.0,0.5
9799,12,21,206,9,24.4,1,4.5,0.5
9800,1,15,363,2,5.41,1,1.0,0.5
9801,19,13,320,5,16.16,1,2.5,0.5
9802,16,18,299,2,8.55,1,1.0,0.5
9803,15,16,348,4,23.38,1,2.0,0.5
9804,16,17,366,2,10.77,1,1.0,0.5
9805,11,21,79,3,13.18,1,1.5,0.5
9806,6,16,153,5,20.7,1,2.5,0.5
9807,11,4,237,6,16.85,1,3.0,0.5
9808,3,17,284,15,44.89,1,7.5,0.5
9809,15,19,243,12,48.88,1,6.0,0.5
9810,1,19,50,12,42.82,1,6.0,0.5
9811,7,12,324,2,6.06,1,1.0,0.5
9812,1,18,77,1,0.53,1,0.5,0.5
9813,17,4,306,3,8.11,1,1.5,0.5
9814,9,13,127,11,55.63,1,5.5,0.5
9815,13,16,90,6,23.47,1,3.0,0.5
9816,11,17,109,16,77.44,1,8.0,0.5
9817,20,1,210,1,1.57,1,0.5,0.5
9818,6,3,105,6,21.54,1,3.0,0.5
9819,1,3,199,2,7.36,1,1.0,0.5
9820,7,19,170,6,21.11,1,3.0,0.5
9821,12,8,106,1,7.23,1,0.5,0.5
9822,20,3,175,3,16.12,1,1.5,0.5
9823,19,18,16,4,18.13,1,2.0,0.5
9824,17,16,196,1,7.29,1,0.5,0.5
9825,4,16,62,2,9.81,1,1.0,0.5
9826,3,5,46,10,21.94,1,5.0,0.5
9827,1,15,87,1,7.27,1,0.5,0.5
9828,18,18,223,6,28.37,1,3.0,0.5
9829,15,12,205,4,16.63,1,2.0,0.5
9830,8,17,160,1,7.6,1,0.5,0.5
9831,1,8,124,5,14.97,1,2.5,0.5
9832,20,2,107,8,32.39,1,4.0,0.5
9833,14,18,168,4,16.29,1,2.0,0.5
9834,4,21,73,1,4.68,1,0.5,0.5
9835,5,16,58,2,7.39,1,1.0,0.5
9836,13,21,278,4,12.54,1,2.0,0.5
9837,15,18,333,14,29.85,1,7.0,0.5
9838,6,19,4,1,4.42,1,0.5,0.5
9839,1,2,66,5,17.58,1,2.5,0.5
9840,19,8,26,14,53.57,1,7.0,0.5
9841,13,17,65,2,7.22,1,1.0,0.5
9842,6,19,78,6,18.83,1,3.0,0.5
9843,15,15,289,3,10.77,1,1.5,0.5
9844,16,20,283,2,10.41,1,1.0,0.5
9845,16,19,191,1,3.88,1,0.5,0.5
9846,10,13,267,6,31.4,1,3.0,0.5
9847,9,21,365,1,2.87,1,0.5,0.5
9848,9,18,289,4,20.18,1,2.0,0.5
9849,17,15,58,6,30.87,1,3.0,0.5
9850,17,20,337,4,21.15,1,2.0,0.5
9851,17,17,6,4,20.69,1,2.0,0.5
9852,12,15,140,2,10.47,1,1.0,0.5
9853,13,6,351,2,9.6,1,1.0,0.5
9854,12,20,128,5,21.48,1,2.5,0.5
9855,14,15,1,3,13.49,1,1.5,0.5
9856,10,9,342,2,7.07,1,1.0,0.5
9857,19,18,81,13,43.48,1,6.5,0.5
9858,2,17,296,2,13.06,1,1.0,0.5
9859,4,6,85,1,3.08,1,0.5,0.5
9860,19,16,1,1,3.22,1,0.5,0.5
9861,7,18,24,6,27.04,1,3.0,0.5
9862,15,20,9,2,10.43,1,1.0,0.5
9863,15,16,8,4,19.54,1,2.0,0.5
9864,6,11,214,2,8.57,1,1.0,0.5
9865,3,4,202,11,40.71,1,5.5,0.5
9866,6,19,147,3,7.66,1,1.5,0.5
9867,16,15,97,5,26.98,1,2.5,0.5
9868,2,20,309,8,17.0,1,4.0,0.5
9869,7,16,114,2,11.78,1,1.0,0.5
9870,11,15,289,13,31.93,1,6.5,0.5
9871,7,15,278,4,18.41,1,2.0,0.5
9872,4,11,157,10,22.76,1,5.0,0.5
9873,20,18,177,16,80.73,1,8.0,0.5
9874,7,11,93,4,17.1,1,2.0,0.5
9875,4,21,231,5,20.2,1,2.5,0.5
9876,12,7,44,4,21.23,1,2.0,0.5
9877,5,15,238,9,23.31,1,4.5,0.5
9878,19,20,2,8,34.44,1,4.0,0.5
9879,5,16,2,7,26.89,1,3.5,0.5
9880,19,14,201,1,8.58,1,0.5,0.5
9881,3,21,203,3,11.19,1,1.5,0.5
9882,11,16,223,1,4.59,1,0.5,0.5
9883,7,18,299,11,39.1,1,5.5,0.5
9884,17,15,303,1,5.42,1,0.5,0.5
9885,9,17,221,1,4.42,1,0.5,0.5
9886,9,15,35,4,17.72,1,2.0,0.5
9887,10,8,48,7,38.01,1,3.5,0.5
9888,13,19,98,4,16.17,1,2.0,0.5
9889,15,10,47,6,16.89,1,3.0,0.5
9890,5,8,158,4,9.94,1,2.0,0.5
9891,3,15,311,4,9.32,1,2.0,0.5
9892,8,10,2,3,9.21,1,1.5,0.5
9893,20,11,9,5,12.86,1,2.5,0.5
9894,10,5,226,6,16.45,1,3.0,0.5
9895,13,5,333,1,3.62,1,0.5,0.5
9896,3,9,331,14,42.36,1,7.0,0.5
9897,8,4,36,11,51.75,1,5.5,0.5
9898,9,6,150,6,18.94,1,3.0,0.5
9899,12,21,221,1,6.35,1,0.5,0.5
9900,11,12,293,5,24.21,1,2.5,0.5
9901,2,16,288,3,14.27,1,1.5,0.5
9902,18,19,244,4,8.8,1,2.0,0.5
9903,9,17,60,3,11.71,1,1.5,0.5
9904,2,16,319,3,8.55,1,1.5,0.5
9905,2,17,92,8,31.43,1,4.0,0.5
9906,3,16,54,12,26.17,1,6.0,0.5
9907,16,9,267,4,15.86,1,2.0,0.5
9908,19,2,193,8,37.68,1,4.0,0.5
9909,4,18,79,17,50.16,1,8.5,0.5
9910,18,15,363,4,19.74,1,2.0,0.5
9911,20,16,178,1,3.66,1,0.5,0.5
9912,18,1,289,1,3.69,1,0.5,0.5
9913,10,14,323,8,39.87,1,4.0,0.5
9914,11,10,227,4,19.9,1,2.0,0.5
9915,17,18,262,21,67.36,1,10.5,0.5
9916,20,16,207,2,8.27,1,1.0,0.5
9917,16,21,301,4,16.28,1,2.0,0.5
9918,20,3,225,3,13.07,1,1.5,0.5
9919,13,16,283,8,23.94,1,4.0,0.5
9920,2,16,179,2,8.0,1,1.0,0.5
9921,2,20,288,7,16.86,1,3.5,0.5
9922,14,15,279,15,35.9,1,7.5,0.5
9923,4,18,240,3,18.26,1,1.5,0.5
9924,17,18,18,8,25.86,1,4.0,0.5
9925,13,2,151,14,29.59,1,7.0,0.5
9926,4,19,4,13,44.25,1,6.5,0.5
9927,3,20,211,4,16.13,1,2.0,0.5
9928,12,20,309,3,9.24,1,1.5,0.5
9929,8,20,285,5,27.33,1,2.5,0.5
9930,2,2,131,2,8.83,1,1.0,0.5
9931,6,13,117,4,14.33,1,2.0,0.5
9932,10,20,212,2,7.26,1,1.0,0.5
9933,12,15,328,3,13.49,1,1.5,0.5
9934,10,18,32,1,4.07,1,0.5,0.5
9935,10,15,332,4,18.67,1,2.0,0.5
9936,3,17,337,2,9.74,1,1.0,0.5
9937,20,20,354,1,7.34,1,0.5,0.5
9938,10,17,213,15,61.68,1,7.5,0.5
9939,9,20,166,6,23.26,1,3.0,0.5
9940,20,7,187,26,56.6,1,13.0,0.5
9941,19,16,101,1,2.79,1,0.5,0.5
9942,14,13,151,7,25.63,1,3.5,0.5
9943,2,8,96,15,33.19,1,7.5,0.5
9944,5,21,16,4,15.59,1,2.0,0.5
9945,20,15,20,6,26.37,1,3.0,0.5
9946,8,18,9,2,11.61,1,1.0,0.5
9947,7,18,358,11,37.41,1,5.5,0.5
9948,6,16,232,7,29.37,1,3.5,0.5
9949,11,20,317,8,26.08,1,4.0,0.5
9950,12,21,327,5,24.65,1,2.5,0.5
9951,18,15,229,10,33.82,1,5.0,0.5
9952,19,18,201,9,26.19,1,4.5,0.5
9953,10,12,108,4,15.84,1,2.0,0.5
9954,14,1,266,4,16.62,1,2.0,0.5
9955,3,16,86,3,15.62,1,1.5,0.5
9956,18,20,97,2,6.2,1,1.0,0.5
9957,15,3,169,4,11.55,1,2.0,0.5
9958,6,18,47,1,3.48,1,0.5,0.5
9959,10,18,346,7,31.15,1,3.5,0.5
9960,12,19,38,7,24.04,1,3.5,0.5
9961,7,15,281,4,10.37,1,2.0,0.5
9962,17,19,325,2,11.77,1,1.0,0.5
9963,1,17,95,1,2.9,1,0.5,0.5
9964,18,13,174,3,12.62,1,1.5,0.5
9965,15,1,33,1,2.58,1,0.5,0.5
9966,19,5,362,13,42.23,1,6.5,0.5
9967,1,15,38,5,23.22,1,2.5,0.5
9968,5,7,204,2,8.49,1,1.0,0.5
9969,15,16,343,6,23.6,1,3.0,0.5
9970,3,20,34,5,22.39,1,2.5,0.5
9971,1,5,124,2,10.47,1,1.0,0.5
9972,8,21,36,18,47.92,1,9.0,0.5
9973,12,19,258,8,16.38,1,4.0,0.5
9974,19,9,235,1,4.99,1,0.5,0.5
9975,12,18,216,2,8.03,1,1.0,0.5
9976,13,11,251,2,8.72,1,1.0,0.5
9977,1,16,144,23,47.62,1,11.5,0.5
9978,19,8,270,4,18.23,1,2.0,0.5
9979,6,1,101,5,27.59,1,2.5,0.5
9980,8,2,129,3,9.7,1,1.5,0.5
9981,4,15,195,8,26.7,1,4.0,0.5
9982,5,5,55,2,9.74,1,1.0,0.5
9983,7,17,295,11,25.12,1,5.5,0.5
9984,4,21,223,8,19.56,1,4.0,0.5
9985,20,20,313,2,12.03,1,1.0,0.5
9986,4,4,121,4,21.46,1,2.0,0.5
9987,15,20,59,11,29.13,1,5.5,0.5
9988,5,4,8,1,5.49,1,0.5,0.5
9989,9,2,74,5,21.37,1,2.5,0.5
9990,2,21,247,2,11.3,1,1.0,0.5
9991,7,19,101,3,11.69,1,1.5,0.5
9992,17,14,313,6,25.1,1,3.0,0.5
9993,16,1,330,10,26.17,1,5.0,0.5
9994,17,15,259,4,18.18,1,2.0,0.5
9995,20,20,5,4,15.41,1,2.0,0.5
9996,2,21,27,5,28.41,1,2.5,0.5
9997,11,9,141,6,13.98,1,3.0,0.5
9998,2,15,80,2,10.78,1,1.0,0.5
9999,1,16,126,7,30.88,1,3.5,0.5
10000,2,20,297,3,10.85,1,1.5,0.5
