idGeografia,idEstudiante,idTiempo,Huella_Hidrica,Total_Prompts,Duracion_Total_Sesiones,Numero_Sesiones
1,1,20240723,5.5,11,27.22,1
1,1,20240815,0.5,1,7.68,1
1,1,20240816,1.5,3,10.54,1
1,1,20240823,3.5,7,16.67,1
1,1,20240829,6.0,12,31.03,1
1,1,20241123,1.5,3,16.9,1
1,1,20241128,4.5,9,21.88,1
1,1,20241207,1.5,3,18.56,1
1,1,20241221,0.5,1,2.43,1
1,1,20250101,4.5,9,18.57,1
1,1,20250110,3.0,6,15.28,1
1,1,20250226,3.5,7,27.16,1
1,1,20250416,6.5,13,30.61,1
1,1,20250508,1.5,3,16.47,1
1,1,20250517,1.5,3,13.4,1
1,1,20250528,2.5,5,26.52,1
1,1,20250612,10.0,20,44.52,1
1,2,20240708,8.0,16,35.52,1
1,2,20240718,3.5,7,36.36,2
1,2,20240828,2.5,5,17.58,1
1,2,20241029,1.5,3,10.11,1
1,2,20241031,3.5,7,26.71,1
1,2,20250112,10.0,20,48.37,1
1,2,20250115,0.5,1,5.29,1
1,2,20250126,2.0,4,21.42,1
1,2,20250225,2.0,4,18.08,2
1,2,20250302,0.5,1,3.48,1
1,2,20250326,2.0,4,16.26,1
1,2,20250424,2.5,5,27.25,1
1,2,20250507,7.0,14,48.47,1
1,2,20250510,3.5,7,37.17,1
1,2,20250605,4.0,8,30.43,1
1,3,20240711,3.0,6,18.22,1
1,3,20240917,0.5,1,4.61,1
1,3,20241005,4.0,8,18.1,1
1,3,20241018,8.0,16,39.43,1
1,3,20241023,2.5,5,16.22,1
1,3,20250108,1.0,2,7.36,1
1,3,20250308,3.5,7,17.64,1
1,3,20250508,3.5,7,20.35,1
1,3,20250515,4.5,9,28.57,1
1,3,20250607,3.0,6,16.4,1
1,3,20250622,0.5,1,7.71,1
1,4,20240724,1.0,2,11.38,1
1,4,20240809,9.0,18,80.81,1
1,4,20240821,2.0,4,13.61,1
1,4,20240828,4.0,8,19.29,1
1,4,20240902,1.0,2,12.5,1
1,4,20241011,0.5,1,6.48,1
1,4,20241125,2.5,5,18.78,1
1,4,20241218,0.5,1,4.65,1
1,4,20250204,1.0,2,9.62,1
1,4,20250218,7.5,15,31.73,1
1,4,20250304,2.0,4,14.47,1
1,4,20250323,1.0,2,8.51,1
1,4,20250406,4.5,9,35.53,1
1,4,20250618,3.0,6,28.27,1
1,5,20240703,3.0,6,21.96,1
1,5,20240809,0.5,1,6.08,1
1,5,20241025,1.0,2,10.47,1
1,5,20241030,12.5,25,57.71,1
1,5,20241114,8.5,17,44.28,1
1,5,20241118,4.0,8,20.81,1
1,5,20241215,6.0,12,43.6,1
1,5,20250112,2.0,4,19.53,1
1,5,20250119,5.0,10,33.4,1
1,5,20250201,4.5,9,28.85,1
1,5,20250213,2.0,4,15.46,1
1,5,20250218,1.5,3,13.05,1
1,5,20250406,2.0,4,17.11,1
1,5,20250417,3.0,6,20.18,1
1,5,20250425,3.0,6,24.65,1
1,5,20250516,4.0,8,42.91,1
1,5,20250611,0.5,1,8.09,1
1,6,20240717,5.5,11,25.49,1
1,6,20241002,2.0,4,14.33,1
1,6,20241110,0.5,1,8.15,1
1,6,20241121,3.5,7,27.25,1
1,6,20241203,1.0,2,6.15,1
1,6,20241205,1.0,2,9.55,1
1,6,20250104,4.5,9,31.5,1
1,6,20250303,1.5,3,15.22,1
1,6,20250331,4.0,8,31.69,1
1,6,20250509,1.0,2,5.93,1
1,7,20240728,2.5,5,19.4,1
1,7,20240806,3.5,7,27.99,1
1,7,20241120,1.0,2,12.56,1
1,7,20250117,2.5,5,15.0,1
1,7,20250216,1.5,3,7.79,1
1,7,20250307,3.0,6,21.27,1
1,7,20250428,2.0,4,11.69,1
1,7,20250504,1.0,2,7.61,1
1,8,20240725,2.5,5,12.39,1
1,8,20240821,5.5,11,34.56,1
1,8,20240928,1.0,2,5.55,1
1,8,20241013,2.5,5,23.69,1
1,8,20241025,2.5,5,14.97,1
1,8,20241107,0.5,1,2.38,1
1,8,20250104,6.0,12,46.66,1
1,8,20250115,4.5,9,30.03,1
1,8,20250227,5.5,11,39.57,1
1,8,20250604,9.0,18,51.3,1
1,9,20240624,1.0,2,9.94,1
1,9,20240818,6.0,12,33.82,2
1,9,20241117,4.0,8,38.28,1
1,9,20241226,3.5,7,20.51,1
1,9,20250124,2.5,5,14.88,1
1,9,20250212,1.0,2,13.4,1
1,9,20250215,6.0,12,30.83,1
1,9,20250319,3.0,6,24.64,1
1,9,20250406,0.5,1,3.49,1
1,9,20250415,8.5,17,84.96,1
1,9,20250508,5.5,11,42.56,1
1,9,20250621,0.5,1,4.46,1
1,10,20240702,3.5,7,35.09,1
1,10,20240805,0.5,1,8.3,1
1,10,20240821,3.0,6,17.2,1
1,10,20241008,4.0,8,36.03,1
1,10,20241113,0.5,1,4.49,1
1,10,20241119,3.0,6,21.2,1
1,10,20250112,0.5,1,7.35,1
1,10,20250203,2.0,4,12.29,1
1,10,20250602,10.0,20,59.33,2
1,11,20240625,1.5,3,14.78,1
1,11,20240708,0.5,1,9.0,1
1,11,20240710,2.0,4,21.34,1
1,11,20241122,2.5,5,22.59,1
1,11,20241208,3.0,6,17.78,1
1,11,20241220,0.5,1,7.17,1
1,11,20241223,2.5,5,20.2,1
1,11,20241226,1.5,3,12.25,1
1,11,20250210,4.5,9,36.64,1
1,11,20250212,0.5,1,1.18,1
1,11,20250313,8.5,17,58.32,2
1,11,20250322,1.0,2,9.95,1
1,11,20250401,2.5,5,19.02,1
1,11,20250410,6.5,13,54.74,1
1,11,20250413,5.0,10,51.02,1
1,11,20250530,1.5,3,6.98,1
1,12,20240716,4.0,8,27.02,1
1,12,20240923,7.0,14,53.28,1
1,12,20241007,5.0,10,29.33,1
1,12,20241017,3.0,6,14.12,1
1,12,20241027,1.0,2,11.11,1
1,12,20241213,2.0,4,13.58,1
1,12,20241218,3.0,6,19.54,1
1,12,20241222,0.5,1,1.26,1
1,12,20250311,5.0,10,50.16,1
1,12,20250401,3.0,6,28.19,1
1,12,20250524,12.5,25,86.6,1
1,13,20240629,0.5,1,4.44,1
1,13,20241130,0.5,1,8.76,1
1,13,20250105,2.0,4,18.45,1
1,13,20250116,5.0,10,41.91,1
1,13,20250119,6.5,13,46.26,1
1,13,20250123,6.0,12,32.01,1
1,13,20250306,1.0,2,11.5,1
1,13,20250319,5.5,11,28.17,1
1,13,20250323,3.5,7,33.33,1
1,13,20250324,1.0,2,13.14,1
1,13,20250414,7.5,15,44.1,1
1,13,20250505,1.0,2,7.57,1
1,13,20250511,0.5,1,2.38,1
1,13,20250513,3.0,6,30.97,1
1,13,20250517,2.5,5,13.45,1
1,14,20240701,2.0,4,18.43,1
1,14,20240705,5.0,10,25.83,1
1,14,20240907,2.5,5,17.34,1
1,14,20241215,0.5,1,3.59,1
1,14,20250118,1.5,3,10.4,1
1,14,20250201,3.5,7,24.32,1
1,14,20250218,4.0,8,18.28,1
1,14,20250222,4.5,9,22.26,1
1,14,20250226,1.0,2,8.5,1
1,14,20250309,0.5,1,4.78,1
1,14,20250320,7.0,14,42.66,1
1,14,20250401,3.5,7,35.23,1
1,14,20250526,9.5,19,62.5,1
1,15,20240702,6.5,13,38.15,1
1,15,20240705,3.0,6,23.14,1
1,15,20240729,2.0,4,15.77,1
1,15,20240730,0.5,1,3.57,1
1,15,20240731,2.5,5,23.22,1
1,15,20240803,4.5,9,37.82,1
1,15,20240807,1.5,3,12.72,1
1,15,20240810,1.0,2,7.62,1
1,15,20240813,0.5,1,6.63,1
1,15,20240815,2.5,5,19.17,2
1,15,20240816,4.0,8,35.17,1
1,15,20240823,0.5,1,4.24,1
1,15,20240826,6.0,12,38.23,1
1,15,20240829,0.5,1,5.41,1
1,15,20240911,3.5,7,36.14,1
1,15,20240916,0.5,1,4.58,1
1,15,20240918,0.5,1,7.27,1
1,15,20241015,2.5,5,14.8,1
1,15,20241030,5.5,11,50.12,1
1,15,20241111,0.5,1,3.04,1
1,15,20241115,2.0,4,21.02,1
1,15,20241124,1.0,2,10.7,1
1,15,20241125,0.5,1,7.58,1
1,15,20241206,12.0,24,69.44,2
1,15,20241217,1.0,2,11.85,1
1,15,20241222,0.5,1,1.86,1
1,15,20250114,1.5,3,17.48,1
1,15,20250115,1.5,3,14.28,1
1,15,20250119,0.5,1,3.26,1
1,15,20250206,6.5,13,60.41,1
1,15,20250208,6.0,12,33.35,1
1,15,20250218,2.0,4,21.94,1
1,15,20250221,9.5,19,70.22,3
1,15,20250222,0.5,1,5.41,1
1,15,20250301,5.0,10,28.48,2
1,15,20250307,5.0,10,37.37,1
1,15,20250312,2.5,5,22.32,1
1,15,20250328,19.5,39,110.81,1
1,15,20250329,7.5,15,61.36,1
1,15,20250330,0.5,1,4.84,1
1,15,20250401,0.5,1,6.62,1
1,15,20250404,0.5,1,2.27,1
1,15,20250513,3.0,6,26.78,1
1,15,20250525,0.5,1,9.01,1
1,15,20250603,6.0,12,55.91,1
1,15,20250606,2.5,5,17.16,1
1,15,20250621,1.0,2,5.41,1
1,16,20240625,8.5,17,47.16,1
1,16,20240708,3.5,7,20.49,1
1,16,20240730,7.0,14,63.2,1
1,16,20240731,3.0,6,19.94,1
1,16,20240803,1.0,2,9.68,1
1,16,20240819,3.0,6,18.49,1
1,16,20240820,3.0,6,15.62,1
1,16,20240901,4.5,9,26.13,1
1,16,20240909,2.5,5,12.5,1
1,16,20240920,2.0,4,16.66,1
1,16,20241008,1.0,2,12.1,1
1,16,20241012,2.5,5,16.94,1
1,16,20241013,5.0,10,43.71,1
1,16,20241021,2.5,5,18.98,1
1,16,20241027,3.5,7,30.88,1
1,16,20241108,4.0,8,25.26,1
1,16,20241110,9.0,18,45.58,2
1,16,20241114,11.5,23,47.62,1
1,16,20241116,1.0,2,11.04,1
1,16,20241208,4.0,8,30.26,1
1,16,20241215,4.0,8,22.73,1
1,16,20250103,1.5,3,12.75,1
1,16,20250109,2.0,4,15.95,1
1,16,20250207,3.5,7,23.54,1
1,16,20250213,0.5,1,4.59,1
1,16,20250215,1.0,2,11.23,1
1,16,20250223,3.0,6,25.64,1
1,16,20250226,1.5,3,12.42,1
1,16,20250306,6.5,13,63.25,1
1,16,20250317,5.0,10,38.68,1
1,16,20250418,4.0,8,34.41,1
1,16,20250427,1.0,2,6.46,1
1,16,20250429,1.0,2,5.67,1
1,16,20250511,1.5,3,15.16,1
1,16,20250514,4.0,8,28.19,1
1,16,20250604,4.0,8,34.83,1
1,16,20250606,2.0,4,15.34,1
1,16,20250607,5.0,10,24.54,1
1,16,20250622,1.0,2,13.47,1
1,17,20240706,1.0,2,8.4,1
1,17,20240711,1.5,3,11.25,1
1,17,20240714,0.5,1,7.64,1
1,17,20240730,3.5,7,35.24,1
1,17,20240804,1.0,2,10.15,1
1,17,20240821,0.5,1,7.62,1
1,17,20240901,1.0,2,10.49,1
1,17,20240905,1.0,2,9.6,1
1,17,20240909,3.0,6,15.44,1
1,17,20240918,3.0,6,28.96,1
1,17,20240919,0.5,1,5.13,1
1,17,20240926,3.5,7,18.0,2
1,17,20240928,0.5,1,6.3,1
1,17,20241001,6.5,13,34.47,2
1,17,20241016,4.0,8,17.19,1
1,17,20241017,3.5,7,22.31,1
1,17,20241018,2.5,5,13.28,1
1,17,20241104,1.5,3,14.92,1
1,17,20241120,2.0,4,15.57,1
1,17,20241123,5.0,10,28.01,1
1,17,20250104,1.0,2,4.96,1
1,17,20250111,4.5,9,23.28,1
1,17,20250208,5.5,11,42.03,1
1,17,20250213,8.0,16,46.83,1
1,17,20250214,2.5,5,24.93,1
1,17,20250223,5.0,10,33.03,1
1,17,20250306,5.0,10,26.47,1
1,17,20250311,2.0,4,22.45,1
1,17,20250312,3.0,6,14.13,1
1,17,20250314,1.0,2,9.43,1
1,17,20250317,2.0,4,19.63,1
1,17,20250324,1.0,2,10.41,1
1,17,20250418,0.5,1,1.98,1
1,17,20250421,2.0,4,19.44,1
1,17,20250422,0.5,1,6.2,1
1,17,20250505,3.5,7,28.1,1
1,17,20250508,0.5,1,5.87,1
1,17,20250525,1.0,2,8.04,1
1,17,20250527,3.0,6,14.03,1
1,17,20250606,0.5,1,8.65,1
1,17,20250612,1.0,2,10.53,1
1,17,20250613,2.0,4,18.07,1
1,17,20250624,0.5,1,6.32,1
1,18,20240624,2.0,4,18.15,1
1,18,20240628,14.5,29,97.47,2
1,18,20240704,3.5,7,17.66,1
1,18,20240705,1.0,2,9.62,1
1,18,20240706,5.0,10,22.03,1
1,18,20240722,1.5,3,6.39,1
1,18,20240801,6.0,12,36.95,1
1,18,20240824,6.0,12,40.55,1
1,18,20240908,0.5,1,0.53,1
1,18,20240910,2.5,5,17.4,1
1,18,20240915,0.5,1,5.53,1
1,18,20240925,2.5,5,24.75,1
1,18,20240928,2.5,5,26.63,1
1,18,20241013,1.0,2,8.29,1
1,18,20241021,6.5,13,48.75,1
1,18,20241031,6.0,12,30.86,1
1,18,20241102,2.0,4,20.14,1
1,18,20241118,1.0,2,8.51,1
1,18,20241119,2.5,5,19.61,1
1,18,20241205,0.5,1,0.86,1
1,18,20241230,3.0,6,18.93,1
1,18,20241231,0.5,1,3.67,1
1,18,20250116,2.0,4,11.37,1
1,18,20250121,5.0,10,25.18,1
1,18,20250122,0.5,1,3.49,1
1,18,20250124,4.0,8,22.81,1
1,18,20250126,2.0,4,18.14,1
1,18,20250219,7.0,14,43.53,1
1,18,20250220,0.5,1,3.1,1
1,18,20250226,3.5,7,27.26,1
1,18,20250307,4.0,8,38.52,1
1,18,20250314,2.0,4,12.24,1
1,18,20250422,3.0,6,21.74,1
1,18,20250425,3.5,7,31.0,1
1,18,20250429,1.0,2,9.62,1
1,18,20250514,2.0,4,20.99,1
1,18,20250521,3.0,6,22.9,1
1,18,20250527,1.5,3,8.86,1
1,18,20250604,2.5,5,15.7,1
1,18,20250616,1.0,2,11.44,1
1,18,20250618,6.0,12,25.16,1
1,19,20240705,1.0,2,7.83,1
1,19,20240706,0.5,1,3.23,1
1,19,20240724,1.0,2,5.15,1
1,19,20240806,2.5,5,26.09,1
1,19,20240809,1.5,3,12.59,1
1,19,20240812,6.0,12,42.82,1
1,19,20240813,3.5,7,15.48,1
1,19,20240821,5.5,11,42.48,1
1,19,20240823,1.5,3,9.93,1
1,19,20240825,4.0,8,29.96,1
1,19,20240826,2.0,4,9.07,1
1,19,20240829,2.5,5,20.1,1
1,19,20240830,5.5,11,47.82,2
1,19,20240902,1.5,3,9.98,1
1,19,20240908,2.5,5,16.94,1
1,19,20240928,4.5,9,23.36,1
1,19,20241003,3.5,7,21.37,1
1,19,20241015,3.0,6,15.43,1
1,19,20241022,2.0,4,17.74,1
1,19,20241026,0.5,1,4.72,1
1,19,20241112,1.5,3,10.96,1
1,19,20241121,1.0,2,10.31,1
1,19,20241125,5.0,10,34.91,1
1,19,20241127,5.0,10,25.41,1
1,19,20241212,3.5,7,14.99,1
1,19,20241214,4.5,9,30.35,2
1,19,20241221,0.5,1,2.82,1
1,19,20241224,1.5,3,16.31,1
1,19,20250102,1.0,2,6.4,1
1,19,20250108,2.0,4,10.28,1
1,19,20250119,4.5,9,22.3,1
1,19,20250130,5.0,10,31.93,1
1,19,20250131,5.5,11,39.85,1
1,19,20250201,0.5,1,5.98,1
1,19,20250211,3.0,6,14.86,1
1,19,20250217,4.0,8,19.75,1
1,19,20250223,5.5,11,27.55,1
1,19,20250322,0.5,1,6.83,1
1,19,20250330,4.5,9,20.05,1
1,19,20250414,2.5,5,22.63,1
1,19,20250425,4.5,9,39.61,1
1,19,20250427,2.0,4,18.34,1
1,19,20250510,2.0,4,21.3,1
1,19,20250511,1.5,3,16.1,1
1,19,20250514,5.0,10,30.45,1
1,19,20250515,2.0,4,13.39,1
1,19,20250517,0.5,1,3.42,1
1,19,20250605,1.5,3,11.15,1
1,19,20250623,2.0,4,15.27,1
1,20,20240624,0.5,1,7.44,1
1,20,20240707,0.5,1,4.63,1
1,20,20240716,0.5,1,2.27,1
1,20,20240717,2.0,4,12.54,1
1,20,20240725,4.0,8,28.29,1
1,20,20240814,4.0,8,24.45,1
1,20,20240830,4.5,9,39.54,2
1,20,20240917,6.0,12,38.45,1
1,20,20241001,5.5,11,24.33,1
1,20,20241008,0.5,1,3.93,1
1,20,20241019,2.5,5,15.58,1
1,20,20241114,1.0,2,9.97,1
1,20,20241125,1.5,3,12.93,1
1,20,20241126,2.0,4,19.49,1
1,20,20241201,1.0,2,10.9,1
1,20,20241210,2.5,5,11.94,1
1,20,20241212,7.0,14,48.55,1
1,20,20241215,2.5,5,19.14,1
1,20,20241216,1.5,3,16.06,1
1,20,20241224,2.0,4,19.54,1
1,20,20241225,2.0,4,16.48,1
1,20,20241227,6.0,12,40.96,1
1,20,20250109,0.5,1,7.44,1
1,20,20250112,3.0,6,22.48,2
1,20,20250116,0.5,1,4.51,1
1,20,20250129,0.5,1,6.53,1
1,20,20250206,0.5,1,6.06,1
1,20,20250207,11.0,22,83.25,1
1,20,20250214,4.5,9,30.7,1
1,20,20250225,2.5,5,12.28,1
1,20,20250228,3.0,6,28.08,1
1,20,20250320,4.0,8,39.72,1
1,20,20250321,1.5,3,9.22,1
1,20,20250325,2.0,4,8.92,1
1,20,20250421,2.5,5,17.93,1
1,20,20250422,2.5,5,20.64,1
1,20,20250423,1.5,3,6.87,1
1,20,20250424,8.5,17,37.63,1
1,20,20250503,1.0,2,13.61,1
1,20,20250507,3.0,6,15.71,1
1,20,20250513,1.0,2,12.19,1
1,20,20250522,1.0,2,9.17,1
1,20,20250605,1.5,3,17.73,1
1,20,20250608,5.5,11,47.35,2
1,20,20250610,4.5,9,28.54,2
1,20,20250615,3.0,6,30.28,1
1,21,20240628,4.5,9,35.02,1
1,21,20240716,1.0,2,7.48,1
1,21,20240717,5.5,11,29.17,1
1,21,20240723,4.5,9,42.94,1
1,21,20240727,3.0,6,17.65,1
1,21,20240806,0.5,1,4.92,1
1,21,20240829,0.5,1,1.2,1
1,21,20240910,1.0,2,10.73,1
1,21,20240916,0.5,1,4.1,1
1,21,20241003,5.5,11,53.76,2
1,21,20241110,11.0,22,48.43,1
1,21,20241128,2.5,5,21.84,1
1,21,20241207,3.5,7,30.67,1
1,21,20241213,2.5,5,17.64,1
1,21,20241224,0.5,1,8.25,1
1,21,20241225,0.5,1,3.35,1
1,21,20241229,6.5,13,51.48,1
1,21,20250106,0.5,1,1.97,1
1,21,20250123,1.5,3,16.66,1
1,21,20250203,5.0,10,32.85,1
1,21,20250204,0.5,1,7.23,1
1,21,20250210,8.0,16,60.54,1
1,21,20250215,1.5,3,9.64,1
1,21,20250219,3.0,6,20.93,1
1,21,20250305,10.5,21,49.93,1
1,21,20250312,3.0,6,29.23,1
1,21,20250314,1.0,2,11.83,1
1,21,20250315,0.5,1,6.76,1
1,21,20250317,7.5,15,42.87,1
1,21,20250318,0.5,1,7.89,1
1,21,20250406,3.5,7,27.26,1
1,21,20250410,5.5,11,45.67,2
1,21,20250415,7.5,15,54.06,1
1,21,20250421,1.0,2,10.72,1
1,21,20250424,0.5,1,5.93,1
1,21,20250507,7.0,14,56.51,1
1,21,20250509,9.5,19,39.71,1
1,21,20250512,5.5,11,23.68,1
1,21,20250604,7.5,15,58.88,2
1,21,20250624,3.0,6,24.17,1
2,1,20240729,6.0,12,32.19,1
2,1,20240804,7.0,14,35.41,1
2,1,20240812,3.0,6,17.67,1
2,1,20240829,0.5,1,5.27,1
2,1,20241102,2.5,5,19.43,1
2,1,20241124,4.0,8,24.99,1
2,1,20241201,6.0,12,57.25,1
2,1,20241207,3.5,7,35.75,1
2,1,20241214,0.5,1,8.29,1
2,1,20241223,5.5,11,43.09,1
2,1,20250201,2.5,5,20.73,1
2,1,20250219,8.5,17,45.1,1
2,1,20250228,10.0,20,55.45,1
2,1,20250322,0.5,1,2.5,1
2,1,20250527,4.0,8,38.57,1
2,1,20250606,3.0,6,27.27,1
2,1,20250609,6.5,13,32.65,1
2,1,20250612,2.5,5,13.14,1
2,2,20240704,0.5,1,2.0,1
2,2,20240806,6.0,12,32.63,1
2,2,20240824,0.5,1,6.42,1
2,2,20240831,4.5,9,31.28,1
2,2,20240911,3.5,7,27.95,1
2,2,20240923,2.5,5,23.01,1
2,2,20241005,0.5,1,4.93,1
2,2,20241016,4.0,8,37.31,1
2,2,20241101,1.0,2,8.83,1
2,2,20250227,2.0,4,18.75,1
2,2,20250307,0.5,1,6.77,1
2,2,20250417,7.5,15,56.15,1
2,2,20250504,2.5,5,13.61,1
2,2,20250506,1.0,2,7.17,1
2,3,20240920,2.0,4,20.34,1
2,3,20241122,2.0,4,17.59,1
2,3,20241209,2.0,4,16.82,2
2,3,20241212,2.0,4,18.63,1
2,3,20241229,1.5,3,9.69,1
2,3,20250104,0.5,1,6.0,1
2,3,20250112,0.5,1,8.03,1
2,3,20250319,0.5,1,5.17,1
2,3,20250403,2.0,4,15.79,1
2,3,20250413,2.0,4,11.74,1
2,3,20250415,2.0,4,17.98,1
2,3,20250520,6.0,12,28.45,1
2,3,20250607,7.0,14,44.83,1
2,4,20240703,3.5,7,22.45,1
2,4,20240831,3.0,6,23.79,1
2,4,20241006,1.5,3,8.07,1
2,4,20241012,2.5,5,23.83,1
2,4,20241017,3.5,7,28.77,1
2,4,20241024,3.0,6,22.1,1
2,4,20241114,2.0,4,20.38,1
2,4,20241209,2.0,4,10.61,1
2,4,20250201,4.0,8,19.49,1
2,4,20250411,3.0,6,22.24,1
2,4,20250416,7.5,15,35.35,1
2,4,20250509,3.0,6,30.27,1
2,4,20250603,2.5,5,20.98,1
2,4,20250614,3.5,7,26.97,1
2,4,20250623,3.5,7,28.95,1
2,5,20240629,5.0,10,30.12,1
2,5,20240812,2.5,5,21.7,1
2,5,20240906,0.5,1,7.24,1
2,5,20241002,1.5,3,13.48,1
2,5,20241010,1.0,2,12.8,1
2,5,20241106,1.0,2,10.05,1
2,5,20241206,3.5,7,35.16,1
2,5,20250124,4.0,8,35.26,1
2,5,20250126,7.5,15,57.75,1
2,5,20250308,0.5,1,0.94,1
2,5,20250315,5.0,10,40.09,1
2,5,20250512,4.0,8,25.56,1
2,6,20240706,1.0,2,10.3,1
2,6,20240720,3.5,7,28.72,1
2,6,20240901,1.5,3,15.17,1
2,6,20240916,3.0,6,22.16,1
2,6,20240919,2.5,5,20.63,1
2,6,20240920,0.5,1,4.03,1
2,6,20241102,3.0,6,16.24,1
2,6,20250228,3.5,7,16.67,1
2,6,20250526,4.0,8,40.57,1
2,7,20240624,1.5,3,10.83,1
2,7,20240702,5.5,11,35.52,1
2,7,20240704,5.5,11,25.74,1
2,7,20240710,2.0,4,21.46,1
2,7,20240731,1.0,2,9.82,1
2,7,20240821,2.0,4,12.0,1
2,7,20240923,2.0,4,18.38,1
2,7,20241012,1.5,3,14.06,1
2,7,20241028,1.0,2,7.08,1
2,7,20241104,1.0,2,6.12,1
2,7,20241106,6.5,13,40.8,1
2,7,20241123,8.5,17,71.57,1
2,7,20250124,1.5,3,10.45,1
2,7,20250205,2.5,5,13.49,1
2,7,20250208,5.0,10,23.4,1
2,7,20250331,18.0,36,91.13,2
2,7,20250403,3.0,6,30.94,1
2,7,20250506,0.5,1,4.38,1
2,7,20250529,2.5,5,26.17,2
2,8,20240804,3.5,7,27.24,1
2,8,20240902,1.5,3,9.43,1
2,8,20240921,1.0,2,9.81,1
2,8,20240927,7.5,15,33.19,1
2,8,20241015,5.5,11,33.25,1
2,8,20241017,3.0,6,18.52,1
2,8,20250304,2.0,4,18.28,1
2,8,20250503,4.0,8,29.68,1
2,8,20250514,0.5,1,2.48,1
2,8,20250516,3.0,6,14.47,1
2,8,20250613,3.5,7,17.88,1
2,8,20250619,4.0,8,26.05,1
2,9,20240911,2.0,4,14.51,1
2,9,20240921,2.0,4,13.13,1
2,9,20241228,0.5,1,5.78,1
2,9,20250131,4.5,9,31.58,1
2,9,20250204,6.5,13,35.62,1
2,9,20250208,1.0,2,5.77,1
2,9,20250225,3.5,7,22.84,1
2,9,20250323,5.0,10,20.97,1
2,9,20250425,4.0,8,40.94,1
2,9,20250507,1.0,2,4.27,1
2,9,20250510,9.0,18,68.07,1
2,9,20250513,1.0,2,6.98,1
2,9,20250516,7.5,15,52.09,2
2,9,20250612,2.5,5,15.6,1
2,10,20240710,5.0,10,39.08,1
2,10,20240711,3.0,6,24.6,1
2,10,20240718,0.5,1,3.33,1
2,10,20241104,1.0,2,10.32,1
2,10,20241105,0.5,1,2.42,1
2,10,20241219,2.0,4,15.22,1
2,10,20241224,4.0,8,39.31,1
2,10,20250115,0.5,1,2.98,1
2,10,20250206,2.5,5,20.19,1
2,10,20250207,1.0,2,8.57,1
2,10,20250211,0.5,1,0.9,1
2,10,20250303,0.5,1,3.95,1
2,10,20250314,5.0,10,28.45,1
2,10,20250514,14.0,28,82.82,1
2,10,20250605,1.0,2,9.68,1
2,10,20250621,1.0,2,11.36,1
2,11,20240706,0.5,1,4.02,1
2,11,20240716,1.5,3,14.86,1
2,11,20240729,2.5,5,25.0,1
2,11,20240907,7.5,15,53.08,1
2,11,20241028,5.0,10,34.87,1
2,11,20241127,0.5,1,4.14,1
2,11,20241201,1.0,2,11.36,1
2,11,20250205,0.5,1,3.82,1
2,11,20250210,1.0,2,5.12,1
2,11,20250218,2.5,5,15.51,1
2,11,20250415,1.0,2,10.52,1
2,11,20250419,2.5,5,14.7,1
2,11,20250420,0.5,1,5.67,1
2,11,20250607,1.0,2,9.7,1
2,11,20250613,1.5,3,14.67,1
2,11,20250622,3.5,7,33.78,1
2,12,20240626,4.0,8,19.18,1
2,12,20240630,3.0,6,29.01,1
2,12,20240701,8.5,17,44.98,1
2,12,20240716,2.5,5,20.38,1
2,12,20240912,0.5,1,9.14,1
2,12,20241026,3.0,6,17.0,1
2,12,20241120,0.5,1,1.43,1
2,12,20241124,9.0,18,39.45,1
2,12,20241213,6.5,13,32.06,1
2,12,20241228,2.5,5,14.98,1
2,12,20241229,2.5,5,24.24,1
2,12,20250102,3.5,7,26.32,1
2,12,20250315,0.5,1,6.5,1
2,12,20250321,1.5,3,13.4,1
2,12,20250329,1.0,2,9.56,1
2,12,20250422,2.0,4,19.81,1
2,12,20250514,7.0,14,30.82,1
2,13,20240906,0.5,1,5.14,1
2,13,20240922,4.0,8,17.12,1
2,13,20241204,10.0,20,42.93,1
2,13,20241226,1.5,3,12.57,1
2,13,20241229,3.0,6,24.75,1
2,13,20250111,0.5,1,9.95,1
2,13,20250202,0.5,1,5.63,1
2,13,20250203,1.0,2,7.54,1
2,13,20250224,1.0,2,12.19,1
2,13,20250424,1.5,3,10.21,1
2,13,20250505,1.5,3,13.04,1
2,13,20250601,2.0,4,14.36,1
2,14,20240726,1.0,2,11.39,1
2,14,20240806,3.0,6,20.49,1
2,14,20240905,2.5,5,18.7,1
2,14,20240908,0.5,1,2.54,1
2,14,20241015,1.5,3,10.48,1
2,14,20241122,3.0,6,22.16,1
2,14,20250108,0.5,1,1.98,1
2,14,20250202,1.0,2,5.07,1
2,14,20250228,0.5,1,6.49,1
2,14,20250302,2.5,5,16.01,1
2,14,20250320,2.5,5,18.41,1
2,14,20250420,1.0,2,11.2,1
2,14,20250426,6.5,13,35.88,1
2,14,20250506,2.0,4,13.94,1
2,14,20250531,4.5,9,24.17,1
2,14,20250608,3.5,7,36.92,1
2,14,20250621,6.5,13,27.55,1
2,15,20240624,2.0,4,16.03,1
2,15,20240630,1.5,3,18.34,1
2,15,20240713,3.5,7,29.5,2
2,15,20240722,2.0,4,17.62,1
2,15,20240816,2.0,4,19.02,1
2,15,20240831,4.5,9,21.87,1
2,15,20240911,1.0,2,10.78,1
2,15,20241010,1.5,3,14.61,1
2,15,20241103,2.0,4,16.41,1
2,15,20241221,3.0,6,18.5,1
2,15,20241224,5.0,10,34.6,1
2,15,20241225,1.5,3,7.43,1
2,15,20250120,1.0,2,10.59,1
2,15,20250123,0.5,1,3.28,1
2,15,20250125,5.0,10,51.09,1
2,15,20250127,0.5,1,3.82,1
2,15,20250129,3.0,6,19.17,1
2,15,20250209,1.0,2,10.07,1
2,15,20250210,3.0,6,27.03,1
2,15,20250213,11.0,22,46.62,1
2,15,20250221,2.0,4,18.2,1
2,15,20250307,4.5,9,25.84,1
2,15,20250316,2.0,4,20.96,1
2,15,20250324,2.0,4,11.93,1
2,15,20250331,0.5,1,4.43,1
2,15,20250404,1.0,2,11.25,1
2,15,20250502,0.5,1,6.48,1
2,15,20250520,0.5,1,4.52,1
2,15,20250524,1.5,3,14.76,1
2,15,20250528,4.5,9,27.34,1
2,15,20250605,1.5,3,7.93,1
2,16,20240803,2.5,5,12.1,1
2,16,20240809,5.0,10,38.24,1
2,16,20240814,0.5,1,5.16,1
2,16,20240821,2.5,5,26.11,2
2,16,20240824,2.5,5,13.43,1
2,16,20240825,4.5,9,41.84,1
2,16,20240826,0.5,1,3.32,1
2,16,20240918,6.0,12,26.12,1
2,16,20240921,8.0,16,68.97,2
2,16,20240924,3.0,6,18.34,1
2,16,20240928,3.5,7,18.29,1
2,16,20240929,0.5,1,4.08,1
2,16,20241019,2.0,4,16.35,1
2,16,20241020,1.0,2,9.28,1
2,16,20241027,3.0,6,25.35,1
2,16,20241028,5.0,10,29.26,1
2,16,20241101,4.5,9,24.04,1
2,16,20241109,1.0,2,11.05,1
2,16,20241119,1.5,3,13.91,1
2,16,20241202,1.5,3,13.69,1
2,16,20241205,1.5,3,11.2,1
2,16,20241218,1.0,2,10.93,1
2,16,20241219,6.0,12,43.58,3
2,16,20241220,3.0,6,28.84,1
2,16,20250108,6.5,13,27.89,1
2,16,20250112,2.5,5,27.69,2
2,16,20250113,0.5,1,5.59,1
2,16,20250119,3.5,7,27.53,1
2,16,20250124,5.5,11,26.03,1
2,16,20250131,18.0,36,84.75,1
2,16,20250208,3.5,7,29.91,1
2,16,20250214,0.5,1,5.79,1
2,16,20250223,0.5,1,6.64,1
2,16,20250224,0.5,1,3.79,1
2,16,20250301,1.0,2,11.33,2
2,16,20250307,3.0,6,12.97,1
2,16,20250309,3.0,6,27.92,1
2,16,20250318,3.5,7,28.44,1
2,16,20250324,2.5,5,25.03,1
2,16,20250405,1.0,2,8.06,1
2,16,20250407,1.5,3,14.27,1
2,16,20250413,2.0,4,18.56,1
2,16,20250425,2.5,5,18.38,1
2,16,20250430,0.5,1,5.02,1
2,16,20250508,1.5,3,8.55,1
2,16,20250517,0.5,1,0.99,1
2,16,20250518,0.5,1,3.56,1
2,16,20250527,6.0,12,51.81,1
2,16,20250602,2.0,4,15.98,1
2,16,20250603,4.0,8,20.02,1
2,16,20250607,1.0,2,8.02,1
2,16,20250615,2.0,4,16.06,1
2,16,20250617,1.5,3,13.04,1
2,16,20250622,7.5,15,54.63,2
2,16,20250624,4.0,8,31.09,1
2,17,20240707,0.5,1,3.5,1
2,17,20240714,0.5,1,6.34,1
2,17,20240716,2.0,4,16.2,1
2,17,20240729,1.5,3,10.9,1
2,17,20240814,2.5,5,14.29,1
2,17,20240821,1.0,2,9.69,1
2,17,20240826,3.0,6,20.26,1
2,17,20240911,6.0,12,25.42,1
2,17,20240915,3.0,6,30.89,1
2,17,20240921,7.5,15,40.0,1
2,17,20240923,4.0,8,31.43,1
2,17,20240925,0.5,1,1.93,1
2,17,20240927,4.5,9,29.19,1
2,17,20240929,8.0,16,44.72,1
2,17,20241004,0.5,1,2.54,1
2,17,20241008,2.0,4,8.26,1
2,17,20241016,2.5,5,16.34,1
2,17,20241022,2.0,4,21.24,1
2,17,20241112,1.0,2,10.89,1
2,17,20241124,1.0,2,13.11,1
2,17,20241219,3.5,7,28.12,1
2,17,20250102,4.0,8,19.5,1
2,17,20250118,0.5,1,6.91,1
2,17,20250124,0.5,1,5.48,1
2,17,20250130,4.0,8,25.63,1
2,17,20250204,7.5,15,39.35,1
2,17,20250214,0.5,1,0.84,1
2,17,20250311,1.5,3,13.72,1
2,17,20250325,2.0,4,10.14,2
2,17,20250329,6.0,12,29.75,1
2,17,20250401,4.5,9,30.96,1
2,17,20250409,1.0,2,5.41,1
2,17,20250415,1.0,2,13.06,1
2,17,20250416,2.0,4,20.27,1
2,17,20250418,1.5,3,17.62,1
2,17,20250506,5.5,11,42.87,1
2,17,20250507,1.5,3,11.81,1
2,17,20250512,3.0,6,24.09,1
2,17,20250525,0.5,1,3.32,1
2,17,20250608,2.0,4,23.3,2
2,17,20250620,4.5,9,31.86,1
2,18,20240704,4.5,9,28.06,1
2,18,20240708,2.0,4,14.27,1
2,18,20240713,0.5,1,3.03,1
2,18,20240721,1.5,3,15.64,1
2,18,20240724,4.0,8,21.11,1
2,18,20240811,6.5,13,42.79,1
2,18,20240814,3.0,6,25.36,1
2,18,20240826,2.0,4,9.06,1
2,18,20240830,4.5,9,42.08,1
2,18,20240913,0.5,1,6.69,1
2,18,20241010,2.0,4,19.73,1
2,18,20241106,2.0,4,12.91,1
2,18,20241115,4.5,9,37.19,1
2,18,20241116,1.0,2,8.12,1
2,18,20241126,0.5,1,2.71,1
2,18,20241204,0.5,1,2.69,1
2,18,20241220,2.5,5,20.18,1
2,18,20241229,3.5,7,22.22,1
2,18,20250123,8.5,17,39.81,1
2,18,20250127,5.5,11,30.16,1
2,18,20250205,1.5,3,11.58,1
2,18,20250215,1.0,2,9.59,1
2,18,20250219,4.5,9,43.9,1
2,18,20250313,4.5,9,34.03,1
2,18,20250322,1.5,3,7.54,1
2,18,20250420,3.0,6,12.69,1
2,18,20250425,2.5,5,11.49,1
2,18,20250427,7.0,14,45.18,1
2,18,20250506,0.5,1,5.32,1
2,18,20250518,4.0,8,22.85,1
2,18,20250524,2.5,5,22.23,1
2,18,20250527,1.0,2,11.43,1
2,18,20250608,0.5,1,6.68,1
2,18,20250611,2.5,5,18.93,1
2,18,20250615,1.5,3,12.9,1
2,18,20250620,1.0,2,7.25,1
2,19,20240705,3.0,6,15.47,1
2,19,20240716,1.5,3,10.96,1
2,19,20240728,10.0,20,55.98,1
2,19,20240731,1.5,3,6.76,1
2,19,20240810,3.5,7,20.15,1
2,19,20240815,7.5,15,39.53,1
2,19,20240816,8.5,17,72.67,2
2,19,20240821,8.5,17,39.51,1
2,19,20240825,2.0,4,17.24,1
2,19,20240829,10.5,21,51.65,1
2,19,20240904,1.5,3,16.57,1
2,19,20240916,0.5,1,1.96,1
2,19,20240923,1.0,2,10.79,1
2,19,20240927,3.5,7,15.93,1
2,19,20241004,8.5,17,52.65,1
2,19,20241009,1.5,3,10.89,1
2,19,20241012,4.0,8,28.46,1
2,19,20241021,0.5,1,8.73,1
2,19,20241104,3.0,6,13.93,1
2,19,20241114,0.5,1,2.19,1
2,19,20241116,3.0,6,28.03,2
2,19,20241122,1.0,2,11.44,1
2,19,20241126,6.0,12,29.06,1
2,19,20241129,2.0,4,13.08,1
2,19,20241204,1.5,3,13.4,1
2,19,20241215,1.5,3,11.09,1
2,19,20241225,2.0,4,11.88,1
2,19,20241228,1.5,3,13.46,1
2,19,20250115,3.5,7,30.44,1
2,19,20250118,0.5,1,5.3,1
2,19,20250131,3.5,7,25.69,1
2,19,20250211,2.0,4,18.43,2
2,19,20250217,3.0,6,12.5,1
2,19,20250224,4.0,8,31.08,1
2,19,20250304,3.0,6,30.38,1
2,19,20250311,0.5,1,3.5,1
2,19,20250313,0.5,1,4.13,1
2,19,20250403,0.5,1,3.6,1
2,19,20250405,2.5,5,27.47,1
2,19,20250422,0.5,1,3.24,1
2,19,20250426,0.5,1,3.55,1
2,19,20250508,4.5,9,33.95,1
2,19,20250514,1.0,2,9.35,1
2,19,20250520,3.5,7,23.28,1
2,19,20250527,6.0,12,31.36,1
2,19,20250529,2.0,4,14.05,1
2,19,20250607,4.0,8,30.52,1
2,19,20250609,1.0,2,7.6,1
2,20,20240625,2.0,4,12.14,1
2,20,20240703,1.5,3,6.19,1
2,20,20240712,3.0,6,13.9,1
2,20,20240713,6.5,13,41.86,1
2,20,20240726,5.0,10,29.96,1
2,20,20240730,3.5,7,33.92,1
2,20,20240818,3.5,7,25.28,1
2,20,20240820,1.0,2,11.71,1
2,20,20240821,2.0,4,21.2,1
2,20,20240908,2.0,4,20.53,1
2,20,20240926,0.5,1,8.24,1
2,20,20241102,4.5,9,22.43,1
2,20,20241113,3.5,7,17.36,1
2,20,20241123,0.5,1,6.98,1
2,20,20241124,8.5,17,38.39,1
2,20,20241129,0.5,1,3.02,1
2,20,20241130,2.5,5,14.33,1
2,20,20241201,4.0,8,28.51,1
2,20,20241206,4.5,9,22.75,1
2,20,20241211,2.0,4,18.86,1
2,20,20250220,0.5,1,4.9,1
2,20,20250225,0.5,1,1.06,1
2,20,20250302,0.5,1,6.52,1
2,20,20250309,1.0,2,12.84,1
2,20,20250314,3.5,7,31.07,1
2,20,20250330,1.0,2,10.7,1
2,20,20250407,3.5,7,16.86,1
2,20,20250412,3.5,7,20.55,1
2,20,20250416,1.5,3,10.85,1
2,20,20250417,0.5,1,4.08,1
2,20,20250428,4.0,8,17.0,1
2,20,20250512,1.5,3,17.07,1
2,20,20250520,1.0,2,9.09,1
2,20,20250527,1.5,3,18.37,1
2,20,20250605,0.5,1,5.11,1
2,20,20250607,3.0,6,22.33,1
2,20,20250622,3.0,6,19.94,2
2,20,20250624,1.5,3,12.79,1
2,21,20240704,2.5,5,21.18,1
2,21,20240706,1.0,2,9.12,1
2,21,20240709,1.0,2,9.85,1
2,21,20240716,3.5,7,38.1,1
2,21,20240720,2.5,5,28.41,1
2,21,20240726,2.0,4,22.42,1
2,21,20240812,2.0,4,10.26,1
2,21,20240916,2.0,4,14.38,1
2,21,20240918,1.5,3,16.29,1
2,21,20241029,10.0,20,53.86,1
2,21,20241106,2.0,4,18.93,1
2,21,20241201,1.0,2,5.44,1
2,21,20241202,3.0,6,23.68,1
2,21,20241222,3.0,6,13.43,1
2,21,20241226,3.0,6,15.37,1
2,21,20250107,2.5,5,21.38,1
2,21,20250123,2.5,5,26.03,1
2,21,20250130,0.5,1,2.94,1
2,21,20250201,2.0,4,15.85,1
2,21,20250216,2.0,4,19.04,1
2,21,20250219,1.0,2,13.58,1
2,21,20250225,1.0,2,11.3,1
2,21,20250312,7.0,14,54.87,1
2,21,20250326,7.5,15,51.59,1
2,21,20250406,2.0,4,16.61,1
2,21,20250411,3.0,6,17.83,1
2,21,20250412,5.0,10,22.59,1
2,21,20250422,4.0,8,20.62,1
2,21,20250426,5.5,11,25.54,1
2,21,20250429,0.5,1,4.0,1
2,21,20250606,3.0,6,14.63,1
2,21,20250624,3.0,6,25.88,1
3,1,20240627,2.0,4,16.42,1
3,1,20240725,3.5,7,22.9,1
3,1,20240806,7.0,14,42.4,1
3,1,20240926,2.5,5,16.23,1
3,1,20240928,1.5,3,14.89,1
3,1,20241003,1.0,2,5.57,1
3,1,20241023,2.5,5,24.33,1
3,1,20241024,5.5,11,31.38,1
3,1,20241026,1.5,3,11.63,1
3,1,20241118,10.5,21,49.7,1
3,1,20241204,6.0,12,40.95,1
3,1,20241208,2.0,4,19.34,1
3,1,20241220,3.5,7,29.65,1
3,1,20250107,2.5,5,14.69,2
3,1,20250110,5.0,10,22.5,1
3,1,20250224,5.0,10,48.3,1
3,1,20250226,2.0,4,16.34,1
3,1,20250319,5.0,10,30.97,1
3,1,20250409,0.5,1,3.3,1
3,1,20250525,3.5,7,17.91,1
3,2,20240708,3.5,7,29.45,1
3,2,20240710,1.0,2,11.84,1
3,2,20240720,2.0,4,18.32,1
3,2,20240721,7.5,15,35.77,1
3,2,20240724,0.5,1,6.97,1
3,2,20241209,0.5,1,4.97,1
3,2,20250117,0.5,1,5.41,1
3,2,20250120,2.5,5,18.08,1
3,2,20250124,1.5,3,16.32,1
3,2,20250131,2.5,5,15.11,1
3,2,20250302,3.0,6,14.93,1
3,2,20250306,3.5,7,30.25,1
3,2,20250318,12.0,24,50.52,1
3,2,20250322,2.0,4,13.15,1
3,2,20250407,0.5,1,1.68,1
3,2,20250421,0.5,1,2.78,1
3,2,20250614,5.5,11,26.08,1
3,3,20240625,2.5,5,14.22,1
3,3,20240802,0.5,1,3.78,1
3,3,20240923,2.5,5,14.01,1
3,3,20241005,0.5,1,3.86,1
3,3,20241104,3.0,6,29.23,1
3,3,20241208,4.0,8,39.5,1
3,3,20250122,4.5,9,30.16,1
3,3,20250129,2.0,4,11.09,1
3,3,20250221,6.5,13,40.73,1
3,3,20250304,3.5,7,24.94,1
3,3,20250330,1.5,3,7.68,1
3,3,20250413,1.5,3,15.58,1
3,3,20250514,4.5,9,38.85,1
3,3,20250518,4.0,8,40.08,2
3,4,20240702,4.5,9,36.61,1
3,4,20240710,5.5,11,43.87,1
3,4,20240807,4.5,9,42.91,1
3,4,20241006,3.0,6,25.69,1
3,4,20241013,13.0,26,64.94,1
3,4,20241122,0.5,1,5.76,1
3,4,20241129,4.5,9,30.41,1
3,4,20250111,5.5,11,40.71,1
3,4,20250117,9.0,18,38.4,1
3,4,20250312,0.5,1,5.88,1
3,4,20250405,5.0,10,35.91,1
3,4,20250425,6.0,12,30.64,1
3,4,20250623,3.0,6,15.97,1
3,5,20240711,1.5,3,18.25,1
3,5,20240802,10.0,20,49.38,1
3,5,20240808,5.0,10,21.94,1
3,5,20240914,1.0,2,6.22,1
3,5,20241018,3.5,7,22.92,1
3,5,20241029,2.0,4,19.91,1
3,5,20241109,2.5,5,12.84,1
3,5,20241122,1.0,2,5.9,1
3,5,20241216,7.0,14,37.63,1
3,5,20250108,1.0,2,10.66,1
3,5,20250110,0.5,1,6.11,1
3,5,20250228,3.0,6,29.11,1
3,5,20250410,2.5,5,20.35,1
3,5,20250609,2.0,4,12.01,1
3,6,20240624,1.5,3,15.99,1
3,6,20240706,2.0,4,16.81,1
3,6,20240722,1.0,2,11.36,1
3,6,20240904,2.0,4,18.27,1
3,6,20241018,2.0,4,20.66,1
3,6,20241023,0.5,1,7.48,1
3,6,20241126,5.5,11,35.75,1
3,6,20241204,1.5,3,8.14,1
3,6,20250207,3.5,7,34.6,1
3,6,20250209,7.0,14,61.94,1
3,6,20250212,2.5,5,19.3,1
3,6,20250323,0.5,1,4.31,1
3,6,20250513,0.5,1,2.44,1
3,7,20240710,2.0,4,13.82,1
3,7,20240829,0.5,1,4.35,1
3,7,20240917,2.0,4,17.54,1
3,7,20240920,10.0,20,59.4,1
3,7,20241029,3.0,6,16.03,1
3,7,20241111,5.0,10,30.35,2
3,7,20241216,2.0,4,17.22,1
3,7,20250222,4.0,8,17.32,1
3,7,20250225,4.5,9,28.33,1
3,7,20250313,2.0,4,16.85,1
3,7,20250318,6.5,13,39.79,1
3,7,20250321,0.5,1,2.85,1
3,7,20250323,7.0,14,47.77,1
3,7,20250325,1.0,2,7.62,1
3,7,20250505,0.5,1,3.76,1
3,7,20250521,2.0,4,17.1,1
3,7,20250531,1.0,2,6.71,1
3,7,20250605,4.5,9,18.2,1
3,7,20250607,6.0,12,34.98,1
3,7,20250608,4.5,9,31.85,1
3,8,20240706,4.0,8,26.12,1
3,8,20240714,2.0,4,10.05,1
3,8,20240828,0.5,1,3.84,1
3,8,20241126,0.5,1,5.03,1
3,8,20241216,1.5,3,14.79,1
3,8,20250108,3.5,7,22.04,1
3,8,20250125,4.0,8,18.69,1
3,8,20250204,2.0,4,10.37,1
3,8,20250214,1.0,2,12.25,1
3,8,20250215,1.0,2,8.87,1
3,8,20250407,13.5,27,90.28,2
3,8,20250428,4.5,9,43.85,1
3,8,20250522,5.5,11,54.78,1
3,9,20240711,2.0,4,12.24,1
3,9,20240730,0.5,1,5.03,1
3,9,20240904,3.0,6,17.16,1
3,9,20241017,0.5,1,4.64,1
3,9,20241123,5.5,11,40.74,1
3,9,20250106,7.5,15,38.39,1
3,9,20250111,2.0,4,14.18,1
3,9,20250203,1.5,3,13.28,1
3,9,20250305,0.5,1,6.07,1
3,9,20250430,2.5,5,26.52,1
3,9,20250509,1.5,3,10.03,1
3,9,20250520,7.0,14,42.36,1
3,9,20250526,4.0,8,23.81,1
3,10,20240806,6.5,13,31.36,1
3,10,20240808,6.0,12,61.59,1
3,10,20240814,0.5,1,8.91,1
3,10,20240824,0.5,1,5.34,1
3,10,20240923,1.0,2,9.76,1
3,10,20241011,1.0,2,8.21,1
3,10,20241103,2.0,4,20.66,1
3,10,20241105,1.0,2,8.61,1
3,10,20241107,2.5,5,12.44,1
3,10,20241120,2.0,4,14.11,1
3,10,20250112,7.0,14,48.51,1
3,10,20250124,2.5,5,16.83,1
3,10,20250126,3.0,6,18.0,1
3,10,20250322,1.5,3,14.34,1
3,10,20250325,7.5,15,33.99,1
3,10,20250415,1.5,3,11.18,1
3,10,20250430,0.5,1,3.96,1
3,10,20250530,2.5,5,19.92,1
3,11,20240828,0.5,1,2.8,1
3,11,20241029,1.5,3,14.21,1
3,11,20250109,4.0,8,35.75,1
3,11,20250307,1.5,3,15.65,1
3,11,20250325,0.5,1,6.27,1
3,11,20250603,1.5,3,14.34,1
3,12,20240824,3.5,7,32.19,1
3,12,20240906,2.5,5,10.57,1
3,12,20240912,2.5,5,27.03,1
3,12,20240914,1.0,2,9.36,1
3,12,20240926,1.0,2,7.18,1
3,12,20241030,2.0,4,22.75,1
3,12,20241101,4.0,8,31.62,1
3,12,20241219,2.5,5,18.51,1
3,12,20241220,7.5,15,38.54,2
3,12,20241226,5.5,11,48.78,1
3,12,20250102,0.5,1,3.53,1
3,12,20250107,5.0,10,23.34,1
3,12,20250120,0.5,1,5.76,1
3,12,20250202,4.0,8,44.36,1
3,12,20250315,0.5,1,4.24,1
3,12,20250401,7.5,15,37.1,1
3,12,20250409,4.0,8,33.5,1
3,12,20250414,1.0,2,11.38,1
3,12,20250424,1.0,2,10.74,1
3,12,20250504,4.0,8,22.51,1
3,12,20250526,1.5,3,15.87,1
3,13,20240716,1.5,3,14.61,1
3,13,20240728,0.5,1,9.4,1
3,13,20240905,3.5,7,27.55,1
3,13,20240908,12.0,24,53.78,1
3,13,20250101,1.0,2,7.34,1
3,13,20250126,2.0,4,10.12,1
3,13,20250201,8.5,17,46.21,1
3,13,20250207,4.0,8,29.64,1
3,13,20250208,1.5,3,16.6,1
3,13,20250323,1.5,3,13.23,1
3,13,20250419,3.0,6,27.97,1
3,13,20250421,4.5,9,25.54,1
3,13,20250504,4.0,8,39.07,2
3,13,20250614,2.0,4,12.88,1
3,13,20250618,1.5,3,16.52,1
3,14,20240717,1.5,3,9.5,1
3,14,20240914,3.0,6,23.41,1
3,14,20240917,3.5,7,16.22,1
3,14,20240930,3.0,6,26.34,1
3,14,20241128,1.5,3,11.37,1
3,14,20241223,6.0,12,26.19,1
3,14,20250213,1.5,3,14.61,1
3,14,20250219,5.0,10,37.97,1
3,14,20250328,4.0,8,17.72,1
3,14,20250403,0.5,1,6.32,1
3,14,20250520,0.5,1,6.6,1
3,14,20250523,3.0,6,21.96,1
3,14,20250607,3.5,7,17.99,1
3,15,20240703,1.0,2,12.21,1
3,15,20240713,1.5,3,14.98,1
3,15,20240718,0.5,1,4.71,1
3,15,20240719,5.0,10,25.29,1
3,15,20240807,6.0,12,62.24,2
3,15,20240818,0.5,1,6.08,1
3,15,20240819,0.5,1,9.2,1
3,15,20240824,0.5,1,6.22,1
3,15,20240907,1.5,3,18.28,1
3,15,20240908,2.0,4,20.9,1
3,15,20240913,0.5,1,6.1,1
3,15,20240915,3.5,7,22.34,1
3,15,20240916,6.0,12,55.46,1
3,15,20240921,0.5,1,5.27,1
3,15,20240923,2.0,4,10.13,1
3,15,20240925,4.0,8,30.61,1
3,15,20240926,3.0,6,16.38,1
3,15,20240930,3.0,6,26.57,1
3,15,20241006,18.0,36,85.16,2
3,15,20241012,1.5,3,12.81,1
3,15,20241013,0.5,1,2.63,1
3,15,20241015,1.5,3,18.47,1
3,15,20241022,2.5,5,19.87,1
3,15,20241104,3.0,6,26.24,1
3,15,20241105,0.5,1,4.35,1
3,15,20241126,9.0,18,37.47,1
3,15,20241209,6.0,12,50.07,1
3,15,20241210,4.5,9,22.54,1
3,15,20250103,8.5,17,51.31,1
3,15,20250105,9.5,19,56.47,1
3,15,20250114,0.5,1,8.2,1
3,15,20250122,3.0,6,21.42,1
3,15,20250123,3.0,6,17.13,1
3,15,20250206,3.5,7,16.83,1
3,15,20250209,11.0,22,57.01,2
3,15,20250316,0.5,1,3.14,1
3,15,20250321,6.5,13,28.11,1
3,15,20250329,0.5,1,3.56,1
3,15,20250331,3.5,7,26.3,1
3,15,20250404,0.5,1,6.78,1
3,15,20250406,4.5,9,20.43,1
3,15,20250409,0.5,1,5.46,1
3,15,20250410,2.0,4,14.01,1
3,15,20250413,0.5,1,3.76,1
3,15,20250422,5.0,10,24.34,1
3,15,20250425,0.5,1,5.81,1
3,15,20250430,6.0,12,46.81,2
3,15,20250511,5.0,10,49.3,1
3,15,20250513,0.5,1,6.81,1
3,15,20250523,3.5,7,28.23,1
3,15,20250530,0.5,1,5.87,1
3,15,20250602,0.5,1,4.85,1
3,15,20250618,2.0,4,11.3,1
3,15,20250623,3.5,7,27.03,1
3,16,20240625,1.0,2,6.53,1
3,16,20240709,1.0,2,7.82,1
3,16,20240711,4.5,9,34.82,1
3,16,20240716,2.5,5,16.02,1
3,16,20240730,2.5,5,26.61,1
3,16,20240804,0.5,1,3.07,1
3,16,20240811,3.5,7,27.51,1
3,16,20240816,6.0,12,26.17,1
3,16,20240823,0.5,1,6.83,1
3,16,20240831,2.0,4,13.85,1
3,16,20240911,3.5,7,31.53,1
3,16,20240917,1.5,3,15.62,1
3,16,20240924,3.5,7,15.77,1
3,16,20240930,1.0,2,10.68,1
3,16,20241016,4.5,9,36.07,1
3,16,20241023,2.0,4,17.78,1
3,16,20241028,8.0,16,64.64,2
3,16,20241029,1.5,3,10.41,1
3,16,20241119,4.5,9,31.35,1
3,16,20241225,4.0,8,20.61,1
3,16,20250119,1.0,2,12.65,1
3,16,20250125,2.0,4,22.25,1
3,16,20250202,1.0,2,6.85,1
3,16,20250206,1.0,2,8.92,1
3,16,20250207,2.0,4,9.23,1
3,16,20250210,1.0,2,14.25,1
3,16,20250216,2.5,5,23.61,1
3,16,20250220,7.0,14,38.98,1
3,16,20250302,1.0,2,10.3,1
3,16,20250308,8.0,16,52.23,1
3,16,20250316,6.0,12,52.74,1
3,16,20250318,2.0,4,17.65,1
3,16,20250319,3.0,6,20.47,1
3,16,20250406,1.5,3,9.06,1
3,16,20250416,1.5,3,18.3,1
3,16,20250425,0.5,1,7.22,1
3,17,20240701,0.5,1,4.53,1
3,17,20240704,0.5,1,5.32,1
3,17,20240705,4.5,9,20.24,1
3,17,20240708,2.0,4,15.07,1
3,17,20240713,1.5,3,9.86,1
3,17,20240715,3.0,6,26.26,1
3,17,20240717,1.0,2,8.36,1
3,17,20240729,9.0,18,40.28,1
3,17,20240814,4.0,8,21.35,1
3,17,20240822,0.5,1,1.63,1
3,17,20240830,1.5,3,9.92,1
3,17,20240904,2.5,5,19.51,1
3,17,20240906,3.0,6,24.66,1
3,17,20240911,7.0,14,48.98,2
3,17,20240915,1.0,2,8.91,1
3,17,20240920,2.0,4,8.84,1
3,17,20240929,2.0,4,18.21,1
3,17,20241009,0.5,1,9.15,1
3,17,20241012,1.0,2,7.55,1
3,17,20241022,4.5,9,33.46,1
3,17,20241023,3.5,7,21.16,1
3,17,20241030,4.5,9,19.71,1
3,17,20241108,1.0,2,4.34,1
3,17,20241117,2.0,4,16.86,2
3,17,20241124,5.0,10,35.72,1
3,17,20241203,2.5,5,21.76,1
3,17,20241209,0.5,1,4.8,1
3,17,20241211,1.5,3,11.02,1
3,17,20241216,5.5,11,25.99,1
3,17,20250112,0.5,1,4.46,1
3,17,20250117,0.5,1,0.47,1
3,17,20250210,3.0,6,18.75,1
3,17,20250217,0.5,1,2.53,1
3,17,20250301,0.5,1,6.6,1
3,17,20250302,3.5,7,33.3,1
3,17,20250303,4.5,9,30.83,1
3,17,20250306,8.5,17,61.74,1
3,17,20250403,7.5,15,44.89,1
3,17,20250429,6.5,13,30.3,1
3,17,20250505,1.5,3,13.33,1
3,17,20250507,2.5,5,18.79,1
3,17,20250525,2.0,4,18.3,1
3,17,20250526,1.0,2,9.74,1
3,17,20250607,3.5,7,27.13,1
3,17,20250615,1.5,3,18.17,1
3,17,20250617,3.0,6,16.79,1
3,18,20240626,4.5,9,28.05,1
3,18,20240704,0.5,1,3.27,1
3,18,20240711,1.5,3,17.9,1
3,18,20240717,4.5,9,28.69,1
3,18,20240807,1.5,3,11.21,1
3,18,20240815,2.0,4,20.97,1
3,18,20240821,6.0,12,38.83,1
3,18,20240829,2.0,4,10.0,1
3,18,20240903,8.5,17,34.47,1
3,18,20240910,0.5,1,8.1,1
3,18,20240911,2.0,4,12.34,1
3,18,20241013,3.0,6,26.06,1
3,18,20241014,5.0,10,22.42,1
3,18,20241020,2.0,4,22.27,1
3,18,20241022,1.0,2,8.93,1
3,18,20241023,4.5,9,33.55,1
3,18,20241103,2.5,5,15.45,1
3,18,20241116,4.5,9,42.76,1
3,18,20241128,5.5,11,38.96,1
3,18,20241202,3.5,7,18.31,1
3,18,20241231,4.0,8,29.13,1
3,18,20250106,8.5,17,43.25,1
3,18,20250111,4.5,9,20.22,1
3,18,20250112,0.5,1,3.72,1
3,18,20250116,3.5,7,25.07,1
3,18,20250121,2.5,5,11.48,1
3,18,20250125,1.5,3,15.42,1
3,18,20250206,13.5,27,71.03,2
3,18,20250216,3.0,6,19.22,1
3,18,20250306,7.0,14,39.88,1
3,18,20250331,0.5,1,3.31,1
3,18,20250401,3.0,6,24.22,1
3,18,20250403,3.0,6,17.73,1
3,18,20250406,2.5,5,20.1,1
3,18,20250414,0.5,1,8.31,1
3,18,20250415,2.5,5,23.58,1
3,18,20250416,1.0,2,12.06,1
3,18,20250506,3.0,6,18.71,1
3,18,20250509,1.5,3,17.14,1
3,18,20250516,1.0,2,7.25,1
3,18,20250520,1.5,3,12.5,1
3,18,20250530,0.5,1,6.58,1
3,18,20250608,5.5,11,49.81,1
3,18,20250617,2.0,4,11.73,1
3,18,20250619,6.0,12,54.51,1
3,19,20240626,3.0,6,25.74,1
3,19,20240706,2.5,5,16.15,1
3,19,20240712,7.0,14,41.4,1
3,19,20240714,2.5,5,12.44,1
3,19,20240718,2.5,5,21.55,1
3,19,20240725,5.0,10,31.1,1
3,19,20240727,4.5,9,23.75,1
3,19,20240828,4.5,9,36.8,1
3,19,20240906,2.5,5,23.45,1
3,19,20240920,2.0,4,18.41,1
3,19,20241011,2.0,4,13.14,1
3,19,20241118,2.0,4,8.95,1
3,19,20241123,5.0,10,24.37,1
3,19,20241126,10.5,21,51.56,2
3,19,20241201,5.5,11,37.4,2
3,19,20241220,1.0,2,11.17,1
3,19,20241225,0.5,1,4.84,1
3,19,20250209,7.5,15,48.28,1
3,19,20250222,3.5,7,19.03,1
3,19,20250313,4.0,8,33.08,1
3,19,20250317,6.5,13,58.88,1
3,19,20250403,4.0,8,30.56,1
3,19,20250425,3.5,7,29.53,1
3,19,20250525,2.5,5,11.46,1
3,19,20250610,1.0,2,10.11,1
3,19,20250616,11.0,22,55.29,1
3,20,20240628,3.5,7,22.68,1
3,20,20240713,2.0,4,16.66,1
3,20,20240727,2.5,5,22.39,1
3,20,20240817,6.5,13,28.93,1
3,20,20240824,0.5,1,3.2,1
3,20,20240903,0.5,1,4.32,1
3,20,20240909,1.5,3,8.51,1
3,20,20240920,1.5,3,17.35,1
3,20,20240926,1.0,2,12.12,1
3,20,20241002,6.5,13,34.48,1
3,20,20241016,0.5,1,4.71,1
3,20,20241103,2.0,4,17.15,2
3,20,20241130,4.5,9,38.17,1
3,20,20241203,9.0,18,54.18,1
3,20,20241227,0.5,1,4.17,1
3,20,20250111,1.5,3,15.18,1
3,20,20250120,2.0,4,16.13,1
3,20,20250122,3.0,6,17.13,1
3,20,20250128,0.5,1,1.66,1
3,20,20250129,1.0,2,11.11,1
3,20,20250209,2.0,4,20.1,1
3,20,20250219,1.0,2,9.67,1
3,20,20250224,1.0,2,5.42,1
3,20,20250301,4.5,9,28.4,1
3,20,20250305,2.0,4,25.86,2
3,20,20250404,4.0,8,33.17,1
3,20,20250406,9.5,19,44.95,1
3,20,20250418,0.5,1,1.65,1
3,20,20250423,1.5,3,10.33,1
3,20,20250425,3.0,6,22.34,1
3,20,20250428,0.5,1,5.7,1
3,20,20250501,6.5,13,44.45,1
3,20,20250514,0.5,1,5.85,1
3,20,20250526,1.5,3,7.75,1
3,20,20250528,4.5,9,21.41,1
3,20,20250617,3.0,6,17.64,1
3,20,20250623,5.0,10,35.78,1
3,21,20240625,5.5,11,33.24,1
3,21,20240626,4.5,9,27.3,1
3,21,20240707,1.0,2,9.35,1
3,21,20240717,1.0,2,10.61,1
3,21,20240720,5.0,10,35.33,1
3,21,20240723,3.0,6,29.42,1
3,21,20240728,0.5,1,4.92,1
3,21,20240803,1.5,3,16.28,1
3,21,20240807,5.5,11,35.46,1
3,21,20240822,3.0,6,12.98,1
3,21,20240823,2.5,5,24.67,1
3,21,20240909,6.5,13,32.55,1
3,21,20240930,0.5,1,5.05,1
3,21,20241031,2.0,4,9.05,1
3,21,20241107,3.0,6,19.63,2
3,21,20241206,1.5,3,14.9,1
3,21,20241220,5.5,11,24.9,1
3,21,20241225,2.0,4,11.55,1
3,21,20250112,1.5,3,11.19,1
3,21,20250119,1.0,2,13.51,1
3,21,20250123,2.5,5,14.18,1
3,21,20250124,0.5,1,7.61,1
3,21,20250201,2.0,4,13.05,1
3,21,20250209,5.5,11,31.78,1
3,21,20250210,1.5,3,7.78,1
3,21,20250211,0.5,1,4.74,1
3,21,20250308,3.0,6,24.28,1
3,21,20250309,2.0,4,16.76,1
3,21,20250401,4.5,9,25.69,1
3,21,20250403,0.5,1,4.09,1
3,21,20250415,5.5,11,45.97,1
3,21,20250516,2.5,5,24.74,2
3,21,20250528,6.5,13,30.73,1
3,21,20250530,3.5,7,32.87,1
3,21,20250605,4.0,8,38.19,1
3,21,20250612,4.0,8,38.76,1
3,21,20250615,4.0,8,38.7,2
3,21,20250622,3.5,7,29.67,1
4,1,20240801,1.0,2,7.16,1
4,1,20240829,8.5,17,42.02,1
4,1,20240903,5.5,11,29.57,1
4,1,20241015,3.0,6,33.21,1
4,1,20241020,1.5,3,9.48,1
4,1,20241130,3.0,6,14.86,1
4,1,20250113,1.5,3,8.21,1
4,1,20250223,2.5,5,16.84,1
4,1,20250306,2.0,4,12.61,1
4,1,20250411,2.0,4,12.46,1
4,1,20250508,2.0,4,18.96,1
4,1,20250608,0.5,1,5.99,1
4,2,20240625,11.5,23,61.57,1
4,2,20240722,9.0,18,53.65,1
4,2,20240728,4.5,9,28.16,1
4,2,20240909,5.5,11,22.72,1
4,2,20240915,0.5,1,8.18,1
4,2,20241002,4.0,8,37.82,1
4,2,20241031,4.0,8,43.95,1
4,2,20241224,1.0,2,8.4,1
4,2,20250117,0.5,1,5.74,1
4,2,20250118,1.0,2,9.85,1
4,2,20250207,0.5,1,2.89,1
4,2,20250212,0.5,1,2.54,1
4,2,20250221,6.0,12,29.46,1
4,2,20250412,0.5,1,4.39,1
4,2,20250429,4.0,8,29.41,1
4,2,20250507,3.5,7,22.57,1
4,2,20250609,1.5,3,15.74,1
4,3,20240629,8.0,16,70.52,2
4,3,20240713,2.5,5,22.57,1
4,3,20240902,0.5,1,6.6,1
4,3,20240917,5.0,10,45.93,2
4,3,20240925,0.5,1,6.0,1
4,3,20241024,11.5,23,90.21,1
4,3,20241028,0.5,1,3.54,1
4,3,20241031,2.5,5,24.43,1
4,3,20241201,6.0,12,29.19,1
4,3,20241208,3.5,7,33.86,1
4,3,20241217,5.0,10,27.48,1
4,3,20241223,1.0,2,10.16,1
4,3,20250106,2.0,4,14.23,1
4,3,20250124,0.5,1,1.45,1
4,3,20250217,1.0,2,6.45,1
4,3,20250303,0.5,1,8.85,1
4,3,20250520,3.5,7,27.63,1
4,3,20250524,2.5,5,17.76,1
4,3,20250620,4.0,8,23.1,1
4,4,20240722,2.0,4,22.93,1
4,4,20241022,2.0,4,21.46,1
4,4,20241027,3.0,6,16.9,1
4,4,20241115,2.5,5,23.92,1
4,4,20241215,6.5,13,29.8,1
4,4,20241217,4.5,9,31.03,1
4,4,20250101,2.5,5,13.02,1
4,4,20250103,6.5,13,31.78,1
4,4,20250208,1.5,3,12.94,1
4,4,20250330,2.5,5,27.32,1
4,4,20250331,4.0,8,18.87,1
4,4,20250421,8.0,16,65.42,1
4,4,20250605,3.0,6,16.53,1
4,4,20250608,2.0,4,16.48,1
4,5,20240717,1.5,3,8.06,1
4,5,20240928,2.0,4,20.23,1
4,5,20241127,0.5,1,1.55,1
4,5,20250125,3.0,6,30.78,1
4,5,20250331,2.5,5,14.39,1
4,5,20250504,0.5,1,5.03,1
4,5,20250516,3.0,6,22.94,1
4,6,20240626,6.0,12,27.75,1
4,6,20240712,4.0,8,29.29,1
4,6,20240726,5.5,11,23.11,1
4,6,20240831,2.5,5,13.31,1
4,6,20240916,0.5,1,3.08,1
4,6,20241013,3.5,7,30.02,1
4,6,20241109,3.0,6,26.6,2
4,6,20250316,7.0,14,35.28,1
4,6,20250325,1.5,3,17.26,1
4,6,20250330,2.5,5,19.71,1
4,6,20250429,1.5,3,12.86,1
4,6,20250503,0.5,1,9.71,1
4,6,20250504,4.5,9,21.48,1
4,6,20250606,1.0,2,12.37,1
4,7,20240716,2.0,4,13.54,1
4,7,20240720,3.0,6,17.97,1
4,7,20240830,1.0,2,9.84,2
4,7,20241012,4.5,9,39.57,1
4,7,20241120,1.5,3,16.97,1
4,7,20241127,7.0,14,31.16,1
4,7,20241204,3.0,6,32.84,1
4,7,20241212,2.0,4,9.45,1
4,7,20241214,1.0,2,8.55,1
4,7,20250102,2.5,5,16.75,1
4,7,20250118,1.5,3,10.35,1
4,7,20250202,1.5,3,10.83,1
4,7,20250309,1.5,3,15.92,1
4,7,20250312,4.5,9,37.49,1
4,7,20250320,0.5,1,3.25,1
4,7,20250330,2.5,5,16.84,1
4,7,20250511,2.0,4,10.33,1
4,7,20250522,3.0,6,30.46,1
4,7,20250601,3.0,6,16.94,1
4,7,20250620,1.5,3,11.24,1
4,8,20240724,0.5,1,2.83,1
4,8,20240831,0.5,1,5.02,1
4,8,20240912,6.0,12,26.32,1
4,8,20240916,2.0,4,16.49,1
4,8,20240919,2.5,5,14.64,1
4,8,20240920,9.0,18,39.94,1
4,8,20240923,7.0,14,42.17,1
4,8,20240928,2.0,4,22.19,1
4,8,20241211,1.5,3,9.03,1
4,8,20241229,4.0,8,18.84,1
4,8,20241231,2.0,4,18.24,1
4,8,20250113,1.5,3,13.75,1
4,8,20250117,8.0,16,43.5,1
4,8,20250121,6.0,12,43.7,1
4,8,20250317,1.0,2,9.2,1
4,8,20250427,1.0,2,7.97,1
4,8,20250508,0.5,1,2.58,1
4,8,20250621,3.0,6,15.84,1
4,8,20250623,1.0,2,5.84,1
4,9,20240724,1.5,3,15.67,1
4,9,20240831,1.0,2,7.68,1
4,9,20241001,2.0,4,20.35,1
4,9,20241014,2.5,5,23.22,1
4,9,20241114,2.5,5,20.02,1
4,9,20241118,2.0,4,17.78,1
4,9,20250107,5.5,11,43.46,1
4,9,20250131,4.5,9,23.04,1
4,9,20250203,1.5,3,8.2,1
4,9,20250207,1.5,3,15.94,1
4,9,20250304,4.5,9,25.82,1
4,9,20250411,2.0,4,13.03,1
4,9,20250418,2.5,5,12.08,1
4,9,20250518,0.5,1,3.19,1
4,9,20250615,2.5,5,21.97,1
4,10,20240804,5.5,11,47.11,1
4,10,20240812,4.5,9,40.42,1
4,10,20240814,6.5,13,32.24,1
4,10,20240823,1.0,2,7.94,1
4,10,20241203,1.5,3,17.11,1
4,10,20250322,6.0,12,44.54,1
4,10,20250517,4.5,9,36.03,1
4,10,20250524,1.0,2,12.98,1
4,10,20250615,0.5,1,9.09,1
4,10,20250620,2.0,4,14.65,1
4,11,20240803,5.0,10,22.68,1
4,11,20240812,1.5,3,18.46,1
4,11,20240928,4.0,8,36.49,1
4,11,20241004,2.0,4,14.87,1
4,11,20241006,8.0,16,53.92,1
4,11,20241118,1.0,2,9.64,1
4,11,20241127,5.0,10,22.76,1
4,11,20241129,0.5,1,7.34,1
4,11,20241226,3.5,7,16.23,1
4,11,20250102,9.0,18,52.54,1
4,11,20250115,1.5,3,12.18,1
4,11,20250120,2.0,4,23.13,1
4,11,20250122,1.0,2,6.43,1
4,11,20250317,1.0,2,12.38,1
4,11,20250331,3.0,6,30.18,1
4,11,20250531,3.0,6,15.08,1
4,11,20250615,5.0,10,53.67,1
4,12,20240718,3.0,6,17.65,1
4,12,20240916,3.0,6,17.76,1
4,12,20241010,1.5,3,9.13,1
4,12,20241012,3.5,7,15.57,1
4,12,20250107,4.5,9,21.92,1
4,12,20250116,0.5,1,5.76,1
4,12,20250122,0.5,1,4.77,1
4,12,20250223,1.0,2,8.67,1
4,12,20250404,3.0,6,16.04,1
4,12,20250416,0.5,1,7.21,1
4,12,20250427,3.0,6,21.26,1
4,12,20250503,4.0,8,22.57,1
4,13,20240722,3.0,6,22.42,1
4,13,20240726,5.5,11,35.47,1
4,13,20240803,4.5,9,30.2,1
4,13,20241013,2.0,4,16.97,1
4,13,20241115,2.5,5,16.31,1
4,13,20241207,1.5,3,13.56,1
4,13,20241209,2.0,4,11.6,1
4,13,20241224,1.0,2,11.03,1
4,13,20241227,1.5,3,12.94,1
4,13,20250213,10.0,20,60.7,1
4,13,20250315,0.5,1,2.22,1
4,13,20250330,0.5,1,4.89,1
4,13,20250410,7.0,14,44.86,1
4,13,20250430,2.5,5,13.91,1
4,14,20240804,0.5,1,9.46,1
4,14,20240809,0.5,1,2.94,1
4,14,20240920,9.5,19,63.68,1
4,14,20241111,1.0,2,7.65,1
4,14,20241212,1.0,2,11.55,1
4,14,20241220,3.0,6,22.04,1
4,14,20250418,4.0,8,41.71,1
4,14,20250622,3.0,6,27.31,1
4,15,20240717,1.0,2,8.12,1
4,15,20240720,1.5,3,14.87,1
4,15,20240729,0.5,1,5.49,1
4,15,20240730,1.0,2,9.23,1
4,15,20240804,5.5,11,41.54,2
4,15,20240805,1.5,3,12.75,1
4,15,20240824,1.5,3,7.48,1
4,15,20240830,2.5,5,12.46,1
4,15,20240904,1.5,3,9.14,1
4,15,20240924,4.5,9,35.52,1
4,15,20241007,4.0,8,21.49,1
4,15,20241028,2.5,5,25.16,1
4,15,20241031,6.5,13,30.3,1
4,15,20241101,0.5,1,6.08,1
4,15,20241104,0.5,1,2.85,1
4,15,20241106,1.5,3,13.64,1
4,15,20241113,3.0,6,23.72,2
4,15,20241117,1.0,2,11.89,1
4,15,20241121,2.0,4,20.31,1
4,15,20241122,0.5,1,5.57,1
4,15,20241126,2.0,4,17.9,1
4,15,20241204,1.0,2,8.45,1
4,15,20241219,8.5,17,37.32,1
4,15,20250104,4.0,8,26.7,1
4,15,20250108,3.0,6,15.63,1
4,15,20250124,2.5,5,11.97,1
4,15,20250126,1.5,3,8.1,1
4,15,20250214,3.0,6,19.32,1
4,15,20250217,0.5,1,8.27,1
4,15,20250306,6.0,12,28.8,1
4,15,20250312,0.5,1,4.4,1
4,15,20250316,1.5,3,14.61,1
4,15,20250421,1.5,3,12.52,1
4,15,20250428,1.0,2,7.97,1
4,15,20250507,3.0,6,19.23,1
4,15,20250513,3.5,7,34.19,1
4,15,20250515,1.0,2,7.18,1
4,15,20250602,7.5,15,38.77,2
4,15,20250614,8.0,16,38.74,1
4,15,20250617,7.0,14,40.56,1
4,15,20250619,1.0,2,9.73,2
4,16,20240624,1.5,3,14.58,1
4,16,20240724,2.0,4,15.74,1
4,16,20240725,2.0,4,16.0,1
4,16,20240801,2.5,5,13.62,1
4,16,20240813,3.5,7,32.61,1
4,16,20240815,4.0,8,26.65,1
4,16,20240824,1.0,2,9.81,1
4,16,20240828,2.0,4,17.34,1
4,16,20240909,5.5,11,22.74,1
4,16,20240922,0.5,1,5.62,1
4,16,20250101,1.0,2,9.65,1
4,16,20250105,0.5,1,8.44,1
4,16,20250115,1.5,3,14.35,1
4,16,20250123,1.5,3,12.5,1
4,16,20250131,1.5,3,7.63,1
4,16,20250214,9.0,18,79.4,1
4,16,20250217,2.0,4,24.63,1
4,16,20250224,0.5,1,7.69,1
4,16,20250311,10.5,21,73.03,1
4,16,20250316,1.0,2,7.29,1
4,16,20250320,0.5,1,2.72,1
4,16,20250409,3.0,6,22.68,1
4,16,20250411,0.5,1,0.89,1
4,16,20250503,0.5,1,9.24,1
4,16,20250619,2.0,4,12.52,1
4,17,20240629,6.5,13,32.51,1
4,17,20240630,3.0,6,17.72,1
4,17,20240701,8.5,17,51.82,1
4,17,20240712,3.0,6,31.78,1
4,17,20240724,1.5,3,15.87,1
4,17,20240827,12.0,24,50.44,1
4,17,20240830,1.5,3,7.72,1
4,17,20240907,1.5,3,13.53,1
4,17,20240910,2.5,5,20.46,1
4,17,20240917,1.5,3,9.87,1
4,17,20240924,2.5,5,25.09,1
4,17,20241009,3.0,6,24.13,1
4,17,20241015,2.0,4,16.76,1
4,17,20241017,0.5,1,3.55,1
4,17,20241030,1.0,2,10.18,1
4,17,20241101,1.5,3,12.29,1
4,17,20241108,1.5,3,14.02,1
4,17,20241110,4.5,9,21.98,1
4,17,20241117,2.0,4,12.84,1
4,17,20241206,3.5,7,14.76,1
4,17,20241212,1.5,3,18.26,1
4,17,20241214,1.0,2,7.16,1
4,17,20250121,8.0,16,63.8,2
4,17,20250124,3.0,6,19.89,1
4,17,20250202,5.5,11,32.53,1
4,17,20250213,2.5,5,24.8,1
4,17,20250216,1.5,3,10.72,1
4,17,20250220,2.5,5,16.88,1
4,17,20250221,1.5,3,12.44,1
4,17,20250305,7.5,15,36.38,1
4,17,20250309,0.5,1,4.15,1
4,17,20250310,1.5,3,11.73,1
4,17,20250331,2.0,4,22.67,1
4,17,20250503,5.0,10,22.18,1
4,17,20250507,2.0,4,17.94,1
4,17,20250510,3.0,6,25.99,1
4,17,20250522,1.0,2,7.47,1
4,17,20250523,1.0,2,10.46,1
4,17,20250612,1.0,2,12.12,1
4,17,20250614,2.0,4,13.07,1
4,18,20240624,2.0,4,11.15,1
4,18,20240628,1.0,2,8.87,1
4,18,20240707,1.0,2,6.28,1
4,18,20240708,4.0,8,23.5,1
4,18,20240710,4.5,9,45.83,2
4,18,20240711,2.5,5,23.58,1
4,18,20240714,0.5,1,3.44,1
4,18,20240724,0.5,1,8.13,1
4,18,20240801,3.0,6,27.31,1
4,18,20240812,3.0,6,13.34,1
4,18,20240815,3.0,6,13.9,1
4,18,20240817,0.5,1,4.19,1
4,18,20240825,4.0,8,39.53,1
4,18,20240829,1.0,2,6.54,1
4,18,20240904,1.0,2,5.13,1
4,18,20240908,1.5,3,14.95,1
4,18,20240910,8.5,17,50.16,1
4,18,20240918,4.0,8,31.27,1
4,18,20241009,3.5,7,19.92,1
4,18,20241020,1.5,3,12.67,1
4,18,20241031,3.0,6,27.59,1
4,18,20241101,2.0,4,21.64,1
4,18,20241110,0.5,1,6.13,1
4,18,20241126,3.5,7,17.23,1
4,18,20241128,5.5,11,35.92,1
4,18,20241203,3.5,7,22.87,1
4,18,20241205,12.5,25,54.58,1
4,18,20241212,0.5,1,2.08,1
4,18,20241216,1.0,2,6.25,1
4,18,20241226,2.0,4,16.62,1
4,18,20250108,1.5,3,18.81,1
4,18,20250111,1.0,2,6.22,1
4,18,20250124,4.5,9,35.74,1
4,18,20250127,1.0,2,9.0,1
4,18,20250204,3.0,6,30.14,1
4,18,20250212,2.0,4,11.24,1
4,18,20250213,2.0,4,10.76,1
4,18,20250218,1.5,3,18.26,1
4,18,20250326,1.5,3,10.19,1
4,18,20250403,10.5,21,48.66,2
4,18,20250408,2.0,4,10.17,1
4,18,20250417,1.0,2,5.19,1
4,18,20250501,4.0,8,25.52,1
4,18,20250509,8.0,16,35.84,1
4,18,20250513,2.0,4,17.57,1
4,18,20250514,1.0,2,11.31,1
4,18,20250518,7.0,14,51.78,1
4,18,20250519,3.0,6,24.6,1
4,18,20250521,2.5,5,23.48,1
4,18,20250522,1.0,2,10.76,1
4,18,20250602,4.5,9,34.42,2
4,18,20250603,3.0,6,21.75,1
4,18,20250621,1.5,3,11.52,1
4,19,20240627,6.5,13,44.25,1
4,19,20240702,2.0,4,16.57,1
4,19,20240703,5.0,10,34.34,1
4,19,20240707,2.5,5,13.07,1
4,19,20240710,6.5,13,49.01,1
4,19,20240711,3.0,6,23.32,1
4,19,20240717,3.0,6,18.62,1
4,19,20240719,5.5,11,51.62,1
4,19,20240722,2.0,4,16.64,1
4,19,20240806,2.5,5,24.73,1
4,19,20240808,1.0,2,7.16,1
4,19,20240810,2.5,5,25.2,1
4,19,20240812,1.0,2,11.03,1
4,19,20240818,8.0,16,38.53,1
4,19,20240903,4.0,8,33.75,2
4,19,20240905,7.5,15,52.45,1
4,19,20241012,4.0,8,18.61,1
4,19,20241013,4.0,8,33.37,1
4,19,20241018,1.5,3,14.65,1
4,19,20241114,0.5,1,7.9,1
4,19,20241218,2.0,4,14.8,1
4,19,20241226,1.5,3,16.31,1
4,19,20250107,7.5,15,47.41,1
4,19,20250111,0.5,1,2.45,1
4,19,20250130,3.0,6,15.58,1
4,19,20250205,2.0,4,21.09,1
4,19,20250209,1.5,3,18.4,1
4,19,20250211,4.5,9,36.59,1
4,19,20250214,4.0,8,26.2,1
4,19,20250216,4.0,8,31.42,1
4,19,20250222,10.5,21,51.11,1
4,19,20250316,1.0,2,12.73,1
4,19,20250317,1.5,3,15.74,1
4,19,20250324,5.0,10,38.84,1
4,19,20250326,2.5,5,20.31,1
4,19,20250329,0.5,1,7.39,1
4,19,20250425,2.5,5,13.98,1
4,19,20250429,1.5,3,9.89,1
4,19,20250514,6.0,12,42.33,2
4,19,20250523,0.5,1,3.35,1
4,19,20250529,2.0,4,11.15,1
4,19,20250601,3.5,7,37.05,1
4,19,20250614,9.0,18,50.24,1
4,20,20240704,9.0,18,46.68,1
4,20,20240707,2.5,5,14.46,1
4,20,20240710,2.0,4,17.75,1
4,20,20240713,4.0,8,22.27,1
4,20,20240727,0.5,1,7.37,1
4,20,20240901,3.0,6,18.57,1
4,20,20240917,4.0,8,30.05,1
4,20,20241021,0.5,1,8.51,1
4,20,20241113,0.5,1,3.72,1
4,20,20241122,1.0,2,8.2,1
4,20,20241125,2.5,5,11.42,1
4,20,20241201,1.5,3,14.83,1
4,20,20241205,10.0,20,74.44,2
4,20,20241215,4.0,8,17.76,1
4,20,20250103,8.5,17,44.26,1
4,20,20250104,2.5,5,22.92,2
4,20,20250116,2.0,4,16.79,1
4,20,20250119,7.0,14,60.91,1
4,20,20250207,2.5,5,24.6,1
4,20,20250221,1.0,2,7.12,1
4,20,20250306,2.0,4,9.78,1
4,20,20250307,1.5,3,8.29,1
4,20,20250320,4.0,8,23.13,1
4,20,20250321,3.5,7,25.1,1
4,20,20250404,1.5,3,12.91,1
4,20,20250414,0.5,1,5.57,1
4,20,20250421,1.0,2,8.37,1
4,20,20250423,2.5,5,12.59,1
4,20,20250428,0.5,1,7.45,1
4,20,20250501,1.0,2,7.48,1
4,20,20250507,1.0,2,7.07,1
4,20,20250529,3.5,7,19.44,1
4,20,20250601,4.0,8,17.42,1
4,20,20250611,1.0,2,10.4,1
4,20,20250614,0.5,1,1.73,1
4,21,20240624,3.0,6,14.29,1
4,21,20240630,2.5,5,15.01,1
4,21,20240713,4.5,9,42.66,2
4,21,20240721,0.5,1,4.1,1
4,21,20240801,1.0,2,6.74,1
4,21,20240831,2.0,4,12.76,1
4,21,20240902,3.5,7,16.49,1
4,21,20240904,0.5,1,4.68,1
4,21,20240905,1.5,3,13.97,1
4,21,20240919,1.5,3,10.01,2
4,21,20240928,0.5,1,5.9,1
4,21,20241001,2.5,5,28.94,1
4,21,20241006,1.5,3,15.56,1
4,21,20241018,0.5,1,3.6,1
4,21,20241019,3.0,6,21.69,1
4,21,20241118,2.0,4,15.94,1
4,21,20241123,3.5,7,36.11,1
4,21,20241125,2.5,5,20.02,1
4,21,20241216,7.5,15,35.24,1
4,21,20250105,5.5,11,36.12,1
4,21,20250112,8.5,17,44.59,1
4,21,20250113,2.5,5,13.83,1
4,21,20250119,2.0,4,9.37,1
4,21,20250125,7.5,15,65.76,2
4,21,20250129,4.0,8,22.46,1
4,21,20250201,4.0,8,19.56,1
4,21,20250208,0.5,1,6.58,1
4,21,20250209,2.5,5,20.2,1
4,21,20250214,0.5,1,1.43,1
4,21,20250217,4.5,9,43.86,1
4,21,20250219,1.5,3,17.92,1
4,21,20250228,1.0,2,12.04,1
4,21,20250301,2.5,5,27.45,2
4,21,20250318,3.0,6,23.69,1
4,21,20250319,7.5,15,36.76,1
4,21,20250320,5.0,10,29.95,1
4,21,20250428,0.5,1,5.85,1
4,21,20250512,1.5,3,12.5,1
4,21,20250513,4.0,8,25.1,1
4,21,20250601,1.0,2,6.99,1
4,21,20250605,7.0,14,37.18,1
4,21,20250615,1.0,2,10.91,1
4,21,20250620,0.5,1,4.42,1
5,1,20240625,3.0,6,30.26,1
5,1,20240725,5.5,11,44.81,1
5,1,20240727,4.0,8,31.23,1
5,1,20240827,1.5,3,13.66,1
5,1,20240907,1.0,2,10.83,1
5,1,20241025,1.5,3,14.95,1
5,1,20241112,1.5,3,13.61,1
5,1,20241117,0.5,1,5.19,1
5,1,20241226,1.5,3,12.02,1
5,1,20250213,0.5,1,7.24,1
5,1,20250308,0.5,1,6.13,1
5,1,20250426,0.5,1,7.49,1
5,1,20250602,2.0,4,21.22,1
5,2,20240712,4.5,9,19.5,1
5,2,20240831,0.5,1,7.07,1
5,2,20241122,1.0,2,9.59,1
5,2,20241129,2.5,5,18.16,1
5,2,20241219,3.0,6,13.12,1
5,2,20250306,6.0,12,26.64,1
5,2,20250406,7.0,14,36.76,1
5,2,20250430,0.5,1,3.78,1
5,2,20250619,1.0,2,7.61,1
5,3,20240714,3.0,6,20.86,1
5,3,20240720,5.5,11,29.0,1
5,3,20240808,3.0,6,13.0,1
5,3,20240813,1.5,3,14.67,1
5,3,20241128,8.0,16,76.75,1
5,3,20241221,0.5,1,1.3,1
5,3,20241227,1.5,3,11.56,1
5,3,20250106,3.0,6,21.52,1
5,3,20250109,6.5,13,29.61,1
5,3,20250125,3.0,6,14.18,1
5,3,20250201,8.0,16,34.58,1
5,3,20250309,2.0,4,21.67,1
5,3,20250417,1.5,3,10.6,1
5,3,20250426,0.5,1,4.52,1
5,3,20250508,5.5,11,58.37,1
5,3,20250518,1.5,3,8.69,1
5,3,20250529,1.0,2,7.8,1
5,3,20250607,9.0,18,36.97,1
5,3,20250617,0.5,1,1.35,1
5,4,20240701,0.5,1,5.49,1
5,4,20240717,6.0,12,30.51,1
5,4,20240721,5.5,11,43.32,1
5,4,20240725,3.5,7,14.81,1
5,4,20240804,2.0,4,23.1,1
5,4,20240929,0.5,1,8.47,1
5,4,20241109,2.5,5,20.67,1
5,4,20241123,6.0,12,38.47,1
5,4,20241202,1.0,2,9.48,1
5,4,20250107,0.5,1,3.61,1
5,4,20250124,7.0,14,66.34,1
5,4,20250208,6.5,13,48.37,1
5,4,20250311,0.5,1,7.24,1
5,4,20250406,6.5,13,34.2,1
5,4,20250505,2.0,4,13.51,1
5,4,20250622,5.0,10,28.09,1
5,5,20240725,5.5,11,54.73,1
5,5,20240811,3.0,6,25.78,1
5,5,20240813,0.5,1,6.5,1
5,5,20240817,1.0,2,9.74,1
5,5,20240819,0.5,1,0.63,1
5,5,20240907,3.5,7,18.84,1
5,5,20241010,5.5,11,30.46,1
5,5,20241011,1.5,3,14.53,1
5,5,20241117,1.0,2,7.97,1
5,5,20241227,7.0,14,35.4,1
5,5,20250109,6.0,12,28.52,1
5,5,20250321,3.0,6,30.42,1
5,5,20250402,15.0,30,75.42,1
5,5,20250513,3.0,6,14.36,1
5,6,20240627,3.5,7,20.63,1
5,6,20240701,2.0,4,20.67,1
5,6,20240717,4.0,8,18.08,1
5,6,20240909,1.0,2,6.19,1
5,6,20241001,0.5,1,4.57,1
5,6,20241020,4.5,9,46.51,1
5,6,20241101,1.0,2,11.79,1
5,6,20241103,1.5,3,15.15,1
5,6,20241109,0.5,1,3.83,1
5,6,20241231,4.0,8,36.32,1
5,7,20240703,4.5,9,21.78,1
5,7,20240917,1.0,2,11.64,1
5,7,20240921,4.5,9,23.29,1
5,7,20240927,0.5,1,4.68,1
5,7,20241018,3.5,7,22.69,1
5,7,20241115,2.5,5,22.07,1
5,7,20241122,0.5,1,6.7,1
5,7,20241126,1.5,3,13.71,1
5,7,20241207,0.5,1,4.66,1
5,7,20250113,1.0,2,8.49,1
5,7,20250123,2.0,4,12.71,1
5,7,20250407,1.0,2,12.0,1
5,7,20250601,0.5,1,4.98,1
5,7,20250604,5.0,10,33.06,1
5,8,20240712,1.5,3,11.31,1
5,8,20240722,3.0,6,32.27,1
5,8,20240810,1.5,3,10.01,1
5,8,20240812,1.0,2,7.37,1
5,8,20240817,6.0,12,28.33,1
5,8,20240903,3.0,6,14.35,1
5,8,20241018,1.0,2,8.18,2
5,8,20241104,0.5,1,5.89,1
5,8,20241125,2.0,4,15.47,1
5,8,20241128,2.0,4,9.94,1
5,8,20250204,1.5,3,13.51,1
5,8,20250207,3.0,6,16.25,1
5,8,20250225,2.0,4,15.91,1
5,8,20250506,0.5,1,5.56,1
5,8,20250521,4.5,9,27.21,1
5,8,20250617,3.5,7,21.32,1
5,8,20250622,1.5,3,11.76,1
5,9,20240626,2.0,4,10.99,1
5,9,20240718,3.5,7,27.28,1
5,9,20240811,1.5,3,9.01,1
5,9,20240907,5.5,11,27.04,1
5,9,20241012,1.0,2,11.1,1
5,9,20241104,3.0,6,29.45,1
5,9,20241127,2.0,4,19.06,1
5,9,20241129,0.5,1,4.88,1
5,9,20241202,2.5,5,19.12,1
5,9,20241226,6.5,13,34.5,1
5,9,20250119,0.5,1,5.95,1
5,9,20250205,3.5,7,26.13,1
5,9,20250218,1.0,2,13.92,1
5,9,20250411,6.5,13,34.69,1
5,9,20250517,5.0,10,23.42,1
5,10,20240813,4.5,9,42.83,1
5,10,20240816,0.5,1,1.09,1
5,10,20240914,3.5,7,26.27,1
5,10,20241115,2.0,4,11.95,1
5,10,20241122,2.0,4,15.46,1
5,10,20241213,1.0,2,4.73,1
5,10,20241216,1.5,3,12.78,1
5,10,20250108,2.5,5,21.97,1
5,10,20250209,3.0,6,24.14,1
5,10,20250522,0.5,1,4.85,1
5,11,20240708,1.5,3,10.99,1
5,11,20240713,1.5,3,13.61,1
5,11,20240818,0.5,1,4.2,1
5,11,20240912,1.5,3,13.17,1
5,11,20240921,1.0,2,6.92,1
5,11,20241116,1.0,2,7.72,1
5,11,20250107,1.0,2,7.08,1
5,11,20250125,1.5,3,13.23,1
5,11,20250317,2.5,5,14.78,1
5,11,20250320,2.5,5,25.84,1
5,11,20250425,3.5,7,27.33,1
5,11,20250509,3.5,7,27.73,1
5,11,20250528,2.5,5,25.87,1
5,11,20250606,1.5,3,13.01,1
5,11,20250609,4.5,9,29.67,1
5,11,20250616,2.5,5,16.78,1
5,12,20240902,4.0,8,29.54,1
5,12,20241022,0.5,1,9.03,1
5,12,20241031,4.0,8,18.58,1
5,12,20241102,7.0,14,62.58,1
5,12,20241104,1.5,3,12.42,2
5,12,20241223,2.0,4,14.82,1
5,12,20250125,2.5,5,19.99,1
5,12,20250203,5.5,11,49.52,1
5,12,20250205,4.0,8,25.04,1
5,12,20250206,2.5,5,20.01,1
5,12,20250228,1.5,3,10.01,1
5,12,20250406,2.0,4,10.31,1
5,12,20250525,5.0,10,24.05,1
5,12,20250607,3.0,6,17.53,1
5,12,20250608,3.0,6,31.02,1
5,13,20240709,1.5,3,10.49,1
5,13,20240820,5.5,11,25.95,1
5,13,20240913,1.0,2,7.58,1
5,13,20240927,3.0,6,15.95,1
5,13,20241001,1.5,3,16.5,1
5,13,20241012,0.5,1,2.01,1
5,13,20241014,0.5,1,3.8,1
5,13,20241022,0.5,1,3.13,1
5,13,20241120,3.5,7,26.65,1
5,13,20241220,1.0,2,10.25,1
5,13,20250205,0.5,1,5.61,1
5,13,20250306,8.5,17,64.71,1
5,13,20250319,0.5,1,6.9,1
5,13,20250416,1.5,3,13.4,1
5,13,20250418,1.0,2,9.95,1
5,13,20250428,1.0,2,7.32,1
5,13,20250429,1.5,3,15.81,1
5,13,20250609,0.5,1,6.11,1
5,14,20240628,1.0,2,14.09,1
5,14,20240629,0.5,1,5.92,1
5,14,20240715,2.5,5,24.96,1
5,14,20240822,8.0,16,39.93,1
5,14,20240919,2.0,4,16.39,1
5,14,20241017,1.0,2,8.9,1
5,14,20241026,1.5,3,18.75,1
5,14,20241126,3.0,6,32.65,1
5,14,20241210,4.0,8,22.55,1
5,14,20250105,2.0,4,23.57,1
5,14,20250115,6.0,12,45.21,1
5,14,20250116,0.5,1,8.43,1
5,14,20250430,4.5,9,34.79,1
5,14,20250523,1.0,2,6.9,1
5,14,20250524,2.0,4,21.03,1
5,14,20250608,1.5,3,12.51,1
5,14,20250614,3.0,6,29.84,1
5,14,20250624,3.0,6,18.96,1
5,15,20240625,2.5,5,22.66,1
5,15,20240728,16.0,32,65.99,1
5,15,20240807,1.5,3,11.97,1
5,15,20240815,6.0,12,39.84,1
5,15,20240827,6.5,13,51.86,2
5,15,20240907,0.5,1,8.0,1
5,15,20240908,1.0,2,11.75,1
5,15,20241013,2.0,4,20.52,1
5,15,20241014,3.0,6,24.57,1
5,15,20241022,2.5,5,19.97,1
5,15,20241023,3.0,6,14.28,1
5,15,20241129,1.0,2,12.41,1
5,15,20241207,5.5,11,38.54,1
5,15,20241209,2.0,4,16.79,1
5,15,20241223,4.5,9,38.73,1
5,15,20250111,1.0,2,9.25,1
5,15,20250113,4.0,8,42.18,1
5,15,20250118,7.0,14,40.41,1
5,15,20250126,2.0,4,21.74,1
5,15,20250127,2.5,5,15.13,1
5,15,20250201,5.0,10,29.35,1
5,15,20250216,4.5,9,23.31,1
5,15,20250218,1.5,3,16.35,1
5,15,20250222,1.0,2,10.31,1
5,15,20250224,1.5,3,8.46,1
5,15,20250309,3.5,7,28.36,1
5,15,20250314,3.5,7,24.29,1
5,15,20250319,5.0,10,26.45,1
5,15,20250404,9.0,18,75.23,2
5,15,20250410,4.5,9,44.18,1
5,15,20250416,1.5,3,17.26,1
5,15,20250427,7.5,15,43.69,1
5,15,20250428,0.5,1,4.33,1
5,15,20250502,4.5,9,45.1,1
5,15,20250505,11.5,23,78.54,1
5,15,20250511,4.5,9,22.88,1
5,15,20250519,2.0,4,22.33,1
5,15,20250526,3.5,7,19.96,1
5,15,20250527,1.0,2,11.54,1
5,16,20240625,3.5,7,26.89,1
5,16,20240724,2.0,4,13.04,1
5,16,20240727,0.5,1,6.15,1
5,16,20240817,1.0,2,7.66,1
5,16,20240819,1.0,2,10.32,1
5,16,20240820,1.0,2,7.39,1
5,16,20240913,5.5,11,42.61,2
5,16,20240916,1.0,2,10.01,1
5,16,20240923,13.5,27,60.1,1
5,16,20241009,5.5,11,39.67,1
5,16,20241010,2.5,5,12.61,1
5,16,20241019,11.0,22,69.81,1
5,16,20241028,4.5,9,32.05,1
5,16,20241114,2.0,4,21.16,1
5,16,20241123,3.0,6,27.9,2
5,16,20241201,6.5,13,61.08,1
5,16,20241208,1.5,3,13.54,1
5,16,20241209,2.0,4,9.51,1
5,16,20241216,4.5,9,22.6,1
5,16,20241221,2.0,4,18.22,1
5,16,20250113,9.0,18,61.31,1
5,16,20250129,4.0,8,20.76,1
5,16,20250202,7.0,14,51.19,1
5,16,20250205,2.0,4,18.89,1
5,16,20250210,6.5,13,56.57,2
5,16,20250223,0.5,1,3.4,1
5,16,20250301,0.5,1,7.36,1
5,16,20250312,2.0,4,17.37,1
5,16,20250320,3.0,6,17.08,1
5,16,20250322,5.0,10,27.05,1
5,16,20250330,1.5,3,16.11,1
5,16,20250408,12.5,25,52.44,1
5,16,20250411,1.0,2,13.5,1
5,16,20250413,0.5,1,3.55,1
5,16,20250427,1.0,2,12.33,1
5,16,20250507,3.0,6,22.89,1
5,16,20250509,2.0,4,14.08,1
5,16,20250515,1.0,2,9.53,1
5,16,20250520,1.0,2,8.73,1
5,16,20250524,2.0,4,19.75,1
5,16,20250610,3.0,6,24.92,1
5,16,20250613,4.0,8,25.11,1
5,16,20250621,6.0,12,30.7,1
5,16,20250624,3.5,7,25.08,1
5,17,20240629,1.0,2,13.25,1
5,17,20240713,2.0,4,17.93,1
5,17,20240715,5.5,11,46.17,2
5,17,20240720,5.0,10,27.28,1
5,17,20240728,0.5,1,7.55,1
5,17,20240802,0.5,1,2.2,1
5,17,20240804,6.0,12,32.28,1
5,17,20240813,2.0,4,8.91,1
5,17,20240814,0.5,1,3.93,1
5,17,20240827,3.5,7,20.99,1
5,17,20241009,0.5,1,5.68,1
5,17,20241023,2.5,5,16.57,1
5,17,20241028,1.0,2,10.18,1
5,17,20241210,4.5,9,27.16,1
5,17,20241223,1.5,3,12.34,1
5,17,20241225,5.5,11,38.18,1
5,17,20241229,1.0,2,13.0,1
5,17,20241230,3.5,7,28.4,2
5,17,20250108,2.0,4,17.46,1
5,17,20250119,2.5,5,26.51,1
5,17,20250127,2.0,4,22.38,1
5,17,20250128,4.0,8,33.4,1
5,17,20250202,1.5,3,15.86,1
5,17,20250211,5.5,11,38.91,1
5,17,20250214,0.5,1,5.72,1
5,17,20250217,2.0,4,13.69,1
5,17,20250316,2.5,5,15.28,1
5,17,20250326,2.5,5,27.3,1
5,17,20250327,1.0,2,10.14,1
5,17,20250328,2.0,4,18.67,1
5,17,20250408,0.5,1,7.78,1
5,17,20250427,3.5,7,34.22,1
5,17,20250516,5.5,11,45.29,1
5,18,20240714,1.0,2,12.47,1
5,18,20240723,2.0,4,12.83,1
5,18,20240811,3.5,7,22.04,1
5,18,20240821,5.5,11,51.34,1
5,18,20240912,3.0,6,20.25,1
5,18,20240919,1.0,2,10.36,1
5,18,20241002,6.0,12,48.04,1
5,18,20241004,2.5,5,23.66,1
5,18,20241006,2.0,4,16.42,1
5,18,20241023,6.0,12,49.88,1
5,18,20241024,2.0,4,13.25,1
5,18,20241120,2.5,5,14.89,1
5,18,20241121,1.0,2,11.88,1
5,18,20241204,0.5,1,7.71,1
5,18,20241208,1.5,3,16.43,1
5,18,20241217,6.5,13,45.67,1
5,18,20241220,2.0,4,17.56,1
5,18,20250106,3.0,6,32.87,1
5,18,20250109,0.5,1,7.69,1
5,18,20250113,2.0,4,19.71,1
5,18,20250117,8.0,16,48.85,2
5,18,20250119,3.5,7,23.4,1
5,18,20250121,9.0,18,46.88,1
5,18,20250122,6.5,13,45.34,1
5,18,20250130,8.0,16,35.96,1
5,18,20250210,2.5,5,12.04,1
5,18,20250222,4.0,8,19.07,1
5,18,20250327,4.5,9,29.31,2
5,18,20250331,6.5,13,28.98,1
5,18,20250405,3.0,6,16.13,1
5,18,20250412,1.0,2,10.18,1
5,18,20250413,1.0,2,8.02,1
5,18,20250418,3.0,6,28.91,1
5,18,20250424,5.5,11,31.87,1
5,18,20250501,2.0,4,18.51,1
5,18,20250506,6.0,12,28.14,1
5,18,20250512,4.0,8,27.02,1
5,18,20250522,6.0,12,46.86,2
5,18,20250524,3.5,7,28.95,1
5,18,20250602,3.5,7,17.39,1
5,18,20250606,3.0,6,29.78,1
5,18,20250610,0.5,1,2.24,1
5,19,20240703,5.0,10,27.05,1
5,19,20240708,4.5,9,25.56,1
5,19,20240709,5.5,11,29.64,1
5,19,20240711,1.5,3,10.28,1
5,19,20240718,2.5,5,13.45,1
5,19,20240802,0.5,1,3.83,1
5,19,20240825,2.0,4,21.75,1
5,19,20240903,6.0,12,48.0,1
5,19,20240925,1.0,2,10.51,1
5,19,20241003,2.0,4,17.71,1
5,19,20241006,1.5,3,14.0,1
5,19,20241017,1.0,2,6.13,1
5,19,20241022,3.5,7,25.42,1
5,19,20241115,6.0,12,56.36,1
5,19,20241116,2.5,5,19.91,1
5,19,20241130,2.0,4,11.31,1
5,19,20241218,4.5,9,41.64,1
5,19,20241231,2.5,5,25.09,1
5,19,20250120,3.5,7,23.44,1
5,19,20250202,1.5,3,12.22,1
5,19,20250203,2.0,4,17.75,1
5,19,20250218,0.5,1,6.34,1
5,19,20250223,4.5,9,29.34,1
5,19,20250309,1.0,2,8.42,1
5,19,20250331,2.0,4,15.74,1
5,19,20250401,2.0,4,14.59,1
5,19,20250415,6.5,13,32.8,1
5,19,20250421,1.0,2,10.11,1
5,19,20250424,7.5,15,36.75,1
5,19,20250425,1.0,2,5.65,1
5,19,20250427,1.0,2,11.52,1
5,19,20250429,2.0,4,20.96,2
5,19,20250513,1.0,2,7.29,1
5,19,20250601,0.5,1,4.2,1
5,19,20250614,1.5,3,16.81,1
5,19,20250621,3.5,7,31.9,2
5,20,20240626,0.5,1,8.61,1
5,20,20240701,8.0,16,49.2,2
5,20,20240702,6.0,12,51.96,2
5,20,20240709,0.5,1,4.39,1
5,20,20240712,4.0,8,21.76,1
5,20,20240718,3.0,6,17.06,1
5,20,20240723,3.0,6,23.17,1
5,20,20240724,0.5,1,4.22,1
5,20,20240803,0.5,1,1.53,1
5,20,20240819,3.5,7,36.71,1
5,20,20240827,0.5,1,4.07,1
5,20,20240915,5.0,10,21.71,1
5,20,20240922,1.5,3,11.7,1
5,20,20241001,2.0,4,20.41,1
5,20,20241007,0.5,1,3.76,1
5,20,20241012,9.5,19,45.47,1
5,20,20241014,3.0,6,23.18,1
5,20,20241031,2.5,5,25.62,1
5,20,20241105,4.0,8,17.21,1
5,20,20241123,3.5,7,28.42,1
5,20,20241125,0.5,1,5.1,1
5,20,20241222,2.5,5,20.09,1
5,20,20250103,3.0,6,31.3,1
5,20,20250106,3.5,7,36.2,1
5,20,20250116,6.5,13,50.61,2
5,20,20250201,6.0,12,27.89,1
5,20,20250207,11.0,22,48.65,2
5,20,20250211,2.5,5,21.81,1
5,20,20250228,0.5,1,4.3,1
5,20,20250310,4.5,9,20.43,1
5,20,20250320,8.0,16,58.34,1
5,20,20250321,3.0,6,24.85,1
5,20,20250408,0.5,1,7.09,1
5,20,20250415,1.0,2,5.63,1
5,20,20250523,6.0,12,28.7,1
5,20,20250526,0.5,1,1.92,1
5,20,20250528,3.0,6,17.75,1
5,20,20250605,7.0,14,35.78,1
5,21,20240702,1.5,3,14.76,1
5,21,20240709,2.0,4,15.59,1
5,21,20240720,9.0,18,64.02,1
5,21,20240728,12.0,24,70.51,1
5,21,20240804,3.5,7,28.26,2
5,21,20240809,1.5,3,15.98,1
5,21,20240906,0.5,1,5.07,1
5,21,20240909,4.5,9,25.72,1
5,21,20240923,0.5,1,6.16,1
5,21,20240928,3.5,7,31.86,1
5,21,20240929,2.5,5,12.38,1
5,21,20240930,0.5,1,4.3,1
5,21,20241018,2.0,4,19.98,1
5,21,20241019,3.0,6,27.19,1
5,21,20241028,1.0,2,5.4,1
5,21,20241111,0.5,1,7.03,1
5,21,20241117,3.0,6,25.04,1
5,21,20241122,1.0,2,7.04,1
5,21,20241203,5.0,10,50.44,1
5,21,20241207,0.5,1,5.35,1
5,21,20241209,2.0,4,16.6,1
5,21,20250104,2.0,4,20.4,1
5,21,20250108,0.5,1,8.73,1
5,21,20250116,6.0,12,35.68,1
5,21,20250123,1.0,2,5.4,1
5,21,20250127,4.0,8,37.7,1
5,21,20250129,5.5,11,39.56,1
5,21,20250202,4.5,9,20.58,1
5,21,20250212,3.0,6,16.31,1
5,21,20250218,4.5,9,29.51,1
5,21,20250220,3.0,6,27.28,1
5,21,20250222,1.0,2,10.49,1
5,21,20250226,9.0,18,64.03,1
5,21,20250302,1.0,2,8.44,2
5,21,20250306,3.5,7,15.83,1
5,21,20250317,0.5,1,0.4,1
5,21,20250410,0.5,1,6.25,1
5,21,20250506,2.0,4,17.47,1
5,21,20250523,4.0,8,39.45,1
6,1,20240818,0.5,1,1.8,1
6,1,20240920,0.5,1,6.83,1
6,1,20241002,2.5,5,27.59,1
6,1,20241103,4.5,9,33.45,1
6,1,20241206,1.5,3,10.04,1
6,1,20250217,0.5,1,5.47,1
6,1,20250326,1.0,2,5.57,1
6,1,20250403,13.0,26,67.68,1
6,1,20250503,4.5,9,38.28,1
6,1,20250507,6.0,12,25.18,1
6,2,20240820,8.0,16,79.56,1
6,2,20240902,0.5,1,0.97,1
6,2,20241015,2.0,4,16.15,1
6,2,20241107,4.5,9,19.4,1
6,2,20241108,2.5,5,14.48,1
6,2,20241112,2.0,4,23.75,1
6,2,20241215,1.0,2,5.47,1
6,2,20250214,3.0,6,17.55,2
6,2,20250401,0.5,1,3.04,1
6,2,20250501,4.0,8,25.29,1
6,2,20250529,1.5,3,8.53,1
6,3,20240726,3.0,6,26.12,1
6,3,20240728,9.5,19,52.5,1
6,3,20241006,3.0,6,21.54,1
6,3,20241016,0.5,1,4.7,1
6,3,20241112,1.0,2,10.3,1
6,3,20241121,5.5,11,37.77,1
6,3,20241127,1.0,2,7.31,1
6,3,20250129,0.5,1,7.05,1
6,3,20250130,7.0,14,63.65,1
6,3,20250207,1.0,2,7.28,1
6,3,20250318,10.0,20,48.62,1
6,3,20250328,2.5,5,19.13,1
6,3,20250403,2.0,4,17.6,1
6,3,20250425,2.0,4,12.07,1
6,3,20250515,2.5,5,18.88,1
6,3,20250529,0.5,1,6.42,1
6,3,20250604,1.0,2,9.22,1
6,4,20240718,3.5,7,27.41,1
6,4,20240729,1.0,2,5.8,1
6,4,20240808,6.5,13,38.66,1
6,4,20240824,4.5,9,40.07,1
6,4,20240928,1.5,3,16.42,1
6,4,20240929,0.5,1,6.18,1
6,4,20241007,0.5,1,2.13,1
6,4,20241213,7.5,15,35.22,1
6,4,20241217,6.0,12,25.24,1
6,4,20241227,3.5,7,39.22,1
6,4,20241228,5.0,10,37.26,1
6,4,20250310,4.0,8,36.33,1
6,4,20250316,5.5,11,31.49,1
6,4,20250407,0.5,1,6.66,1
6,4,20250418,0.5,1,6.76,1
6,4,20250505,0.5,1,7.23,1
6,4,20250529,3.5,7,21.1,1
6,4,20250608,3.0,6,26.72,1
6,5,20240716,0.5,1,3.77,1
6,5,20240808,2.5,5,21.92,1
6,5,20240811,1.5,3,8.87,1
6,5,20240906,1.5,3,14.1,1
6,5,20240911,4.0,8,27.69,1
6,5,20241012,3.0,6,25.84,1
6,5,20241031,0.5,1,4.09,1
6,5,20241115,0.5,1,2.75,1
6,5,20241116,5.5,11,50.5,1
6,5,20241122,1.5,3,10.04,1
6,5,20241224,5.0,10,43.6,1
6,5,20250207,2.5,5,18.31,1
6,5,20250225,1.5,3,14.67,1
6,5,20250331,0.5,1,2.34,1
6,5,20250412,7.0,14,55.6,1
6,5,20250510,0.5,1,1.57,1
6,5,20250601,2.5,5,14.63,1
6,6,20240705,1.0,2,9.28,1
6,6,20240708,5.0,10,22.75,1
6,6,20240730,4.0,8,27.63,2
6,6,20240806,0.5,1,5.4,1
6,6,20240820,7.5,15,50.32,1
6,6,20240921,4.5,9,33.01,1
6,6,20240930,1.5,3,14.14,1
6,6,20241001,4.5,9,30.89,1
6,6,20241029,3.0,6,29.75,1
6,6,20241104,1.0,2,10.22,1
6,6,20241105,0.5,1,4.45,1
6,6,20241108,13.0,26,60.03,1
6,6,20241207,1.0,2,12.0,1
6,6,20241223,2.5,5,18.87,1
6,6,20250120,2.0,4,17.24,1
6,6,20250128,6.0,12,32.72,1
6,6,20250608,5.0,10,20.92,1
6,6,20250624,3.5,7,15.95,1
6,7,20240731,8.0,16,57.23,1
6,7,20240810,2.5,5,23.61,1
6,7,20240820,9.0,18,40.15,1
6,7,20240831,4.0,8,29.83,1
6,7,20240906,0.5,1,2.61,1
6,7,20240908,1.0,2,8.47,1
6,7,20241106,1.0,2,7.51,1
6,7,20241125,1.5,3,12.13,1
6,7,20250120,0.5,1,4.54,1
6,7,20250208,5.5,11,31.79,2
6,7,20250215,1.0,2,6.86,1
6,7,20250217,1.0,2,14.06,1
6,7,20250327,4.5,9,39.62,1
6,7,20250419,0.5,1,7.94,1
6,7,20250618,1.0,2,7.5,1
6,8,20240710,1.5,3,15.52,1
6,8,20240820,1.5,3,16.02,1
6,8,20240914,0.5,1,3.0,1
6,8,20241009,2.0,4,18.2,1
6,8,20241129,5.0,10,38.91,1
6,8,20241222,2.5,5,20.9,1
6,8,20250112,2.0,4,18.74,1
6,8,20250120,5.5,11,22.67,1
6,8,20250124,1.0,2,12.71,1
6,8,20250207,7.5,15,47.69,1
6,8,20250315,2.0,4,14.6,1
6,8,20250329,0.5,1,4.75,1
6,8,20250403,1.5,3,10.59,1
6,8,20250416,4.5,9,45.57,1
6,8,20250426,0.5,1,8.88,1
6,9,20240625,1.5,3,14.91,1
6,9,20240807,0.5,1,4.43,1
6,9,20240809,8.0,16,35.12,1
6,9,20240813,2.0,4,22.99,1
6,9,20240912,3.5,7,27.65,1
6,9,20240920,0.5,1,6.42,1
6,9,20241021,5.0,10,25.88,1
6,9,20241122,2.0,4,17.23,1
6,9,20250215,4.0,8,24.01,1
6,9,20250327,2.0,4,15.56,1
6,9,20250527,0.5,1,8.13,1
6,9,20250602,0.5,1,5.06,1
6,9,20250624,1.5,3,19.79,1
6,10,20240715,1.5,3,7.16,1
6,10,20240804,1.0,2,8.21,1
6,10,20240814,0.5,1,9.79,1
6,10,20240907,10.5,21,74.5,1
6,10,20240918,0.5,1,9.24,1
6,10,20241224,5.0,10,25.33,1
6,10,20250105,0.5,1,4.68,1
6,10,20250108,5.0,10,36.1,1
6,10,20250205,4.0,8,22.42,1
6,10,20250215,0.5,1,5.44,1
6,10,20250413,4.5,9,33.48,1
6,10,20250418,7.5,15,55.42,1
6,10,20250426,1.5,3,12.92,1
6,10,20250516,1.5,3,12.87,1
6,10,20250521,4.0,8,22.51,1
6,11,20240628,4.0,8,42.37,1
6,11,20240831,1.5,3,10.63,1
6,11,20241006,5.5,11,43.7,1
6,11,20241023,5.0,10,53.49,1
6,11,20241025,1.0,2,7.97,1
6,11,20241113,1.0,2,9.28,1
6,11,20250123,1.0,2,8.57,1
6,11,20250126,2.0,4,20.29,1
6,11,20250223,1.0,2,7.01,1
6,11,20250320,3.0,6,30.02,1
6,11,20250406,10.0,20,52.17,1
6,11,20250419,5.0,10,24.84,1
6,11,20250427,7.0,14,28.83,1
6,11,20250508,2.0,4,10.97,1
6,11,20250517,5.0,10,30.65,1
6,12,20240714,1.0,2,5.92,1
6,12,20240817,3.0,6,17.71,1
6,12,20240831,5.0,10,25.86,1
6,12,20240921,1.0,2,6.14,1
6,12,20241006,2.0,4,20.38,1
6,12,20241017,2.5,5,13.87,1
6,12,20241114,2.0,4,16.42,1
6,12,20241203,6.0,12,24.59,1
6,12,20250105,2.0,4,21.39,1
6,12,20250413,0.5,1,7.26,1
6,12,20250501,5.0,10,22.24,1
6,12,20250503,1.0,2,5.49,1
6,12,20250522,7.0,14,42.25,1
6,12,20250611,3.5,7,15.88,1
6,13,20240730,3.0,6,27.28,1
6,13,20240731,2.0,4,18.52,1
6,13,20240830,2.5,5,20.17,1
6,13,20240915,6.0,12,44.99,1
6,13,20241006,3.0,6,30.46,1
6,13,20241018,2.0,4,14.33,1
6,13,20241108,0.5,1,2.49,1
6,13,20241202,6.0,12,33.75,1
6,13,20241227,2.0,4,14.18,1
6,13,20250117,5.0,10,29.71,1
6,13,20250317,2.0,4,12.46,1
6,13,20250327,8.0,16,38.4,1
6,13,20250418,2.0,4,19.77,1
6,13,20250423,2.5,5,13.72,1
6,13,20250601,2.5,5,20.67,1
6,13,20250615,3.0,6,29.4,1
6,14,20240630,1.5,3,8.76,1
6,14,20240921,1.0,2,8.92,1
6,14,20241004,5.5,11,22.86,1
6,14,20241114,0.5,1,4.98,1
6,14,20250307,1.5,3,11.39,1
6,14,20250317,2.0,4,15.74,1
6,15,20240717,1.5,3,10.24,1
6,15,20240726,4.0,8,27.54,2
6,15,20240727,5.5,11,42.75,1
6,15,20240809,6.5,13,42.26,1
6,15,20240811,4.0,8,28.55,1
6,15,20240813,1.0,2,11.98,1
6,15,20240821,5.0,10,23.28,1
6,15,20240824,3.5,7,25.29,1
6,15,20240831,0.5,1,1.98,1
6,15,20240907,3.0,6,17.11,1
6,15,20240921,2.5,5,14.61,1
6,15,20240925,0.5,1,6.43,1
6,15,20241004,3.5,7,28.67,1
6,15,20241021,5.5,11,47.75,2
6,15,20241024,6.5,13,30.1,1
6,15,20241107,2.5,5,24.12,1
6,15,20241109,1.0,2,11.07,1
6,15,20241114,1.5,3,15.31,1
6,15,20241117,5.0,10,41.42,1
6,15,20241118,2.0,4,19.55,1
6,15,20241120,3.0,6,30.57,1
6,15,20241127,9.5,19,39.67,1
6,15,20241211,0.5,1,2.4,1
6,15,20241222,3.0,6,29.72,1
6,15,20250109,2.5,5,13.93,1
6,15,20250110,0.5,1,1.03,1
6,15,20250113,6.5,13,42.23,1
6,15,20250116,2.0,4,22.97,1
6,15,20250117,2.5,5,16.92,1
6,15,20250122,1.5,3,17.78,1
6,15,20250130,6.0,12,39.61,1
6,15,20250210,1.5,3,10.08,1
6,15,20250216,0.5,1,3.85,1
6,15,20250330,8.0,16,51.68,2
6,15,20250405,4.0,8,22.65,1
6,15,20250423,1.5,3,7.79,1
6,15,20250427,0.5,1,3.68,1
6,15,20250501,2.5,5,26.05,1
6,15,20250524,1.5,3,8.8,1
6,15,20250616,3.0,6,25.84,1
6,16,20240704,0.5,1,4.08,1
6,16,20240705,0.5,1,0.74,1
6,16,20240716,2.5,5,11.96,1
6,16,20240801,4.5,9,45.44,1
6,16,20240806,1.5,3,10.82,1
6,16,20240809,0.5,1,7.16,1
6,16,20241007,9.5,19,50.84,1
6,16,20241011,2.0,4,23.03,1
6,16,20241014,0.5,1,4.28,1
6,16,20241018,1.0,2,6.35,1
6,16,20241020,6.5,13,45.28,1
6,16,20241028,0.5,1,0.03,1
6,16,20241120,5.5,11,23.45,1
6,16,20241123,2.5,5,20.7,1
6,16,20241127,2.5,5,19.3,1
6,16,20241212,1.0,2,12.63,1
6,16,20241216,2.5,5,27.68,1
6,16,20250103,1.5,3,14.55,1
6,16,20250107,0.5,1,8.25,1
6,16,20250118,4.5,9,26.64,1
6,16,20250119,6.5,13,46.61,1
6,16,20250202,2.0,4,23.0,1
6,16,20250204,1.5,3,15.62,1
6,16,20250210,3.5,7,29.37,1
6,16,20250220,0.5,1,3.27,1
6,16,20250306,4.0,8,38.8,1
6,16,20250321,0.5,1,5.71,1
6,16,20250327,0.5,1,2.54,1
6,16,20250414,0.5,1,5.78,1
6,16,20250505,2.5,5,11.21,1
6,16,20250514,1.5,3,14.67,1
6,16,20250614,2.0,4,17.48,1
6,17,20240627,1.0,2,11.89,1
6,17,20240704,1.0,2,8.59,1
6,17,20240708,0.5,1,8.22,1
6,17,20240712,5.0,10,23.35,1
6,17,20240713,12.0,24,50.67,1
6,17,20240716,3.0,6,24.5,1
6,17,20240719,6.0,12,29.98,1
6,17,20240720,0.5,1,5.72,1
6,17,20240722,3.5,7,24.54,1
6,17,20240805,1.0,2,7.69,1
6,17,20240816,6.5,13,37.4,1
6,17,20240820,0.5,1,6.58,1
6,17,20240826,2.5,5,25.21,1
6,17,20240927,0.5,1,4.39,1
6,17,20240930,2.0,4,22.87,1
6,17,20241009,4.0,8,21.89,1
6,17,20241018,2.0,4,16.24,1
6,17,20241021,2.5,5,12.77,1
6,17,20241211,2.5,5,23.72,1
6,17,20241220,2.5,5,23.76,2
6,17,20241225,4.5,9,41.21,1
6,17,20250102,0.5,1,3.43,1
6,17,20250109,2.0,4,16.52,1
6,17,20250115,3.0,6,20.93,1
6,17,20250120,1.5,3,17.63,1
6,17,20250122,2.5,5,23.04,2
6,17,20250210,3.5,7,33.79,1
6,17,20250216,2.5,5,18.73,1
6,17,20250226,0.5,1,1.29,1
6,17,20250227,4.0,8,32.96,2
6,17,20250311,1.0,2,6.75,1
6,17,20250322,3.5,7,26.47,1
6,17,20250329,3.0,6,18.43,2
6,17,20250404,0.5,1,3.15,1
6,17,20250413,1.0,2,10.58,1
6,17,20250417,0.5,1,3.75,1
6,17,20250422,2.0,4,11.71,1
6,17,20250427,5.0,10,42.62,1
6,17,20250504,3.5,7,24.06,1
6,17,20250527,2.0,4,15.47,1
6,17,20250530,2.0,4,10.37,1
6,17,20250615,1.0,2,13.67,1
6,17,20250617,4.0,8,23.91,1
6,18,20240711,0.5,1,4.69,1
6,18,20240722,7.0,14,50.88,1
6,18,20240726,4.5,9,21.84,1
6,18,20240804,5.0,10,40.85,1
6,18,20240809,0.5,1,3.48,1
6,18,20240811,1.5,3,12.6,1
6,18,20240825,0.5,1,3.72,1
6,18,20240831,4.5,9,31.73,1
6,18,20240902,3.0,6,17.6,1
6,18,20240916,5.5,11,27.75,1
6,18,20240917,2.0,4,11.0,1
6,18,20240930,1.0,2,5.18,1
6,18,20241009,1.5,3,15.23,1
6,18,20241027,4.0,8,29.72,1
6,18,20241109,1.0,2,10.67,1
6,18,20241124,1.0,2,6.94,1
6,18,20241127,1.5,3,18.25,1
6,18,20250105,1.5,3,9.75,1
6,18,20250107,4.5,9,34.15,1
6,18,20250110,2.5,5,27.01,1
6,18,20250120,2.0,4,21.91,1
6,18,20250123,1.0,2,9.54,1
6,18,20250128,1.0,2,9.53,1
6,18,20250129,0.5,1,3.25,1
6,18,20250130,3.0,6,28.66,2
6,18,20250131,3.5,7,23.75,1
6,18,20250331,0.5,1,5.83,1
6,18,20250429,2.0,4,21.75,1
6,18,20250507,4.0,8,28.19,1
6,18,20250518,1.0,2,12.03,1
6,18,20250604,1.0,2,7.4,1
6,18,20250609,1.5,3,13.97,1
6,18,20250611,1.5,3,10.2,1
6,18,20250612,4.5,9,18.82,1
6,18,20250616,1.5,3,12.57,1
6,18,20250617,5.5,11,55.35,2
6,18,20250620,2.0,4,9.42,1
6,18,20250622,1.5,3,10.59,1
6,19,20240627,2.0,4,12.75,2
6,19,20240629,1.5,3,13.05,1
6,19,20240713,1.0,2,10.15,1
6,19,20240801,0.5,1,4.15,1
6,19,20240813,2.5,5,23.97,2
6,19,20240823,0.5,1,7.67,1
6,19,20240829,0.5,1,5.92,1
6,19,20240903,2.5,5,25.41,1
6,19,20240905,3.5,7,23.96,1
6,19,20240909,3.0,6,18.83,1
6,19,20240916,1.5,3,12.7,1
6,19,20240921,1.5,3,14.77,1
6,19,20241004,1.5,3,13.18,1
6,19,20241007,3.0,6,15.56,1
6,19,20241018,1.0,2,7.37,1
6,19,20241026,3.0,6,16.92,1
6,19,20241031,1.5,3,11.97,1
6,19,20241112,5.0,10,45.97,1
6,19,20241116,3.5,7,20.38,1
6,19,20241117,1.5,3,7.66,1
6,19,20241119,2.0,4,13.54,1
6,19,20241121,1.0,2,12.06,1
6,19,20241126,3.0,6,26.58,1
6,19,20241129,0.5,1,7.88,1
6,19,20241215,3.0,6,13.65,1
6,19,20241220,6.0,12,39.16,1
6,19,20250131,1.5,3,11.77,1
6,19,20250207,7.5,15,40.37,1
6,19,20250227,6.0,12,38.59,1
6,19,20250316,1.5,3,16.93,1
6,19,20250331,2.5,5,18.71,1
6,19,20250402,0.5,1,6.43,1
6,19,20250409,5.5,11,44.51,1
6,19,20250416,1.0,2,11.89,1
6,19,20250426,4.0,8,37.32,1
6,19,20250429,1.0,2,9.91,1
6,19,20250507,3.0,6,15.88,1
6,19,20250516,1.0,2,8.35,1
6,19,20250526,1.0,2,5.49,1
6,19,20250529,10.0,20,51.24,2
6,19,20250623,8.0,16,41.23,1
6,20,20240627,5.0,10,33.57,1
6,20,20240703,0.5,1,8.62,1
6,20,20240719,2.0,4,18.26,1
6,20,20240720,1.5,3,12.36,1
6,20,20240813,1.5,3,12.59,1
6,20,20240815,4.5,9,30.92,1
6,20,20240821,2.0,4,19.02,1
6,20,20240915,1.0,2,10.74,1
6,20,20241004,3.0,6,26.97,1
6,20,20241010,1.5,3,11.38,1
6,20,20241017,0.5,1,4.84,1
6,20,20241018,0.5,1,2.82,1
6,20,20241023,3.5,7,21.58,1
6,20,20241030,7.5,15,31.56,1
6,20,20241124,6.5,13,27.84,1
6,20,20241128,1.5,3,13.59,1
6,20,20241214,2.0,4,11.01,1
6,20,20241225,1.5,3,15.52,1
6,20,20241226,2.0,4,10.23,1
6,20,20250201,4.0,8,26.49,1
6,20,20250210,1.0,2,12.51,1
6,20,20250218,6.0,12,34.53,1
6,20,20250225,5.5,11,30.98,1
6,20,20250311,7.0,14,33.86,1
6,20,20250315,2.5,5,13.34,1
6,20,20250401,0.5,1,3.62,1
6,20,20250403,11.0,22,48.17,1
6,20,20250405,1.5,3,11.02,1
6,20,20250408,1.5,3,16.23,1
6,20,20250416,5.0,10,35.82,1
6,20,20250420,6.5,13,33.2,1
6,20,20250503,2.5,5,21.2,1
6,20,20250509,2.0,4,21.99,1
6,20,20250526,0.5,1,7.05,1
6,20,20250608,5.5,11,48.69,2
6,20,20250623,7.0,14,32.82,1
6,21,20240702,2.0,4,12.55,1
6,21,20240708,1.5,3,11.88,1
6,21,20240818,7.5,15,42.48,1
6,21,20240918,1.0,2,12.12,1
6,21,20241010,2.5,5,21.36,3
6,21,20241015,3.0,6,25.74,1
6,21,20241025,1.0,2,9.54,1
6,21,20241026,3.5,7,25.72,1
6,21,20241030,2.0,4,16.6,1
6,21,20241117,4.0,8,32.42,1
6,21,20241130,1.5,3,11.08,1
6,21,20241213,1.5,3,19.68,1
6,21,20241215,2.0,4,22.15,1
6,21,20241223,3.5,7,34.05,1
6,21,20250113,4.5,9,24.72,1
6,21,20250126,1.5,3,12.23,1
6,21,20250203,2.0,4,15.12,1
6,21,20250209,12.0,24,56.13,1
6,21,20250214,2.5,5,24.14,1
6,21,20250228,0.5,1,3.62,1
6,21,20250324,2.5,5,13.87,1
6,21,20250331,0.5,1,5.23,1
6,21,20250402,1.0,2,8.28,1
6,21,20250403,1.0,2,9.12,1
6,21,20250405,7.5,15,35.84,1
6,21,20250408,1.0,2,8.89,1
6,21,20250411,0.5,1,8.24,1
6,21,20250412,1.0,2,6.33,1
6,21,20250414,8.0,16,42.66,1
6,21,20250423,2.5,5,22.68,1
6,21,20250502,3.5,7,38.32,1
6,21,20250525,7.5,15,34.49,1
6,21,20250604,3.5,7,18.81,1
6,21,20250614,2.0,4,13.5,1
6,21,20250621,2.0,4,14.57,1
7,1,20240707,4.5,9,30.45,1
7,1,20240710,1.0,2,8.12,1
7,1,20240805,0.5,1,3.9,1
7,1,20240826,1.0,2,12.52,1
7,1,20241128,1.0,2,13.0,1
7,1,20241204,1.0,2,8.33,1
7,1,20241209,1.0,2,11.85,1
7,1,20241214,5.5,11,32.96,1
7,1,20241218,7.5,15,37.95,1
7,1,20250102,0.5,1,2.42,1
7,1,20250120,3.0,6,27.38,1
7,1,20250131,5.0,10,29.56,1
7,1,20250302,2.5,5,18.43,1
7,1,20250315,2.5,5,13.82,1
7,1,20250613,0.5,1,3.96,1
7,1,20250614,3.0,6,14.53,1
7,2,20240803,9.5,19,49.66,1
7,2,20240824,2.5,5,22.49,1
7,2,20240826,2.5,5,17.68,1
7,2,20240910,2.5,5,18.59,1
7,2,20240914,6.0,12,37.35,1
7,2,20241020,1.0,2,10.01,1
7,2,20241108,3.5,7,33.94,1
7,2,20241115,6.0,12,48.2,1
7,2,20241119,3.0,6,27.84,1
7,2,20241215,2.5,5,18.54,1
7,2,20250117,0.5,1,7.54,1
7,2,20250202,2.5,5,21.23,1
7,2,20250222,1.0,2,8.28,1
7,2,20250409,7.5,15,56.48,1
7,2,20250417,3.0,6,16.42,1
7,2,20250517,3.0,6,26.35,1
7,3,20240726,8.0,16,75.6,2
7,3,20240807,2.0,4,15.67,1
7,3,20240810,8.5,17,35.43,1
7,3,20241010,2.0,4,13.65,1
7,3,20241030,0.5,1,5.0,1
7,3,20241129,3.0,6,24.84,1
7,3,20241208,0.5,1,5.51,1
7,3,20250119,6.0,12,26.58,1
7,3,20250128,5.5,11,37.67,1
7,3,20250130,6.0,12,30.29,1
7,3,20250210,1.0,2,8.84,1
7,3,20250215,0.5,1,2.91,1
7,3,20250228,3.0,6,24.54,1
7,3,20250311,5.0,10,48.27,1
7,3,20250427,1.5,3,11.44,1
7,3,20250504,4.0,8,39.19,1
7,3,20250511,2.0,4,14.9,1
7,3,20250606,3.0,6,22.93,1
7,3,20250614,1.0,2,4.48,1
7,4,20240720,0.5,1,5.53,1
7,4,20240805,0.5,1,3.54,1
7,4,20240918,1.0,2,7.28,1
7,4,20241002,5.5,11,55.35,1
7,4,20241210,1.5,3,9.38,1
7,4,20250130,0.5,1,6.17,1
7,4,20250427,3.0,6,14.63,1
7,5,20240710,2.5,5,11.71,1
7,5,20240711,2.5,5,10.48,1
7,5,20240717,3.0,6,31.41,1
7,5,20240913,2.0,4,22.53,1
7,5,20240929,7.0,14,29.03,1
7,5,20241006,2.0,4,16.85,1
7,5,20241206,3.5,7,29.03,1
7,5,20241209,2.0,4,22.0,1
7,5,20241214,0.5,1,7.54,1
7,5,20250205,1.5,3,8.86,1
7,5,20250402,1.5,3,8.06,1
7,5,20250405,1.0,2,10.19,1
7,5,20250508,12.0,24,51.14,1
7,5,20250611,4.0,8,21.51,1
7,6,20240705,0.5,1,2.18,1
7,6,20240718,1.5,3,11.47,1
7,6,20240812,2.0,4,21.32,1
7,6,20240816,1.5,3,13.14,1
7,6,20240822,0.5,1,7.11,1
7,6,20241030,2.5,5,22.66,1
7,6,20241102,0.5,1,9.06,1
7,6,20241120,3.5,7,35.57,1
7,6,20241223,1.0,2,11.05,1
7,6,20250126,3.0,6,21.48,1
7,6,20250227,0.5,1,7.75,1
7,6,20250517,0.5,1,6.06,1
7,6,20250518,4.0,8,23.79,1
7,6,20250609,0.5,1,6.31,1
7,7,20240719,2.5,5,23.48,1
7,7,20240722,1.5,3,10.98,1
7,7,20240829,3.5,7,24.46,1
7,7,20240902,1.5,3,10.1,1
7,7,20240916,4.5,9,44.29,2
7,7,20241014,5.5,11,29.31,1
7,7,20241021,4.0,8,36.52,1
7,7,20241031,1.5,3,11.84,1
7,7,20250116,5.0,10,24.85,1
7,7,20250212,4.0,8,20.87,1
7,7,20250331,1.5,3,16.34,1
7,7,20250511,4.0,8,22.38,1
7,7,20250513,3.5,7,16.46,1
7,7,20250613,2.0,4,10.81,1
7,8,20240713,1.5,3,13.91,1
7,8,20240720,3.0,6,19.3,1
7,8,20241003,6.0,12,52.46,2
7,8,20241015,3.0,6,18.95,1
7,8,20241030,0.5,1,3.92,1
7,8,20241115,2.0,4,16.22,1
7,8,20241228,3.0,6,23.79,1
7,8,20250306,0.5,1,8.22,1
7,8,20250317,3.0,6,13.03,1
7,8,20250411,0.5,1,3.3,1
7,8,20250502,3.0,6,31.14,1
7,9,20240801,5.5,11,39.99,1
7,9,20240822,6.0,12,40.65,1
7,9,20240903,2.0,4,14.3,1
7,9,20241014,4.5,9,21.18,1
7,9,20241125,7.0,14,39.76,1
7,9,20241127,3.5,7,34.55,1
7,9,20241207,2.0,4,19.95,1
7,9,20241230,5.0,10,38.21,1
7,9,20250211,1.5,3,8.73,1
7,9,20250220,4.5,9,39.41,1
7,9,20250225,1.0,2,10.38,1
7,9,20250318,3.0,6,28.93,1
7,9,20250430,0.5,1,1.1,1
7,9,20250608,1.0,2,10.27,1
7,10,20240729,1.5,3,11.89,1
7,10,20240812,5.0,10,28.94,1
7,10,20240829,2.0,4,20.14,1
7,10,20241006,1.0,2,9.47,1
7,10,20241022,0.5,1,8.04,1
7,10,20241122,4.0,8,35.32,2
7,10,20250220,1.5,3,18.81,1
7,10,20250316,0.5,1,3.43,1
7,11,20240626,5.0,10,30.68,1
7,11,20240702,2.5,5,19.5,1
7,11,20240718,6.5,13,27.25,1
7,11,20240729,5.0,10,45.15,2
7,11,20240924,2.0,4,17.1,1
7,11,20240928,1.0,2,10.05,1
7,11,20241014,1.5,3,13.85,1
7,11,20241203,1.0,2,9.86,1
7,11,20241204,2.5,5,19.1,1
7,11,20250116,5.5,11,24.45,1
7,11,20250127,1.5,3,7.01,1
7,11,20250307,4.5,9,32.78,1
7,11,20250416,0.5,1,6.54,1
7,11,20250421,0.5,1,8.29,1
7,11,20250518,4.5,9,31.07,1
7,11,20250613,1.5,3,16.09,1
7,11,20250621,2.5,5,25.45,2
7,12,20240904,7.0,14,52.23,1
7,12,20240908,5.0,10,25.59,1
7,12,20240930,1.5,3,14.67,1
7,12,20241114,1.0,2,8.74,1
7,12,20241128,5.5,11,35.56,1
7,12,20241219,0.5,1,2.28,1
7,12,20241231,5.5,11,45.64,2
7,12,20250205,1.5,3,9.61,1
7,12,20250221,1.0,2,8.12,1
7,12,20250318,2.5,5,13.44,1
7,12,20250412,1.5,3,8.1,1
7,12,20250425,3.0,6,18.03,1
7,12,20250427,5.0,10,33.54,1
7,12,20250502,3.0,6,14.72,1
7,12,20250513,1.0,2,6.06,1
7,12,20250607,8.0,16,47.95,1
7,12,20250613,2.0,4,19.3,1
7,12,20250614,2.5,5,25.2,1
7,13,20240627,2.0,4,12.25,1
7,13,20240723,4.5,9,35.98,2
7,13,20240821,1.5,3,14.99,1
7,13,20240907,6.0,12,30.44,1
7,13,20240911,3.0,6,26.28,1
7,13,20241015,2.0,4,21.14,1
7,13,20241016,0.5,1,7.32,1
7,13,20241115,0.5,1,6.59,1
7,13,20250406,1.0,2,9.28,1
7,13,20250531,4.5,9,23.68,1
7,13,20250604,2.0,4,10.68,1
7,13,20250613,1.5,3,13.52,1
7,14,20240716,1.0,2,10.33,1
7,14,20240909,3.0,6,28.66,1
7,14,20240926,1.5,3,11.14,1
7,14,20241014,5.0,10,23.78,1
7,14,20241023,2.0,4,13.67,1
7,14,20241025,4.0,8,39.35,1
7,14,20241120,4.0,8,28.8,1
7,14,20250125,1.5,3,17.46,1
7,14,20250206,5.0,10,22.89,1
7,14,20250207,7.0,14,34.23,1
7,14,20250218,3.0,6,21.93,1
7,14,20250308,5.5,11,30.7,1
7,14,20250430,2.0,4,14.03,1
7,15,20240701,1.0,2,8.92,1
7,15,20240702,0.5,1,6.31,1
7,15,20240707,4.0,8,36.82,1
7,15,20240724,2.5,5,11.39,1
7,15,20240729,0.5,1,6.39,1
7,15,20240806,7.0,14,37.36,1
7,15,20240826,3.0,6,16.51,1
7,15,20241214,2.0,4,13.66,1
7,15,20250101,10.5,21,67.56,1
7,15,20250108,0.5,1,8.13,1
7,15,20250120,3.0,6,13.21,1
7,15,20250122,2.0,4,8.36,1
7,15,20250126,1.5,3,14.57,1
7,15,20250216,1.0,2,13.33,1
7,15,20250219,3.5,7,35.3,3
7,15,20250222,0.5,1,2.73,1
7,15,20250225,1.0,2,5.95,1
7,15,20250322,1.0,2,9.02,1
7,15,20250328,2.0,4,18.41,1
7,15,20250329,2.0,4,13.52,1
7,15,20250331,2.0,4,10.37,1
7,15,20250416,1.0,2,11.6,1
7,15,20250427,0.5,1,3.28,1
7,15,20250519,0.5,1,5.96,1
7,15,20250607,1.0,2,9.89,1
7,15,20250609,0.5,1,5.26,1
7,15,20250613,3.0,6,20.27,1
7,16,20240714,2.0,4,14.49,1
7,16,20240812,6.5,13,31.19,1
7,16,20241015,1.0,2,11.78,1
7,16,20241112,2.5,5,24.37,1
7,16,20241114,5.0,10,48.86,2
7,16,20241120,3.0,6,20.73,1
7,16,20241124,4.5,9,45.12,1
7,16,20241208,5.0,10,48.9,1
7,16,20241211,1.5,3,8.28,1
7,16,20241221,1.5,3,12.62,1
7,16,20241229,2.5,5,12.36,1
7,16,20250102,4.5,9,45.67,1
7,16,20250106,1.5,3,16.2,1
7,16,20250110,6.5,13,28.11,1
7,16,20250114,10.0,20,73.19,2
7,16,20250116,2.0,4,15.14,1
7,16,20250117,1.5,3,13.59,1
7,16,20250125,1.0,2,6.11,1
7,16,20250217,1.0,2,11.94,1
7,16,20250226,1.5,3,15.48,1
7,16,20250227,5.5,11,30.96,1
7,16,20250309,0.5,1,5.38,1
7,16,20250326,3.0,6,30.48,1
7,16,20250328,3.5,7,22.58,1
7,16,20250426,1.0,2,4.68,1
7,16,20250427,4.5,9,43.28,2
7,16,20250506,2.5,5,15.04,1
7,16,20250507,1.0,2,6.43,1
7,16,20250515,1.0,2,9.74,1
7,16,20250527,3.0,6,20.94,1
7,16,20250530,4.5,9,29.89,1
7,16,20250604,2.5,5,22.12,1
7,16,20250606,0.5,1,3.01,1
7,16,20250608,0.5,1,8.81,1
7,16,20250610,1.5,3,14.04,1
7,16,20250612,0.5,1,3.64,1
7,16,20250616,1.0,2,9.67,1
7,17,20240703,2.5,5,12.57,1
7,17,20240708,8.0,16,33.6,1
7,17,20240731,6.0,12,40.19,1
7,17,20240802,1.0,2,12.22,2
7,17,20240805,4.0,8,31.78,1
7,17,20240807,12.0,24,67.54,1
7,17,20240818,9.5,19,51.67,1
7,17,20240827,1.0,2,9.98,1
7,17,20240907,2.5,5,19.37,1
7,17,20240918,4.5,9,33.73,1
7,17,20240921,4.0,8,16.69,1
7,17,20240925,3.0,6,28.75,1
7,17,20241021,1.5,3,15.8,1
7,17,20241022,2.5,5,11.63,1
7,17,20241030,4.0,8,23.62,1
7,17,20241101,4.0,8,19.07,1
7,17,20241103,9.5,19,56.03,2
7,17,20241108,0.5,1,5.78,1
7,17,20241109,5.0,10,31.05,1
7,17,20241110,2.0,4,12.74,1
7,17,20241114,1.0,2,8.75,1
7,17,20241204,4.0,8,24.43,2
7,17,20241214,7.0,14,55.46,2
7,17,20241220,1.5,3,13.45,1
7,17,20250114,4.0,8,32.73,1
7,17,20250127,0.5,1,4.64,1
7,17,20250130,2.0,4,15.73,1
7,17,20250203,0.5,1,5.86,1
7,17,20250206,3.5,7,26.21,1
7,17,20250208,1.0,2,11.44,1
7,17,20250302,0.5,1,3.81,1
7,17,20250305,0.5,1,4.36,1
7,17,20250310,4.0,8,39.53,1
7,17,20250322,4.0,8,26.03,2
7,17,20250323,6.0,12,51.9,2
7,17,20250325,4.0,8,18.32,1
7,17,20250401,0.5,1,8.45,1
7,17,20250414,5.5,11,25.12,1
7,17,20250416,3.0,6,14.47,1
7,17,20250423,3.0,6,33.13,1
7,17,20250515,2.5,5,24.26,1
7,17,20250527,2.0,4,15.63,1
7,17,20250601,1.5,3,15.2,1
7,17,20250605,1.5,3,10.5,1
7,17,20250611,1.0,2,6.17,1
7,17,20250618,1.5,3,12.37,1
7,18,20240629,1.5,3,13.64,1
7,18,20240712,0.5,1,3.04,1
7,18,20240714,6.0,12,33.13,1
7,18,20240717,3.0,6,27.04,1
7,18,20240721,0.5,1,5.1,1
7,18,20240729,1.0,2,10.0,1
7,18,20240731,4.0,8,26.8,1
7,18,20240804,1.5,3,10.93,1
7,18,20241023,0.5,1,2.1,1
7,18,20241028,4.0,8,24.53,1
7,18,20241101,0.5,1,4.08,1
7,18,20241105,0.5,1,4.1,1
7,18,20241113,5.0,10,47.52,1
7,18,20241118,1.0,2,8.81,1
7,18,20241124,0.5,1,1.93,1
7,18,20241127,4.5,9,30.24,1
7,18,20241129,4.0,8,31.58,1
7,18,20241211,7.0,14,39.2,1
7,18,20241220,1.5,3,8.21,1
7,18,20250115,2.5,5,23.16,1
7,18,20250201,2.5,5,17.86,1
7,18,20250215,1.5,3,11.94,1
7,18,20250216,0.5,1,7.98,1
7,18,20250223,2.0,4,11.15,1
7,18,20250323,1.0,2,11.3,1
7,18,20250324,1.5,3,11.07,1
7,18,20250401,1.0,2,6.71,1
7,18,20250418,5.5,11,39.1,1
7,18,20250422,2.5,5,23.96,1
7,18,20250428,1.5,3,14.92,1
7,18,20250511,1.5,3,12.32,1
7,18,20250516,2.5,5,20.05,1
7,18,20250526,2.5,5,13.0,1
7,18,20250602,3.5,7,17.28,1
7,18,20250605,4.5,9,39.95,1
7,18,20250606,7.5,15,34.93,1
7,18,20250616,5.5,11,37.41,1
7,18,20250617,2.0,4,17.61,1
7,19,20240624,0.5,1,6.15,1
7,19,20240628,5.5,11,54.3,1
7,19,20240711,1.0,2,7.92,1
7,19,20240712,1.5,3,14.13,1
7,19,20240728,2.0,4,15.96,1
7,19,20240816,2.5,5,21.04,1
7,19,20240817,1.5,3,15.34,1
7,19,20240917,1.5,3,12.13,1
7,19,20240920,1.0,2,12.82,1
7,19,20240928,4.5,9,30.37,2
7,19,20241002,1.5,3,11.69,1
7,19,20241025,3.5,7,36.66,1
7,19,20241031,1.0,2,11.98,1
7,19,20241114,5.0,10,26.02,1
7,19,20241119,3.0,6,29.41,1
7,19,20241210,3.0,6,21.11,1
7,19,20241216,0.5,1,3.6,1
7,19,20241219,6.5,13,35.98,2
7,19,20241221,3.5,7,20.13,1
7,19,20250107,2.0,4,20.95,1
7,19,20250111,2.0,4,10.88,1
7,19,20250113,2.5,5,20.13,1
7,19,20250124,3.5,7,19.09,1
7,19,20250203,1.0,2,5.34,1
7,19,20250220,8.0,16,35.16,1
7,19,20250226,2.5,5,18.62,1
7,19,20250315,2.5,5,18.57,1
7,19,20250318,1.5,3,16.78,1
7,19,20250403,2.0,4,14.62,1
7,19,20250411,1.0,2,10.84,1
7,19,20250413,5.5,11,37.25,2
7,19,20250426,2.5,5,22.86,1
7,19,20250520,3.5,7,33.88,1
7,19,20250601,1.5,3,12.38,1
7,19,20250610,0.5,1,2.13,1
7,19,20250611,12.5,25,51.33,1
7,20,20240702,1.0,2,8.05,1
7,20,20240704,1.5,3,13.22,1
7,20,20240710,1.0,2,5.99,1
7,20,20240712,5.5,11,24.52,2
7,20,20240723,2.5,5,19.28,1
7,20,20240819,2.0,4,17.54,1
7,20,20240829,9.0,18,61.21,1
7,20,20240903,1.5,3,13.31,1
7,20,20240916,0.5,1,8.06,1
7,20,20240919,5.5,11,32.63,2
7,20,20240920,0.5,1,5.73,1
7,20,20240923,3.0,6,17.22,1
7,20,20240929,2.5,5,19.19,1
7,20,20241005,3.5,7,18.72,1
7,20,20241026,2.5,5,25.61,2
7,20,20241120,2.5,5,14.6,1
7,20,20241122,3.5,7,22.19,1
7,20,20241128,2.0,4,13.49,1
7,20,20241215,0.5,1,6.94,1
7,20,20241221,0.5,1,6.92,1
7,20,20241226,2.5,5,21.77,1
7,20,20250205,14.0,28,85.05,1
7,20,20250216,1.5,3,10.18,1
7,20,20250221,8.0,16,35.49,1
7,20,20250303,0.5,1,9.05,1
7,20,20250308,4.5,9,27.47,1
7,20,20250310,3.0,6,16.65,1
7,20,20250315,1.5,3,14.02,1
7,20,20250403,13.0,26,93.85,2
7,20,20250405,2.5,5,15.85,1
7,20,20250415,5.5,11,41.22,1
7,20,20250421,2.0,4,15.2,1
7,20,20250509,1.5,3,18.76,1
7,20,20250513,4.5,9,20.37,1
7,20,20250514,5.0,10,29.49,1
7,20,20250530,2.0,4,18.2,1
7,20,20250608,1.5,3,18.16,1
7,20,20250615,1.0,2,10.69,1
7,20,20250617,3.0,6,21.22,1
7,21,20240628,2.0,4,17.73,1
7,21,20240702,3.0,6,31.33,1
7,21,20240709,1.0,2,13.25,1
7,21,20240730,1.0,2,10.41,1
7,21,20240806,5.0,10,39.78,1
7,21,20240807,1.5,3,18.2,1
7,21,20240814,1.5,3,15.4,1
7,21,20240822,3.0,6,18.91,1
7,21,20240824,0.5,1,9.02,1
7,21,20240903,1.5,3,10.57,1
7,21,20240904,8.0,16,49.3,1
7,21,20240923,4.5,9,22.04,1
7,21,20241003,1.5,3,12.2,1
7,21,20241005,0.5,1,3.1,1
7,21,20241013,1.5,3,17.26,1
7,21,20241029,2.0,4,19.97,1
7,21,20241101,2.5,5,26.98,1
7,21,20241117,8.0,16,40.11,1
7,21,20241203,2.0,4,15.94,1
7,21,20241204,4.5,9,19.41,1
7,21,20241211,1.0,2,6.34,1
7,21,20241223,4.0,8,39.21,1
7,21,20250105,1.5,3,15.98,1
7,21,20250119,6.0,12,47.47,2
7,21,20250201,1.5,3,15.0,1
7,21,20250202,2.0,4,12.21,1
7,21,20250206,0.5,1,1.73,1
7,21,20250218,4.5,9,20.75,1
7,21,20250223,2.5,5,22.64,1
7,21,20250228,0.5,1,6.43,1
7,21,20250305,1.0,2,7.16,1
7,21,20250317,1.5,3,14.01,1
7,21,20250321,9.0,18,70.54,3
7,21,20250328,6.5,13,31.85,1
7,21,20250415,4.5,9,37.07,1
7,21,20250524,5.5,11,48.37,2
8,1,20240728,4.0,8,20.69,1
8,1,20240816,0.5,1,4.84,1
8,1,20241012,0.5,1,3.32,1
8,1,20241026,1.0,2,9.71,1
8,1,20241127,7.0,14,41.89,1
8,1,20241227,1.0,2,11.61,1
8,1,20250109,3.0,6,17.13,1
8,1,20250117,2.5,5,23.54,1
8,1,20250203,3.0,6,26.42,1
8,1,20250302,3.0,6,25.21,1
8,1,20250307,6.0,12,55.88,2
8,1,20250325,1.0,2,8.54,1
8,1,20250425,6.5,13,44.65,1
8,1,20250503,0.5,1,6.17,1
8,1,20250617,3.0,6,21.69,1
8,2,20240920,1.0,2,10.66,1
8,2,20240923,3.0,6,26.2,2
8,2,20241015,1.5,3,11.78,1
8,2,20241026,1.0,2,8.1,1
8,2,20241030,1.5,3,9.7,1
8,2,20241031,2.0,4,16.37,1
8,2,20241127,0.5,1,1.31,1
8,2,20250503,2.5,5,19.35,1
8,3,20240808,2.0,4,17.37,1
8,3,20240816,0.5,1,1.17,1
8,3,20240825,1.5,3,18.31,1
8,3,20240902,4.0,8,33.15,1
8,3,20240904,2.0,4,10.34,1
8,3,20241019,4.5,9,28.37,1
8,3,20241101,3.5,7,28.95,1
8,3,20241110,2.5,5,14.35,1
8,3,20241115,2.5,5,14.51,1
8,3,20241117,4.5,9,31.93,1
8,3,20241129,5.0,10,23.51,1
8,3,20241220,1.5,3,17.91,1
8,3,20250119,1.5,3,15.46,1
8,3,20250329,3.5,7,26.02,1
8,3,20250513,5.0,10,21.94,1
8,3,20250614,5.0,10,50.75,1
8,3,20250621,1.5,3,9.86,1
8,4,20240629,2.0,4,17.81,1
8,4,20240702,1.5,3,11.01,1
8,4,20240727,4.5,9,34.14,1
8,4,20240729,5.5,11,51.75,1
8,4,20240827,4.0,8,39.25,1
8,4,20240902,2.5,5,25.2,1
8,4,20240916,4.0,8,29.36,1
8,4,20241006,1.0,2,10.35,1
8,4,20241012,3.0,6,33.74,1
8,4,20250113,2.5,5,13.29,1
8,4,20250525,1.0,2,12.96,1
8,4,20250601,1.0,2,8.0,1
8,4,20250611,1.0,2,6.58,1
8,5,20240708,0.5,1,2.74,1
8,5,20240731,1.5,3,16.03,1
8,5,20240802,3.0,6,29.29,1
8,5,20240901,6.5,13,44.88,2
8,5,20240907,11.0,22,70.03,1
8,5,20241002,4.0,8,30.29,1
8,5,20241005,2.0,4,14.49,1
8,5,20241207,0.5,1,7.22,1
8,5,20241220,0.5,1,6.68,1
8,5,20250222,1.0,2,8.73,1
8,5,20250320,3.0,6,22.81,1
8,5,20250324,0.5,1,7.52,1
8,5,20250329,4.0,8,16.85,1
8,5,20250411,5.5,11,38.08,1
8,5,20250423,1.5,3,11.78,1
8,5,20250501,1.5,3,9.84,1
8,5,20250518,3.5,7,17.08,1
8,5,20250603,1.0,2,11.83,1
8,5,20250619,2.5,5,15.61,1
8,6,20240709,1.5,3,12.93,1
8,6,20240720,2.0,4,22.06,1
8,6,20240731,4.0,8,24.26,1
8,6,20240823,2.0,4,18.43,1
8,6,20240928,3.0,6,27.97,1
8,6,20241025,3.5,7,16.68,1
8,6,20241102,1.0,2,9.64,1
8,6,20241121,0.5,1,3.48,1
8,6,20250203,7.0,14,69.07,1
8,6,20250215,0.5,1,4.35,1
8,6,20250401,6.5,13,48.45,1
8,6,20250418,0.5,1,7.87,1
8,6,20250510,2.5,5,25.13,1
8,7,20240725,5.5,11,28.5,1
8,7,20240728,1.5,3,15.41,1
8,7,20240914,0.5,1,8.95,1
8,7,20240919,3.0,6,18.5,1
8,7,20241017,1.0,2,6.58,1
8,7,20241025,3.5,7,21.38,1
8,7,20241128,2.5,5,20.07,1
8,7,20250127,2.0,4,18.45,1
8,7,20250208,4.5,9,42.0,1
8,7,20250220,2.0,4,23.06,1
8,7,20250417,0.5,1,3.32,1
8,7,20250424,5.5,11,29.49,1
8,7,20250508,1.5,3,14.74,1
8,8,20240704,13.0,26,59.7,1
8,8,20240916,4.0,8,34.58,1
8,8,20240926,3.0,6,23.82,1
8,8,20241028,0.5,1,7.15,1
8,8,20241216,0.5,1,5.12,1
8,8,20250117,3.0,6,17.59,1
8,8,20250315,3.5,7,21.47,1
8,8,20250402,7.5,15,36.6,1
8,8,20250408,3.0,6,26.0,1
8,8,20250424,1.0,2,9.08,1
8,8,20250427,1.5,3,13.15,1
8,8,20250524,7.5,15,66.95,1
8,8,20250601,1.0,2,11.03,1
8,9,20240706,1.0,2,9.77,1
8,9,20240724,7.5,15,60.15,1
8,9,20240728,2.5,5,13.23,1
8,9,20240826,1.0,2,8.7,1
8,9,20240926,2.5,5,11.94,1
8,9,20241112,2.5,5,14.62,1
8,9,20241216,0.5,1,9.5,1
8,9,20250315,2.0,4,13.67,1
8,9,20250403,6.0,12,51.28,1
8,9,20250425,1.5,3,8.01,1
8,9,20250511,1.5,3,9.04,1
8,9,20250518,1.0,2,12.97,1
8,9,20250521,1.5,3,12.53,1
8,9,20250601,0.5,1,4.53,1
8,9,20250614,11.5,23,65.13,1
8,10,20240625,1.5,3,9.21,1
8,10,20240704,5.0,10,43.7,1
8,10,20240726,2.0,4,23.07,1
8,10,20240803,1.0,2,7.83,1
8,10,20240913,0.5,1,2.31,1
8,10,20241116,5.5,11,24.62,1
8,10,20250122,1.5,3,12.59,1
8,10,20250305,8.0,16,45.03,1
8,10,20250308,1.5,3,8.95,1
8,10,20250328,0.5,1,4.64,1
8,10,20250418,5.0,10,22.46,1
8,10,20250601,4.5,9,22.58,1
8,10,20250606,3.5,7,21.12,1
8,10,20250615,3.5,7,18.48,1
8,11,20240718,1.0,2,10.29,1
8,11,20240719,1.0,2,7.51,1
8,11,20240828,1.5,3,16.97,1
8,11,20240901,1.0,2,9.21,1
8,11,20240910,4.5,9,23.74,1
8,11,20240917,3.0,6,19.56,1
8,11,20241007,0.5,1,6.75,1
8,11,20241020,5.0,10,30.94,1
8,11,20241107,1.0,2,6.11,1
8,11,20241212,1.5,3,9.24,1
8,11,20250107,1.5,3,13.27,1
8,11,20250213,0.5,1,1.62,1
8,11,20250215,0.5,1,7.74,1
8,11,20250430,5.0,10,34.66,1
8,11,20250610,0.5,1,6.96,1
8,11,20250620,5.5,11,32.42,1
8,11,20250622,2.0,4,11.19,1
8,12,20240701,6.5,13,34.77,1
8,12,20240709,3.5,7,27.61,1
8,12,20240820,1.5,3,14.67,1
8,12,20240828,3.0,6,12.75,1
8,12,20241213,1.0,2,9.66,1
8,12,20250119,6.5,13,35.94,1
8,12,20250211,2.5,5,12.79,1
8,12,20250401,1.0,2,8.52,1
8,12,20250411,3.5,7,23.14,1
8,12,20250523,0.5,1,8.65,1
8,12,20250525,0.5,1,3.07,1
8,13,20240628,4.0,8,19.06,1
8,13,20240701,1.0,2,8.65,1
8,13,20240815,1.0,2,10.56,1
8,13,20240905,1.0,2,10.31,1
8,13,20240917,1.5,3,16.13,1
8,13,20241019,2.0,4,19.35,1
8,13,20241022,1.0,2,8.92,1
8,13,20241106,2.5,5,15.85,1
8,13,20250105,1.0,2,6.06,1
8,13,20250210,0.5,1,1.14,1
8,13,20250224,3.0,6,24.52,1
8,13,20250306,3.0,6,20.0,1
8,13,20250401,2.0,4,19.67,1
8,13,20250412,1.5,3,16.0,1
8,13,20250608,6.0,12,42.35,1
8,13,20250609,2.0,4,19.79,1
8,13,20250618,4.5,9,24.39,1
8,14,20240628,0.5,1,5.85,1
8,14,20240802,4.5,9,25.62,1
8,14,20240820,4.0,8,22.26,1
8,14,20240920,4.5,9,33.15,1
8,14,20241022,0.5,1,5.28,1
8,14,20241220,6.0,12,44.88,1
8,14,20250107,4.5,9,26.93,1
8,14,20250119,0.5,1,3.05,1
8,14,20250216,3.0,6,18.13,1
8,14,20250302,1.0,2,12.2,1
8,14,20250321,2.5,5,12.18,1
8,14,20250420,0.5,1,1.91,1
8,14,20250511,10.0,20,58.8,1
8,14,20250531,3.5,7,14.78,1
8,14,20250624,1.0,2,7.16,1
8,15,20240627,9.0,18,71.7,2
8,15,20240714,1.5,3,10.92,1
8,15,20240721,1.5,3,17.21,1
8,15,20240804,0.5,1,4.48,1
8,15,20240816,0.5,1,2.18,1
8,15,20240828,3.5,7,20.35,1
8,15,20240913,0.5,1,4.62,1
8,15,20241008,1.5,3,11.58,1
8,15,20241011,1.0,2,12.41,1
8,15,20241014,0.5,1,3.49,1
8,15,20241017,4.0,8,26.64,1
8,15,20241209,3.5,7,15.27,1
8,15,20241211,5.5,11,35.22,1
8,15,20241212,5.0,10,30.91,1
8,15,20241221,3.0,6,21.01,1
8,15,20241225,3.0,6,27.74,1
8,15,20250118,2.0,4,11.98,1
8,15,20250214,2.5,5,25.43,1
8,15,20250222,1.5,3,11.44,1
8,15,20250319,0.5,1,5.5,1
8,15,20250408,0.5,1,7.34,1
8,15,20250420,2.5,5,22.39,1
8,15,20250422,2.5,5,20.35,2
8,15,20250618,2.0,4,17.29,1
8,15,20250620,2.0,4,17.43,1
8,15,20250621,1.0,2,9.13,1
8,16,20240624,0.5,1,4.0,1
8,16,20240625,3.5,7,19.22,1
8,16,20240630,5.5,11,36.72,1
8,16,20240712,8.0,16,64.54,1
8,16,20240713,1.0,2,11.97,1
8,16,20240806,7.5,15,55.06,1
8,16,20240812,1.0,2,4.8,1
8,16,20240816,2.0,4,11.36,1
8,16,20240817,4.0,8,20.11,1
8,16,20240819,2.0,4,22.03,1
8,16,20240829,1.0,2,10.36,1
8,16,20240909,1.0,2,6.83,1
8,16,20240919,2.0,4,21.44,1
8,16,20240921,1.0,2,6.16,1
8,16,20241002,2.0,4,14.3,1
8,16,20241006,3.5,7,19.11,1
8,16,20241009,0.5,1,2.85,1
8,16,20241018,8.5,17,51.66,1
8,16,20241114,8.0,16,48.74,1
8,16,20241119,1.5,3,17.24,1
8,16,20241205,2.0,4,11.72,1
8,16,20241210,3.0,6,26.33,1
8,16,20241217,2.5,5,15.2,1
8,16,20241220,0.5,1,4.83,1
8,16,20241224,1.5,3,16.28,1
8,16,20241225,7.5,15,39.65,2
8,16,20250101,3.0,6,13.98,1
8,16,20250116,1.5,3,15.32,1
8,16,20250131,0.5,1,3.57,1
8,16,20250215,4.5,9,47.16,2
8,16,20250217,4.0,8,26.07,1
8,16,20250224,0.5,1,6.04,1
8,16,20250320,8.0,16,41.55,1
8,16,20250330,2.0,4,17.4,1
8,16,20250410,1.0,2,9.57,1
8,16,20250411,1.5,3,16.96,1
8,16,20250416,1.0,2,6.73,1
8,16,20250424,19.0,38,82.34,1
8,16,20250430,3.5,7,32.88,1
8,16,20250504,3.0,6,24.37,1
8,16,20250508,1.5,3,17.25,1
8,16,20250509,1.5,3,8.75,1
8,16,20250511,5.5,11,40.4,1
8,17,20240704,1.0,2,8.57,1
8,17,20240711,6.0,12,44.54,1
8,17,20240714,1.5,3,14.71,1
8,17,20240825,5.0,10,41.84,1
8,17,20240826,4.5,9,33.92,1
8,17,20240827,0.5,1,3.69,1
8,17,20240831,7.0,14,62.82,1
8,17,20240914,3.5,7,33.99,2
8,17,20240920,2.5,5,17.96,1
8,17,20240925,7.5,15,41.42,2
8,17,20241008,3.0,6,16.6,1
8,17,20241010,0.5,1,8.21,1
8,17,20241013,0.5,1,1.45,1
8,17,20241015,0.5,1,5.8,1
8,17,20241018,5.5,11,35.44,1
8,17,20241026,2.0,4,15.96,1
8,17,20241030,1.0,2,4.99,1
8,17,20241106,0.5,1,3.03,1
8,17,20241107,1.0,2,10.57,1
8,17,20241113,1.5,3,16.86,1
8,17,20241115,1.5,3,11.95,1
8,17,20241118,1.5,3,16.89,1
8,17,20241119,3.5,7,33.38,1
8,17,20241124,3.0,6,24.64,1
8,17,20241130,0.5,1,7.6,1
8,17,20241202,0.5,1,6.84,1
8,17,20241215,0.5,1,5.1,1
8,17,20241220,7.5,15,42.49,1
8,17,20250102,4.0,8,32.36,3
8,17,20250111,2.5,5,25.97,1
8,17,20250117,1.5,3,13.29,1
8,17,20250120,6.0,12,32.15,2
8,17,20250128,3.0,6,28.16,1
8,17,20250202,2.5,5,16.6,3
8,17,20250222,1.5,3,11.83,1
8,17,20250225,2.0,4,9.18,1
8,17,20250311,0.5,1,3.82,1
8,17,20250406,4.0,8,27.01,1
8,17,20250417,1.0,2,6.39,1
8,17,20250504,4.5,9,26.4,1
8,17,20250526,1.5,3,16.03,1
8,17,20250612,6.5,13,33.27,1
8,17,20250613,2.0,4,21.59,1
8,17,20250620,3.5,7,28.67,1
8,18,20240702,1.0,2,11.61,1
8,18,20240705,1.5,3,16.42,1
8,18,20240707,6.5,13,57.11,1
8,18,20240712,0.5,1,9.73,1
8,18,20240715,2.0,4,20.47,1
8,18,20240721,3.0,6,14.84,1
8,18,20240803,2.0,4,13.56,1
8,18,20240810,1.5,3,15.55,1
8,18,20240818,6.0,12,38.15,1
8,18,20240830,4.0,8,27.21,1
8,18,20240902,1.5,3,7.76,1
8,18,20240904,2.5,5,27.07,1
8,18,20240914,2.5,5,20.4,1
8,18,20241113,2.0,4,17.92,1
8,18,20241129,9.5,19,49.02,2
8,18,20241224,8.5,17,37.23,1
8,18,20241231,1.0,2,11.97,1
8,18,20250105,4.5,9,36.41,1
8,18,20250109,0.5,1,3.01,1
8,18,20250121,2.5,5,16.57,1
8,18,20250124,0.5,1,0.54,1
8,18,20250217,0.5,1,3.4,1
8,18,20250219,1.0,2,7.67,1
8,18,20250303,3.5,7,29.15,1
8,18,20250305,2.0,4,10.42,1
8,18,20250308,1.5,3,10.38,1
8,18,20250331,4.0,8,28.16,1
8,18,20250422,1.5,3,12.53,1
8,18,20250504,1.0,2,5.89,1
8,18,20250505,2.0,4,13.55,1
8,18,20250508,1.0,2,10.15,1
8,18,20250512,1.5,3,13.27,1
8,18,20250515,3.5,7,30.43,1
8,18,20250527,1.5,3,7.94,1
8,18,20250603,2.5,5,24.43,1
8,18,20250622,2.5,5,12.25,1
8,18,20250624,0.5,1,4.06,1
8,19,20240624,0.5,1,3.86,1
8,19,20240710,1.0,2,6.29,1
8,19,20240716,0.5,1,5.65,1
8,19,20240725,0.5,1,2.96,1
8,19,20240818,1.0,2,14.31,1
8,19,20240908,1.0,2,11.29,1
8,19,20240911,3.0,6,23.34,1
8,19,20240913,2.5,5,23.86,1
8,19,20240927,3.5,7,19.37,1
8,19,20241016,0.5,1,4.61,1
8,19,20241021,0.5,1,2.46,1
8,19,20241106,1.5,3,7.75,1
8,19,20241115,2.0,4,13.46,1
8,19,20241116,4.0,8,39.16,1
8,19,20241206,1.0,2,10.15,1
8,19,20241209,0.5,1,4.48,1
8,19,20241216,2.0,4,16.82,1
8,19,20241217,6.5,13,53.12,1
8,19,20241225,7.5,15,51.98,1
8,19,20241231,1.0,2,11.53,1
8,19,20250101,7.0,14,48.9,1
8,19,20250113,1.5,3,12.42,1
8,19,20250126,6.0,12,29.66,1
8,19,20250130,3.5,7,26.61,1
8,19,20250201,3.5,7,28.38,1
8,19,20250310,3.5,7,21.09,1
8,19,20250312,1.5,3,16.53,1
8,19,20250319,1.5,3,11.77,1
8,19,20250401,3.5,7,20.25,1
8,19,20250406,1.0,2,7.38,1
8,19,20250411,2.0,4,15.21,1
8,19,20250415,3.0,6,28.58,1
8,19,20250417,3.0,6,15.94,1
8,19,20250430,2.5,5,16.29,1
8,19,20250510,3.0,6,24.42,1
8,19,20250516,9.0,18,56.96,1
8,19,20250519,1.5,3,16.17,1
8,19,20250526,4.0,8,25.63,1
8,19,20250612,0.5,1,3.36,1
8,19,20250614,3.5,7,24.61,1
8,19,20250620,4.0,8,24.44,1
8,20,20240710,1.5,3,7.55,1
8,20,20240715,3.0,6,18.14,1
8,20,20240726,2.0,4,19.31,1
8,20,20240805,4.5,9,34.66,1
8,20,20240815,0.5,1,2.75,1
8,20,20240819,1.5,3,15.56,1
8,20,20240827,4.0,8,26.45,1
8,20,20240901,0.5,1,5.31,1
8,20,20240910,4.0,8,29.85,1
8,20,20240919,2.0,4,10.33,1
8,20,20241004,3.5,7,31.89,1
8,20,20241005,3.0,6,31.23,1
8,20,20241006,4.0,8,24.42,1
8,20,20241013,3.0,6,21.44,1
8,20,20241014,2.0,4,13.37,1
8,20,20241017,0.5,1,5.44,1
8,20,20241023,1.0,2,10.03,1
8,20,20241024,1.5,3,12.81,1
8,20,20241103,2.5,5,17.31,1
8,20,20241108,2.0,4,20.35,1
8,20,20241112,1.0,2,13.44,1
8,20,20241113,2.0,4,22.8,1
8,20,20241118,4.5,9,23.32,1
8,20,20241206,4.0,8,29.29,1
8,20,20250101,3.0,6,20.77,1
8,20,20250121,11.0,22,99.57,1
8,20,20250122,1.0,2,10.36,1
8,20,20250214,4.0,8,31.76,1
8,20,20250221,1.5,3,14.27,1
8,20,20250223,1.0,2,5.97,1
8,20,20250224,2.0,4,11.33,1
8,20,20250226,1.5,3,11.28,1
8,20,20250404,2.5,5,27.33,1
8,20,20250407,1.0,2,11.54,1
8,20,20250420,5.0,10,32.12,1
8,20,20250503,0.5,1,1.3,1
8,20,20250508,2.0,4,14.96,1
8,20,20250518,0.5,1,3.69,1
8,20,20250521,1.0,2,12.74,1
8,20,20250604,3.5,7,32.74,1
8,20,20250605,0.5,1,5.09,1
8,20,20250621,2.0,4,22.26,1
8,21,20240717,3.0,6,20.83,1
8,21,20240721,2.0,4,15.3,1
8,21,20240729,9.0,18,47.92,1
8,21,20240803,1.5,3,13.92,1
8,21,20240903,2.0,4,20.7,1
8,21,20240907,0.5,1,3.78,1
8,21,20240916,2.0,4,8.87,1
8,21,20240927,0.5,1,2.77,1
8,21,20241021,2.0,4,12.22,1
8,21,20241023,0.5,1,3.07,1
8,21,20241025,2.5,5,24.87,1
8,21,20241027,3.0,6,25.23,1
8,21,20241030,2.0,4,21.66,1
8,21,20241101,4.5,9,25.21,1
8,21,20241114,1.5,3,13.43,1
8,21,20241202,2.0,4,18.01,1
8,21,20241204,8.5,17,70.16,2
8,21,20241215,2.0,4,14.63,1
8,21,20250101,0.5,1,4.54,1
8,21,20250103,9.0,18,47.32,2
8,21,20250110,8.5,17,56.72,1
8,21,20250119,2.5,5,19.52,1
8,21,20250124,2.5,5,14.05,1
8,21,20250125,6.0,12,36.64,1
8,21,20250126,6.0,12,29.25,1
8,21,20250129,6.0,12,37.83,1
8,21,20250203,2.0,4,22.0,1
8,21,20250228,3.0,6,14.73,1
8,21,20250301,7.5,15,35.04,1
8,21,20250312,1.5,3,16.38,1
8,21,20250318,4.5,9,28.12,1
8,21,20250325,2.5,5,24.15,1
8,21,20250423,2.0,4,17.25,1
8,21,20250424,0.5,1,2.62,1
8,21,20250504,1.5,3,14.88,1
8,21,20250531,1.0,2,8.7,1
8,21,20250614,7.5,15,40.67,1
9,1,20240624,0.5,1,0.84,1
9,1,20240704,0.5,1,5.63,1
9,1,20240808,2.0,4,12.48,1
9,1,20240814,1.0,2,9.84,1
9,1,20241004,1.5,3,14.83,1
9,1,20250216,2.0,4,9.52,1
9,1,20250330,3.5,7,23.17,1
9,1,20250415,3.0,6,23.33,2
9,1,20250526,2.0,4,14.49,1
9,1,20250527,1.5,3,14.93,1
9,2,20240903,8.5,17,62.93,1
9,2,20240905,2.5,5,21.37,1
9,2,20240926,4.0,8,37.16,1
9,2,20241015,1.5,3,9.22,1
9,2,20241101,4.5,9,43.12,1
9,2,20241205,0.5,1,3.08,1
9,2,20241210,2.0,4,14.19,1
9,2,20250113,3.0,6,23.44,1
9,2,20250309,6.0,12,57.08,1
9,2,20250331,6.0,12,35.64,1
9,2,20250617,0.5,1,4.03,1
9,2,20250619,1.5,3,11.02,1
9,3,20240715,2.5,5,22.25,1
9,3,20240814,4.5,9,22.31,1
9,3,20241019,3.0,6,28.56,1
9,3,20241020,3.5,7,25.19,1
9,3,20241115,2.0,4,9.11,1
9,3,20241124,3.5,7,20.17,1
9,3,20241209,13.0,26,72.04,1
9,3,20241225,8.0,16,50.9,1
9,3,20250120,3.0,6,18.22,1
9,3,20250128,2.0,4,16.9,1
9,3,20250205,4.5,9,32.91,2
9,3,20250404,6.0,12,26.06,1
9,3,20250502,3.5,7,21.59,1
9,3,20250522,0.5,1,5.91,1
9,3,20250611,0.5,1,1.45,1
9,4,20240814,6.0,12,33.36,1
9,4,20240903,13.5,27,63.06,1
9,4,20240915,6.0,12,26.08,1
9,4,20241020,3.5,7,27.76,1
9,4,20241028,1.5,3,8.73,1
9,4,20241227,0.5,1,1.03,1
9,4,20250119,1.5,3,11.98,1
9,4,20250121,3.0,6,26.54,1
9,4,20250414,5.0,10,47.83,1
9,4,20250421,1.0,2,11.89,1
9,4,20250520,4.0,8,18.67,1
9,4,20250530,3.5,7,19.77,1
9,4,20250622,2.5,5,19.81,1
9,5,20240827,4.5,9,20.42,1
9,5,20240901,0.5,1,1.96,1
9,5,20240910,0.5,1,7.26,1
9,5,20241017,1.0,2,6.91,1
9,5,20241021,7.0,14,53.58,1
9,5,20241110,4.0,8,17.46,1
9,5,20241128,1.5,3,10.61,1
9,5,20241217,4.0,8,20.59,1
9,5,20250109,1.0,2,12.49,1
9,5,20250114,2.5,5,24.25,1
9,5,20250125,5.5,11,29.52,1
9,5,20250213,7.5,15,32.21,1
9,5,20250403,4.5,9,40.39,1
9,5,20250430,2.0,4,18.57,1
9,5,20250504,1.5,3,12.9,1
9,5,20250512,3.5,7,32.0,1
9,5,20250526,2.0,4,11.31,1
9,5,20250601,8.0,16,69.85,1
9,6,20240827,1.5,3,14.85,1
9,6,20240828,1.5,3,11.51,1
9,6,20240903,11.0,22,45.75,1
9,6,20240905,1.0,2,10.8,1
9,6,20241007,5.5,11,39.62,1
9,6,20241120,3.0,6,18.94,1
9,6,20250218,4.5,9,29.41,1
9,6,20250409,0.5,1,3.81,1
9,6,20250515,2.0,4,15.41,1
9,7,20240710,4.5,9,43.32,1
9,7,20240712,3.5,7,17.85,1
9,7,20240715,6.0,12,42.5,1
9,7,20240805,1.0,2,10.53,1
9,7,20240826,1.5,3,15.97,1
9,7,20240905,5.0,10,33.16,1
9,7,20241031,1.0,2,7.53,1
9,7,20241107,3.5,7,32.1,1
9,7,20241127,4.5,9,24.06,1
9,7,20241206,3.0,6,24.94,1
9,7,20241216,5.0,10,25.27,1
9,7,20250121,3.5,7,27.59,1
9,7,20250207,2.0,4,14.96,1
9,7,20250227,2.5,5,20.55,1
9,7,20250307,3.0,6,33.21,1
9,7,20250319,0.5,1,3.27,1
9,7,20250324,5.5,11,39.84,1
9,7,20250416,2.0,4,18.26,1
9,7,20250604,1.5,3,9.08,1
9,8,20240726,3.5,7,21.25,1
9,8,20240728,1.0,2,7.39,1
9,8,20240821,2.0,4,17.75,1
9,8,20240916,15.5,31,66.27,1
9,8,20241006,0.5,1,2.38,1
9,8,20241101,2.5,5,16.22,1
9,8,20241204,3.5,7,26.87,1
9,8,20250109,1.0,2,7.62,1
9,8,20250112,1.5,3,15.22,1
9,8,20250113,1.0,2,7.2,2
9,8,20250126,3.0,6,13.46,1
9,8,20250409,2.0,4,12.18,1
9,8,20250502,1.5,3,6.96,1
9,8,20250507,3.5,7,26.5,1
9,8,20250513,1.0,2,8.85,1
9,9,20240711,1.0,2,6.77,1
9,9,20240728,1.0,2,10.48,1
9,9,20240830,1.0,2,8.83,1
9,9,20240927,0.5,1,3.88,1
9,9,20241003,1.5,3,13.5,1
9,9,20241125,1.0,2,10.96,1
9,9,20250108,1.5,3,13.0,1
9,9,20250116,1.5,3,10.57,1
9,9,20250210,3.0,6,21.23,1
9,9,20250218,3.0,6,25.83,1
9,9,20250309,4.5,9,24.97,1
9,9,20250502,1.0,2,12.71,1
9,9,20250511,0.5,1,2.57,1
9,9,20250617,3.5,7,16.89,1
9,10,20240821,1.0,2,7.23,1
9,10,20240823,3.5,7,33.55,1
9,10,20240907,1.5,3,14.33,1
9,10,20240923,1.5,3,9.88,1
9,10,20240926,6.0,12,38.62,1
9,10,20240930,8.0,16,54.03,1
9,10,20241022,0.5,1,0.23,1
9,10,20250130,1.5,3,18.1,1
9,10,20250207,5.0,10,26.43,1
9,10,20250212,4.0,8,38.92,1
9,10,20250313,6.0,12,48.23,1
9,10,20250318,6.0,12,61.23,2
9,10,20250324,6.0,12,30.27,1
9,10,20250522,3.5,7,32.24,2
9,11,20240625,1.5,3,15.39,1
9,11,20240630,3.0,6,28.7,1
9,11,20240714,1.0,2,9.12,1
9,11,20240728,2.0,4,10.81,1
9,11,20240831,2.0,4,21.03,1
9,11,20240916,4.0,8,17.58,1
9,11,20240930,3.0,6,22.29,1
9,11,20241007,3.5,7,30.77,1
9,11,20241016,1.0,2,7.83,1
9,11,20241224,1.0,2,11.55,1
9,11,20250102,1.0,2,10.62,1
9,11,20250115,1.5,3,17.85,1
9,11,20250209,0.5,1,6.62,1
9,11,20250224,2.5,5,26.31,1
9,11,20250311,3.0,6,19.88,1
9,11,20250422,1.5,3,13.9,2
9,11,20250426,1.5,3,8.47,1
9,11,20250531,4.0,8,36.73,1
9,11,20250620,0.5,1,6.51,1
9,12,20240716,5.0,10,38.31,1
9,12,20240727,2.0,4,14.44,1
9,12,20240730,2.5,5,20.85,1
9,12,20240802,2.0,4,19.53,1
9,12,20240901,2.0,4,17.1,1
9,12,20241010,0.5,1,1.78,1
9,12,20241205,0.5,1,2.84,1
9,12,20250102,2.0,4,9.22,1
9,12,20250202,0.5,1,4.81,1
9,12,20250204,3.0,6,22.55,1
9,12,20250208,1.5,3,12.27,1
9,12,20250210,0.5,1,1.58,1
9,12,20250222,1.0,2,8.73,1
9,12,20250225,3.5,7,20.18,1
9,12,20250302,9.0,18,55.24,1
9,12,20250412,3.0,6,13.85,1
9,12,20250522,0.5,1,1.53,1
9,12,20250607,1.0,2,9.79,1
9,12,20250613,2.5,5,18.65,1
9,13,20240627,1.5,3,14.56,1
9,13,20240706,5.5,11,24.71,1
9,13,20240809,9.0,18,71.83,1
9,13,20240813,1.0,2,9.3,1
9,13,20240815,5.0,10,23.25,1
9,13,20240929,0.5,1,1.38,1
9,13,20241002,4.5,9,23.19,1
9,13,20241016,4.0,8,27.16,1
9,13,20241028,5.5,11,55.63,1
9,13,20241227,1.5,3,15.57,1
9,13,20250113,9.0,18,42.13,1
9,13,20250129,3.5,7,21.05,1
9,13,20250205,3.0,6,14.45,1
9,13,20250217,1.0,2,5.56,1
9,13,20250218,0.5,1,3.81,1
9,13,20250323,1.5,3,16.47,1
9,14,20240709,5.0,10,37.96,1
9,14,20240729,2.0,4,17.32,1
9,14,20240731,1.0,2,5.11,1
9,14,20240825,5.0,10,30.3,1
9,14,20240904,7.0,14,65.25,1
9,14,20240905,5.5,11,22.68,1
9,14,20241009,6.0,12,31.92,1
9,14,20241024,2.0,4,16.15,1
9,14,20241026,3.0,6,16.88,1
9,14,20241111,3.5,7,34.66,1
9,14,20241115,2.5,5,20.43,1
9,14,20241128,1.0,2,8.45,1
9,14,20241218,4.0,8,19.89,1
9,14,20250111,1.5,3,16.55,1
9,14,20250202,2.5,5,21.93,1
9,14,20250317,3.5,7,18.45,1
9,14,20250424,0.5,1,2.16,1
9,14,20250505,2.0,4,9.32,1
9,14,20250521,5.0,10,52.39,1
9,14,20250610,3.5,7,34.49,1
9,15,20240627,6.5,13,46.31,1
9,15,20240703,2.0,4,15.26,1
9,15,20240713,5.0,10,38.18,1
9,15,20240726,5.5,11,24.74,1
9,15,20240728,2.0,4,17.72,1
9,15,20240802,10.0,20,48.9,1
9,15,20240808,1.0,2,7.26,1
9,15,20240809,1.0,2,10.39,1
9,15,20240819,1.0,2,6.83,1
9,15,20240915,0.5,1,6.53,1
9,15,20240922,5.5,11,35.19,1
9,15,20241006,3.5,7,35.31,1
9,15,20241007,3.0,6,13.18,1
9,15,20241012,0.5,1,2.32,1
9,15,20241015,1.5,3,9.73,1
9,15,20241029,0.5,1,5.82,1
9,15,20241030,2.0,4,11.99,1
9,15,20241214,3.5,7,34.72,1
9,15,20241220,0.5,1,7.31,1
9,15,20250109,3.5,7,28.38,1
9,15,20250119,1.0,2,10.06,1
9,15,20250127,7.5,15,43.04,1
9,15,20250129,0.5,1,4.42,1
9,15,20250130,5.0,10,23.15,1
9,15,20250214,3.0,6,26.26,1
9,15,20250316,3.0,6,20.04,1
9,15,20250319,11.0,22,50.97,1
9,15,20250402,16.5,33,81.47,1
9,15,20250404,0.5,1,4.67,1
9,15,20250406,4.0,8,22.79,1
9,15,20250412,6.5,13,53.7,2
9,15,20250427,4.0,8,35.5,1
9,15,20250522,1.0,2,8.92,1
9,15,20250524,1.0,2,6.09,1
9,15,20250529,1.5,3,16.92,1
9,15,20250607,1.5,3,8.96,1
9,15,20250615,2.0,4,19.03,1
9,15,20250620,3.5,7,24.01,1
9,16,20240708,1.0,2,8.81,1
9,16,20240712,3.0,6,15.73,1
9,16,20240714,6.5,13,58.19,2
9,16,20240730,3.5,7,31.29,1
9,16,20240801,3.0,6,19.12,1
9,16,20240817,0.5,1,8.44,1
9,16,20240826,1.0,2,13.37,1
9,16,20240831,5.5,11,28.48,1
9,16,20240909,4.5,9,33.04,1
9,16,20240914,3.0,6,26.29,1
9,16,20241002,6.0,12,42.98,3
9,16,20241005,1.5,3,16.71,1
9,16,20241008,6.0,12,55.6,1
9,16,20241010,4.0,8,22.04,1
9,16,20241013,3.0,6,21.64,1
9,16,20241102,0.5,1,5.4,1
9,16,20241130,6.0,12,60.65,1
9,16,20241203,1.0,2,8.6,1
9,16,20241214,7.0,14,53.89,1
9,16,20250108,4.5,9,29.22,1
9,16,20250116,4.5,9,26.71,1
9,16,20250202,7.5,15,37.35,1
9,16,20250307,5.5,11,54.52,1
9,16,20250316,1.5,3,16.39,1
9,16,20250321,4.5,9,24.15,1
9,16,20250328,6.0,12,34.54,1
9,16,20250330,1.0,2,12.48,1
9,16,20250406,5.0,10,27.77,1
9,16,20250416,4.5,9,19.03,1
9,16,20250509,1.5,3,9.08,1
9,16,20250512,1.5,3,8.24,1
9,16,20250516,1.0,2,10.38,1
9,16,20250518,1.5,3,11.48,1
9,16,20250522,0.5,1,8.7,1
9,16,20250525,2.0,4,21.0,1
9,16,20250528,2.0,4,16.06,1
9,16,20250607,8.0,16,43.42,1
9,16,20250614,3.0,6,20.89,1
9,16,20250621,0.5,1,2.25,1
9,17,20240730,3.5,7,29.78,1
9,17,20240816,2.0,4,20.88,1
9,17,20240822,1.5,3,11.71,1
9,17,20240829,2.0,4,12.55,1
9,17,20240902,1.5,3,14.63,1
9,17,20240922,4.0,8,29.45,1
9,17,20240925,2.5,5,16.35,1
9,17,20241013,1.5,3,12.29,1
9,17,20241016,1.0,2,8.45,1
9,17,20241107,1.0,2,8.48,1
9,17,20241121,2.5,5,15.09,1
9,17,20241207,4.0,8,23.92,1
9,17,20241218,1.5,3,15.19,1
9,17,20241223,2.0,4,16.13,1
9,17,20241224,11.5,23,77.76,2
9,17,20250101,1.0,2,11.1,1
9,17,20250102,2.5,5,26.5,1
9,17,20250112,5.5,11,41.4,1
9,17,20250115,0.5,1,3.04,1
9,17,20250130,0.5,1,4.42,1
9,17,20250204,2.5,5,12.29,1
9,17,20250209,2.0,4,16.14,1
9,17,20250325,1.5,3,15.49,1
9,17,20250331,1.0,2,8.83,1
9,17,20250401,1.5,3,15.11,1
9,17,20250414,5.0,10,22.07,1
9,17,20250420,3.5,7,19.04,1
9,17,20250501,2.0,4,17.13,1
9,17,20250502,7.5,15,35.93,1
9,17,20250512,1.0,2,10.42,1
9,17,20250620,7.5,15,44.25,1
9,17,20250624,5.0,10,32.39,1
9,18,20240629,4.0,8,24.72,1
9,18,20240716,0.5,1,2.37,1
9,18,20240723,2.0,4,23.29,1
9,18,20240729,0.5,1,1.63,1
9,18,20240730,4.5,9,26.76,1
9,18,20240803,1.0,2,8.52,1
9,18,20240811,3.0,6,32.62,1
9,18,20240820,1.5,3,12.11,1
9,18,20240912,0.5,1,8.99,1
9,18,20240915,1.5,3,15.62,2
9,18,20240920,1.0,2,9.24,1
9,18,20240930,0.5,1,5.74,1
9,18,20241002,1.0,2,9.88,1
9,18,20241005,2.0,4,19.07,1
9,18,20241118,5.5,11,37.54,1
9,18,20241129,1.0,2,6.35,1
9,18,20241211,3.5,7,26.64,1
9,18,20241212,1.0,2,8.48,1
9,18,20241213,3.0,6,30.81,1
9,18,20241223,0.5,1,6.89,1
9,18,20241227,8.5,17,62.08,1
9,18,20250109,2.0,4,14.38,1
9,18,20250120,0.5,1,2.25,1
9,18,20250225,0.5,1,2.48,1
9,18,20250228,6.5,13,32.18,1
9,18,20250306,2.0,4,11.61,1
9,18,20250314,1.0,2,11.38,1
9,18,20250319,1.0,2,14.04,1
9,18,20250408,2.0,4,20.18,1
9,18,20250414,2.5,5,18.92,1
9,18,20250424,5.5,11,37.84,1
9,18,20250516,5.0,10,26.85,1
9,18,20250525,1.0,2,7.93,1
9,18,20250528,1.5,3,6.15,1
9,18,20250529,4.0,8,45.02,2
9,18,20250617,0.5,1,3.51,1
9,18,20250620,0.5,1,3.44,1
9,18,20250624,4.0,8,26.02,1
9,19,20240626,1.0,2,10.07,1
9,19,20240628,2.5,5,18.55,1
9,19,20240705,2.0,4,18.99,1
9,19,20240706,1.0,2,13.55,1
9,19,20240715,2.5,5,19.39,1
9,19,20240729,1.0,2,11.28,1
9,19,20240805,3.5,7,31.41,1
9,19,20240815,2.0,4,20.96,1
9,19,20240823,10.0,20,87.75,1
9,19,20240908,2.5,5,14.32,1
9,19,20241004,2.5,5,14.97,1
9,19,20241026,2.5,5,23.45,1
9,19,20241029,6.0,12,53.02,2
9,19,20241125,3.0,6,24.98,1
9,19,20241206,4.5,9,21.7,1
9,19,20241208,0.5,1,6.48,1
9,19,20241214,3.5,7,22.0,1
9,19,20241226,0.5,1,2.21,1
9,19,20250203,0.5,1,5.54,1
9,19,20250207,2.5,5,21.76,1
9,19,20250209,0.5,1,7.29,1
9,19,20250213,1.5,3,13.91,1
9,19,20250223,0.5,1,5.37,1
9,19,20250317,2.5,5,15.49,1
9,19,20250319,0.5,1,4.87,1
9,19,20250328,4.0,8,19.43,1
9,19,20250403,7.5,15,31.94,1
9,19,20250404,9.0,18,37.14,1
9,19,20250416,2.0,4,16.43,1
9,19,20250429,1.5,3,13.26,1
9,19,20250520,0.5,1,6.99,1
9,19,20250523,3.5,7,23.26,1
9,19,20250527,2.0,4,17.22,1
9,19,20250601,1.0,2,11.02,1
9,20,20240719,9.0,18,68.58,2
9,20,20240802,3.5,7,16.76,1
9,20,20240806,0.5,1,5.22,1
9,20,20240816,3.0,6,14.23,1
9,20,20240902,1.5,3,18.58,1
9,20,20240915,1.5,3,11.91,1
9,20,20240924,2.5,5,16.03,1
9,20,20240926,1.5,3,16.88,1
9,20,20241003,2.5,5,24.6,1
9,20,20241005,1.5,3,12.89,1
9,20,20241010,1.5,3,15.28,1
9,20,20241015,4.0,8,27.13,1
9,20,20241023,3.0,6,26.07,1
9,20,20241027,3.5,7,16.45,1
9,20,20241029,5.0,10,27.24,1
9,20,20241103,1.5,3,14.7,1
9,20,20241108,1.5,3,14.84,1
9,20,20241111,3.0,6,31.16,1
9,20,20241122,0.5,1,3.27,1
9,20,20241206,3.0,6,23.26,1
9,20,20241217,2.0,4,18.05,1
9,20,20241220,0.5,1,5.3,1
9,20,20241224,1.0,2,11.68,1
9,20,20241227,0.5,1,3.41,1
9,20,20250108,0.5,1,5.51,1
9,20,20250119,1.0,2,9.08,1
9,20,20250120,5.0,10,28.67,1
9,20,20250129,2.0,4,21.31,1
9,20,20250218,2.5,5,15.06,1
9,20,20250227,3.0,6,20.48,1
9,20,20250301,2.0,4,10.65,1
9,20,20250312,1.5,3,19.46,1
9,20,20250315,7.5,15,34.92,1
9,20,20250412,1.5,3,10.32,1
9,20,20250424,2.5,5,14.31,1
9,20,20250501,2.0,4,18.34,1
9,20,20250503,4.0,8,18.32,1
9,20,20250513,2.0,4,11.44,1
9,20,20250525,2.0,4,9.99,1
9,20,20250530,2.5,5,20.1,1
9,20,20250606,1.0,2,7.75,1
9,20,20250608,0.5,1,8.6,1
9,20,20250615,2.0,4,22.63,1
9,20,20250617,7.5,15,39.32,1
9,21,20240625,3.0,6,15.49,1
9,21,20240708,4.0,8,20.45,1
9,21,20240710,5.5,11,28.89,1
9,21,20240724,5.0,10,24.9,1
9,21,20240802,0.5,1,2.32,1
9,21,20240805,4.0,8,20.59,1
9,21,20240808,1.5,3,13.6,1
9,21,20240826,5.5,11,27.59,2
9,21,20240831,2.5,5,20.48,1
9,21,20240907,0.5,1,3.1,1
9,21,20240915,4.0,8,16.96,1
9,21,20240920,2.5,5,13.64,1
9,21,20240922,2.5,5,21.98,1
9,21,20241109,4.5,9,45.11,1
9,21,20241114,0.5,1,1.84,1
9,21,20241121,2.5,5,20.58,1
9,21,20241129,4.5,9,41.75,1
9,21,20241130,4.0,8,32.04,1
9,21,20241212,9.5,19,60.38,2
9,21,20241217,1.5,3,10.89,1
9,21,20241222,0.5,1,7.22,1
9,21,20250119,1.5,3,12.31,1
9,21,20250120,1.0,2,4.72,1
9,21,20250127,4.5,9,38.05,1
9,21,20250131,2.5,5,14.65,1
9,21,20250216,3.0,6,16.57,1
9,21,20250219,6.5,13,32.3,1
9,21,20250228,1.0,2,5.49,1
9,21,20250402,1.0,2,8.29,1
9,21,20250623,0.5,1,2.87,1
10,1,20240624,4.0,8,23.98,1
10,1,20240705,2.5,5,12.85,1
10,1,20240809,1.0,2,9.35,1
10,1,20240814,0.5,1,4.67,1
10,1,20241007,4.0,8,21.23,1
10,1,20241130,2.5,5,22.25,1
10,1,20250414,1.0,2,7.05,1
10,1,20250416,7.0,14,41.69,1
10,1,20250604,2.0,4,11.28,1
10,2,20240627,0.5,1,6.21,1
10,2,20240708,0.5,1,4.58,1
10,2,20240723,2.0,4,16.11,1
10,2,20240901,0.5,1,3.35,1
10,2,20240904,3.5,7,38.61,1
10,2,20240907,8.5,17,54.88,1
10,2,20240915,2.0,4,9.18,1
10,2,20241117,1.5,3,15.96,1
10,2,20250131,0.5,1,3.89,1
10,2,20250224,3.5,7,34.14,1
10,2,20250227,0.5,1,5.4,1
10,2,20250302,1.0,2,13.68,1
10,2,20250307,5.0,10,34.3,1
10,3,20240626,2.0,4,11.56,1
10,3,20240628,4.5,9,27.23,2
10,3,20240705,1.5,3,15.45,1
10,3,20240802,10.0,20,49.39,1
10,3,20240814,5.0,10,32.36,1
10,3,20240816,2.5,5,12.74,1
10,3,20241212,1.0,2,8.43,1
10,3,20250105,2.0,4,17.39,1
10,3,20250125,4.0,8,36.77,1
10,3,20250212,4.0,8,16.71,1
10,3,20250228,2.0,4,20.33,1
10,3,20250331,4.0,8,39.66,1
10,4,20240711,1.5,3,10.93,1
10,4,20240724,8.0,16,36.64,1
10,4,20240821,5.0,10,25.68,1
10,4,20241014,2.0,4,20.44,1
10,4,20241211,3.0,6,21.57,1
10,4,20241229,4.0,8,19.59,1
10,4,20241230,4.0,8,30.93,1
10,4,20250302,3.0,6,20.39,1
10,4,20250318,2.5,5,22.61,1
10,4,20250327,3.5,7,33.07,1
10,4,20250426,2.0,4,9.55,1
10,4,20250510,2.0,4,18.8,1
10,4,20250524,2.0,4,16.7,1
10,4,20250602,5.5,11,48.53,1
10,4,20250610,0.5,1,2.99,1
10,4,20250612,6.0,12,26.88,1
10,5,20240725,1.0,2,4.58,1
10,5,20240801,4.5,9,21.58,1
10,5,20240829,1.0,2,6.19,2
10,5,20240920,9.0,18,43.34,1
10,5,20240930,1.5,3,16.4,1
10,5,20241204,6.0,12,33.19,1
10,5,20250201,8.0,16,41.92,1
10,5,20250204,3.0,6,16.45,1
10,5,20250512,1.5,3,9.16,1
10,5,20250513,3.0,6,16.79,1
10,6,20240727,1.0,2,9.01,1
10,6,20240912,3.0,6,23.01,1
10,6,20240913,10.5,21,43.96,1
10,6,20240915,3.5,7,20.41,1
10,6,20241022,4.0,8,24.27,1
10,6,20241108,3.5,7,28.61,1
10,6,20241120,0.5,1,7.37,1
10,6,20241224,8.5,17,46.71,1
10,6,20241229,1.0,2,10.23,1
10,6,20250119,1.5,3,12.09,1
10,6,20250215,1.5,3,14.73,1
10,6,20250327,5.0,10,28.66,1
10,6,20250502,3.0,6,29.0,1
10,6,20250503,11.5,23,55.56,2
10,6,20250516,0.5,1,7.53,1
10,6,20250522,0.5,1,8.41,1
10,6,20250603,4.5,9,43.96,1
10,7,20240727,2.0,4,18.63,1
10,7,20240811,3.5,7,35.32,1
10,7,20241006,4.0,8,32.52,1
10,7,20241103,1.0,2,8.91,1
10,7,20241106,3.0,6,20.55,1
10,7,20241109,0.5,1,2.38,1
10,7,20250320,4.5,9,22.85,1
10,7,20250505,2.0,4,13.73,1
10,7,20250518,4.0,8,39.94,1
10,8,20240722,5.0,10,32.48,1
10,8,20240810,3.5,7,38.01,1
10,8,20240824,1.0,2,10.47,1
10,8,20240827,7.5,15,33.14,1
10,8,20240901,1.0,2,5.05,1
10,8,20240907,6.0,12,48.82,1
10,8,20240909,5.5,11,25.26,1
10,8,20241011,1.0,2,6.58,1
10,8,20241103,1.0,2,8.58,1
10,8,20241122,4.0,8,32.09,1
10,8,20241205,6.0,12,34.25,1
10,8,20241209,0.5,1,5.12,1
10,8,20250404,1.5,3,15.25,1
10,8,20250602,5.0,10,21.74,1
10,8,20250618,3.5,7,17.51,1
10,8,20250623,3.0,6,18.43,1
10,9,20240627,4.0,8,23.4,1
10,9,20240710,4.5,9,20.98,1
10,9,20240802,1.0,2,11.09,1
10,9,20240913,3.5,7,29.74,1
10,9,20240929,0.5,1,3.25,1
10,9,20241022,2.0,4,21.37,1
10,9,20241110,0.5,1,0.29,1
10,9,20241113,2.5,5,12.22,1
10,9,20241211,8.0,16,64.35,1
10,9,20241222,3.5,7,36.43,1
10,9,20250105,0.5,1,4.04,1
10,9,20250113,3.0,6,32.62,1
10,9,20250128,4.5,9,22.42,1
10,9,20250215,4.0,8,37.93,1
10,9,20250226,1.5,3,18.34,1
10,9,20250314,0.5,1,2.66,1
10,9,20250423,1.0,2,6.04,1
10,9,20250522,0.5,1,2.54,1
10,9,20250531,1.0,2,7.07,1
10,9,20250614,2.0,4,15.87,1
10,10,20240625,0.5,1,2.64,1
10,10,20240722,3.5,7,30.21,1
10,10,20240811,1.0,2,14.4,1
10,10,20240903,1.5,3,11.52,1
10,10,20241026,0.5,1,2.57,1
10,10,20241117,1.5,3,14.17,1
10,10,20241208,4.0,8,18.41,1
10,10,20241212,1.0,2,9.3,1
10,10,20241226,1.5,3,15.98,1
10,10,20250208,2.5,5,24.15,1
10,10,20250222,3.0,6,21.21,1
10,11,20240706,1.0,2,4.83,1
10,11,20240714,1.0,2,12.56,1
10,11,20240716,3.0,6,13.66,1
10,11,20240720,1.5,3,15.87,1
10,11,20240929,2.5,5,29.54,1
10,11,20241002,1.5,3,18.5,1
10,11,20241109,2.0,4,11.61,1
10,11,20241206,1.5,3,14.98,1
10,11,20250227,0.5,1,5.81,1
10,11,20250305,8.0,16,35.29,1
10,11,20250328,0.5,1,6.27,1
10,11,20250602,3.0,6,17.86,1
10,11,20250615,2.0,4,19.79,1
10,12,20240802,2.0,4,16.96,1
10,12,20241009,2.0,4,15.84,1
10,12,20241012,7.0,14,62.85,3
10,12,20241114,1.0,2,9.85,1
10,12,20250315,3.0,6,23.77,1
10,12,20250410,4.0,8,21.85,1
10,12,20250419,2.5,5,19.36,1
10,12,20250429,3.0,6,25.97,1
10,12,20250512,1.5,3,7.31,1
10,12,20250515,3.0,6,24.68,1
10,12,20250616,6.5,13,36.12,1
10,13,20240809,3.5,7,16.92,1
10,13,20240822,0.5,1,6.66,1
10,13,20241019,2.5,5,18.15,1
10,13,20241024,11.0,22,66.63,1
10,13,20241219,2.0,4,11.43,1
10,13,20241229,1.0,2,11.3,1
10,13,20250101,4.0,8,25.31,1
10,13,20250309,0.5,1,4.26,1
10,13,20250317,3.0,6,31.4,1
10,13,20250428,3.0,6,31.52,1
10,13,20250508,3.5,7,21.46,1
10,14,20240629,4.5,9,28.42,1
10,14,20240723,0.5,1,4.56,1
10,14,20240730,8.0,16,41.2,1
10,14,20240811,4.0,8,25.69,1
10,14,20240917,4.0,8,28.36,1
10,14,20241001,5.5,11,30.16,1
10,14,20241023,1.0,2,8.26,1
10,14,20241202,8.0,16,63.31,1
10,14,20250121,2.0,4,17.63,1
10,14,20250126,5.5,11,29.1,1
10,14,20250201,0.5,1,5.7,1
10,14,20250207,3.5,7,22.92,1
10,14,20250317,0.5,1,4.76,1
10,14,20250507,1.0,2,5.81,1
10,14,20250512,4.0,8,39.87,1
10,14,20250603,0.5,1,5.22,1
10,14,20250610,3.0,6,22.6,1
10,14,20250617,2.0,4,12.7,1
10,15,20240630,0.5,1,6.87,1
10,15,20240713,0.5,1,4.87,1
10,15,20240719,2.0,4,11.23,1
10,15,20240804,5.0,10,28.53,1
10,15,20240805,0.5,1,7.75,1
10,15,20240807,0.5,1,4.65,1
10,15,20240809,1.0,2,12.77,1
10,15,20240810,1.0,2,13.4,1
10,15,20240819,2.0,4,19.09,1
10,15,20240821,0.5,1,6.61,1
10,15,20240822,2.0,4,22.8,1
10,15,20240828,10.0,20,43.29,1
10,15,20240829,6.5,13,33.95,2
10,15,20240904,1.5,3,7.0,1
10,15,20240910,4.5,9,28.76,1
10,15,20240918,0.5,1,1.9,1
10,15,20241010,1.5,3,7.13,1
10,15,20241019,2.0,4,10.74,1
10,15,20241027,1.0,2,8.5,1
10,15,20241031,18.0,36,99.61,2
10,15,20241102,3.5,7,32.0,1
10,15,20241104,0.5,1,8.8,1
10,15,20241105,5.0,10,48.66,1
10,15,20241107,1.0,2,8.92,1
10,15,20241120,0.5,1,2.88,1
10,15,20241127,1.0,2,9.62,1
10,15,20241128,4.5,9,36.17,1
10,15,20241130,0.5,1,6.86,1
10,15,20241202,1.5,3,14.41,1
10,15,20241206,1.5,3,15.45,1
10,15,20241210,1.5,3,12.6,1
10,15,20241218,11.5,23,71.76,2
10,15,20241221,2.5,5,17.57,1
10,15,20241223,3.5,7,36.19,1
10,15,20250104,0.5,1,6.67,1
10,15,20250107,2.0,4,19.47,1
10,15,20250110,6.5,13,30.34,1
10,15,20250127,0.5,1,6.26,1
10,15,20250209,4.5,9,29.48,1
10,15,20250216,4.0,8,18.73,1
10,15,20250306,1.0,2,9.6,1
10,15,20250311,1.0,2,7.83,1
10,15,20250320,2.0,4,17.76,1
10,15,20250321,6.0,12,36.38,1
10,15,20250410,1.0,2,7.5,1
10,15,20250419,1.5,3,10.15,1
10,15,20250424,3.0,6,28.0,1
10,15,20250501,3.5,7,15.49,1
10,15,20250503,2.0,4,11.69,1
10,15,20250521,2.0,4,18.67,1
10,15,20250607,1.0,2,11.37,1
10,15,20250611,4.5,9,36.9,1
10,15,20250622,10.5,21,64.83,1
10,16,20240626,0.5,1,4.42,1
10,16,20240710,2.0,4,9.4,1
10,16,20240717,4.0,8,40.56,2
10,16,20240723,0.5,1,5.18,1
10,16,20240725,3.5,7,30.68,1
10,16,20240728,0.5,1,5.94,1
10,16,20240801,1.0,2,7.27,1
10,16,20240802,6.5,13,60.04,2
10,16,20240812,2.0,4,19.81,1
10,16,20240824,1.5,3,13.42,1
10,16,20240830,2.5,5,16.93,1
10,16,20240902,1.5,3,7.61,1
10,16,20240903,3.5,7,25.29,1
10,16,20240908,1.0,2,7.84,1
10,16,20240913,13.5,27,87.75,2
10,16,20240917,6.5,13,47.08,1
10,16,20240926,2.5,5,22.36,1
10,16,20241007,3.5,7,19.9,1
10,16,20241013,0.5,1,7.45,1
10,16,20241023,1.5,3,13.23,1
10,16,20241026,1.5,3,12.09,1
10,16,20241105,10.5,21,47.78,1
10,16,20241114,3.5,7,34.2,1
10,16,20241117,2.5,5,23.36,1
10,16,20241123,1.5,3,14.13,1
10,16,20241128,2.0,4,10.54,1
10,16,20241217,2.0,4,22.24,1
10,16,20250107,0.5,1,3.03,1
10,16,20250118,3.5,7,21.96,1
10,16,20250211,2.5,5,27.41,1
10,16,20250213,0.5,1,5.66,1
10,16,20250224,1.5,3,7.66,1
10,16,20250309,0.5,1,2.0,1
10,16,20250323,2.0,4,18.23,1
10,16,20250415,0.5,1,4.65,1
10,16,20250416,2.5,5,20.39,1
10,16,20250421,0.5,1,4.58,1
10,16,20250502,4.0,8,39.9,1
10,16,20250514,1.0,2,11.14,1
10,16,20250602,0.5,1,5.29,1
10,16,20250614,1.0,2,12.58,1
10,16,20250620,3.0,6,25.06,1
10,16,20250622,2.0,4,21.51,1
10,17,20240701,3.0,6,17.72,1
10,17,20240707,2.5,5,17.28,1
10,17,20240711,0.5,1,4.52,1
10,17,20240723,2.5,5,12.87,1
10,17,20240724,9.5,19,60.48,1
10,17,20240728,1.5,3,14.92,1
10,17,20240812,1.5,3,13.39,1
10,17,20240820,6.0,12,31.34,1
10,17,20240825,1.5,3,16.25,1
10,17,20240826,1.5,3,14.95,1
10,17,20240831,1.0,2,12.85,1
10,17,20240927,2.0,4,24.18,1
10,17,20240930,1.5,3,14.76,1
10,17,20241002,2.5,5,19.63,1
10,17,20241005,1.0,2,6.72,1
10,17,20241007,2.0,4,21.43,1
10,17,20241025,7.0,14,40.51,1
10,17,20241029,2.0,4,15.82,1
10,17,20241112,7.0,14,48.53,1
10,17,20241118,1.0,2,9.21,1
10,17,20241206,1.0,2,13.75,1
10,17,20241212,5.0,10,21.83,1
10,17,20241214,1.0,2,7.41,1
10,17,20250116,1.0,2,9.14,1
10,17,20250122,7.5,15,61.68,1
10,17,20250206,2.0,4,12.24,1
10,17,20250228,1.0,2,11.15,1
10,17,20250311,0.5,1,8.25,1
10,17,20250327,1.5,3,9.26,1
10,17,20250329,4.5,9,40.36,1
10,17,20250502,5.0,10,30.72,1
10,17,20250503,1.5,3,12.55,1
10,17,20250506,3.5,7,20.52,1
10,17,20250519,1.5,3,8.68,1
10,17,20250525,1.0,2,12.09,1
10,17,20250601,2.5,5,19.93,1
10,17,20250606,0.5,1,0.62,1
10,17,20250608,0.5,1,7.13,1
10,18,20240629,1.0,2,7.0,1
10,18,20240711,5.0,10,25.73,1
10,18,20240725,0.5,1,4.07,1
10,18,20240804,4.5,9,39.77,1
10,18,20240815,0.5,1,7.26,1
10,18,20240816,2.5,5,17.36,1
10,18,20240822,2.5,5,13.01,1
10,18,20240823,1.5,3,10.91,1
10,18,20240911,5.0,10,43.39,1
10,18,20240918,0.5,1,7.24,1
10,18,20241006,11.0,22,73.29,3
10,18,20241107,6.0,12,27.6,1
10,18,20241125,1.0,2,12.87,1
10,18,20241126,2.5,5,22.63,1
10,18,20241203,1.0,2,9.37,1
10,18,20250111,7.5,15,48.45,1
10,18,20250121,3.0,6,14.76,1
10,18,20250218,0.5,1,6.6,1
10,18,20250309,3.5,7,25.82,1
10,18,20250410,2.0,4,9.87,1
10,18,20250415,6.5,13,43.73,2
10,18,20250416,3.0,6,18.18,1
10,18,20250422,1.5,3,10.35,1
10,18,20250503,5.5,11,26.79,1
10,18,20250511,1.0,2,6.72,1
10,18,20250519,7.0,14,33.61,1
10,18,20250521,1.5,3,11.97,1
10,18,20250522,1.0,2,9.77,1
10,18,20250530,1.5,3,19.08,1
10,18,20250604,3.5,7,31.15,1
10,18,20250610,2.5,5,24.44,1
10,18,20250616,3.0,6,16.23,1
10,18,20250621,3.0,6,18.25,2
10,19,20240627,1.5,3,17.13,1
10,19,20240630,2.0,4,9.97,1
10,19,20240702,2.0,4,19.73,1
10,19,20240806,4.5,9,45.19,1
10,19,20240809,3.5,7,32.02,1
10,19,20240822,1.0,2,13.14,1
10,19,20240905,1.0,2,9.79,1
10,19,20240906,2.5,5,19.08,1
10,19,20240910,0.5,1,3.96,1
10,19,20240921,0.5,1,7.72,1
10,19,20240928,0.5,1,4.26,1
10,19,20240929,5.0,10,31.75,1
10,19,20241003,2.5,5,26.31,1
10,19,20241012,6.5,13,56.48,2
10,19,20241108,6.0,12,26.76,1
10,19,20241115,2.0,4,13.34,1
10,19,20241121,1.0,2,8.1,1
10,19,20241206,9.5,19,81.39,2
10,19,20241210,2.5,5,24.18,1
10,19,20241212,2.0,4,15.08,1
10,19,20241215,4.5,9,30.59,1
10,19,20241219,0.5,1,2.9,1
10,19,20241225,3.0,6,15.24,1
10,19,20250111,1.5,3,15.12,1
10,19,20250115,0.5,1,2.35,1
10,19,20250116,0.5,1,3.2,1
10,19,20250129,1.5,3,15.68,1
10,19,20250131,1.5,3,17.16,1
10,19,20250212,4.5,9,23.23,1
10,19,20250310,1.0,2,14.24,1
10,19,20250319,2.5,5,21.25,1
10,19,20250323,1.0,2,9.98,1
10,19,20250325,7.5,15,32.12,1
10,19,20250417,1.5,3,17.81,1
10,19,20250426,2.5,5,19.62,1
10,19,20250430,1.0,2,10.18,1
10,19,20250526,1.5,3,9.17,1
10,19,20250622,1.0,2,10.97,1
10,20,20240711,4.5,9,36.12,1
10,20,20240724,0.5,1,6.3,1
10,20,20240728,5.0,10,28.78,1
10,20,20240731,2.0,4,10.95,1
10,20,20240816,6.5,13,35.36,1
10,20,20240818,6.0,12,26.51,1
10,20,20240914,4.0,8,32.72,1
10,20,20240926,5.5,11,24.33,1
10,20,20240929,2.5,5,15.44,2
10,20,20241003,5.0,10,51.12,1
10,20,20241024,0.5,1,5.27,1
10,20,20241027,4.0,8,30.33,1
10,20,20241103,6.0,12,26.69,1
10,20,20241113,5.0,10,43.77,2
10,20,20241117,8.0,16,46.91,2
10,20,20241204,2.0,4,19.47,1
10,20,20241208,1.0,2,9.89,1
10,20,20241210,6.0,12,50.08,1
10,20,20241231,1.5,3,13.98,1
10,20,20250109,4.5,9,45.82,1
10,20,20250117,5.5,11,25.17,1
10,20,20250121,1.0,2,7.26,1
10,20,20250129,4.5,9,33.73,1
10,20,20250203,3.0,6,20.91,1
10,20,20250206,1.0,2,10.87,1
10,20,20250210,2.5,5,20.38,1
10,20,20250224,2.5,5,21.44,1
10,20,20250228,4.5,9,26.52,1
10,20,20250307,2.0,4,14.16,1
10,20,20250329,3.0,6,26.06,1
10,20,20250407,0.5,1,4.37,1
10,20,20250411,0.5,1,3.04,1
10,20,20250429,0.5,1,5.22,1
10,20,20250516,1.5,3,14.4,1
10,20,20250518,6.5,13,26.92,1
10,20,20250608,2.0,4,17.98,1
10,20,20250612,3.5,7,32.71,1
10,20,20250614,2.5,5,26.33,1
10,20,20250617,0.5,1,2.3,1
10,20,20250621,4.0,8,25.11,1
10,20,20250624,1.0,2,14.56,1
10,21,20240625,0.5,1,5.61,1
10,21,20240628,5.0,10,22.69,1
10,21,20240629,4.5,9,26.61,1
10,21,20240704,2.0,4,20.48,1
10,21,20240707,1.0,2,10.58,1
10,21,20240708,1.0,2,6.98,1
10,21,20240719,1.5,3,16.09,1
10,21,20240721,1.0,2,8.76,1
10,21,20240812,0.5,1,3.27,1
10,21,20240817,4.0,8,31.83,1
10,21,20240902,6.5,13,35.39,1
10,21,20240910,1.0,2,10.96,1
10,21,20240922,1.5,3,15.81,1
10,21,20241005,1.5,3,13.98,1
10,21,20241007,0.5,1,4.03,1
10,21,20241017,2.0,4,19.27,1
10,21,20241026,2.5,5,25.7,1
10,21,20241123,2.0,4,17.01,1
10,21,20241124,0.5,1,7.18,1
10,21,20241126,1.5,3,13.22,1
10,21,20241204,1.5,3,8.11,1
10,21,20241214,2.5,5,11.78,1
10,21,20241225,3.5,7,17.25,1
10,21,20250129,2.0,4,15.33,1
10,21,20250226,2.0,4,9.5,1
10,21,20250303,0.5,1,2.96,1
10,21,20250310,1.0,2,6.68,1
10,21,20250316,1.0,2,10.31,1
10,21,20250319,0.5,1,3.94,1
10,21,20250328,8.5,17,40.95,1
10,21,20250419,3.5,7,16.7,1
10,21,20250424,1.5,3,10.28,1
10,21,20250428,4.5,9,24.26,1
10,21,20250504,2.0,4,16.65,1
10,21,20250510,7.0,14,49.8,1
10,21,20250517,0.5,1,5.69,1
10,21,20250521,10.0,20,59.31,3
10,21,20250523,2.5,5,24.22,1
10,21,20250526,0.5,1,3.23,1
10,21,20250531,1.0,2,9.74,1
10,21,20250604,5.5,11,27.37,1
10,21,20250612,4.5,9,46.4,1
10,21,20250615,5.0,10,30.37,1
10,21,20250621,1.0,2,5.36,1
10,21,20250623,2.0,4,13.98,1
11,1,20240905,3.0,6,31.15,2
11,1,20241028,6.0,12,49.16,1
11,1,20250117,0.5,1,1.44,1
11,1,20250209,1.0,2,9.35,1
11,1,20250217,3.5,7,23.33,1
11,1,20250314,2.5,5,26.44,1
11,1,20250326,0.5,1,2.47,1
11,1,20250418,0.5,1,3.84,1
11,1,20250427,4.0,8,21.29,1
11,1,20250617,14.0,28,59.02,1
11,2,20241016,3.5,7,20.1,1
11,2,20241125,3.5,7,26.72,1
11,2,20241229,0.5,1,2.69,1
11,2,20250129,1.0,2,13.5,1
11,2,20250415,1.0,2,13.87,1
11,2,20250425,1.0,2,9.87,1
11,2,20250503,2.5,5,16.26,1
11,2,20250514,1.5,3,15.07,1
11,2,20250518,5.0,10,33.3,1
11,2,20250610,2.5,5,11.4,1
11,3,20240718,1.0,2,9.53,1
11,3,20240822,3.5,7,29.11,1
11,3,20240905,0.5,1,7.36,1
11,3,20240907,2.5,5,24.25,1
11,3,20241210,5.5,11,39.11,1
11,3,20250219,8.5,17,42.98,1
11,3,20250401,1.5,3,10.13,1
11,3,20250407,3.5,7,24.89,1
11,3,20250419,0.5,1,6.16,1
11,3,20250517,1.5,3,13.66,1
11,3,20250522,3.5,7,17.46,1
11,4,20240718,2.0,4,16.73,1
11,4,20240722,0.5,1,4.33,1
11,4,20240827,1.0,2,14.32,1
11,4,20240928,2.5,5,27.44,1
11,4,20250113,1.0,2,10.99,1
11,4,20250201,6.5,13,32.5,1
11,4,20250215,3.0,6,16.85,1
11,4,20250303,1.5,3,18.13,1
11,4,20250508,3.5,7,27.05,1
11,4,20250516,2.5,5,22.32,1
11,4,20250528,0.5,1,6.52,1
11,4,20250620,0.5,1,2.3,1
11,5,20240717,1.5,3,14.81,1
11,5,20240727,12.5,25,76.32,1
11,5,20240803,3.0,6,18.76,1
11,5,20241101,0.5,1,8.85,1
11,5,20241109,3.0,6,18.66,1
11,5,20250101,7.0,14,49.87,1
11,5,20250217,1.0,2,7.24,1
11,5,20250405,4.5,9,42.35,2
11,5,20250421,0.5,1,4.4,1
11,5,20250428,1.5,3,12.64,1
11,6,20240801,6.0,12,46.01,2
11,6,20240830,7.5,15,33.96,1
11,6,20241003,4.5,9,32.17,1
11,6,20241012,5.0,10,28.58,1
11,6,20241024,2.0,4,16.84,1
11,6,20241102,6.0,12,44.2,1
11,6,20241230,3.5,7,25.73,1
11,6,20250624,1.5,3,13.49,1
11,7,20240710,1.5,3,16.05,1
11,7,20240808,9.0,18,48.2,1
11,7,20240817,0.5,1,2.69,1
11,7,20241011,3.0,6,15.4,1
11,7,20241101,1.0,2,13.18,1
11,7,20241113,2.5,5,11.16,1
11,7,20241128,7.5,15,38.71,2
11,7,20250123,1.0,2,6.31,1
11,7,20250202,3.0,6,27.23,1
11,7,20250211,7.5,15,38.82,1
11,7,20250306,3.0,6,25.5,1
11,7,20250326,0.5,1,5.75,1
11,7,20250430,0.5,1,5.44,1
11,7,20250616,1.0,2,11.2,1
11,8,20240712,1.5,3,16.63,1
11,8,20241023,4.0,8,36.94,1
11,8,20241201,6.5,13,36.49,2
11,8,20241209,1.5,3,12.94,1
11,8,20250121,1.0,2,5.67,1
11,8,20250214,2.0,4,12.28,1
11,8,20250218,0.5,1,2.69,1
11,8,20250322,3.5,7,31.11,1
11,8,20250327,0.5,1,7.89,1
11,8,20250408,1.5,3,16.98,1
11,8,20250519,3.5,7,22.73,1
11,8,20250531,0.5,1,4.31,1
11,8,20250612,2.0,4,17.33,1
11,9,20240908,1.5,3,11.83,1
11,9,20241010,1.0,2,5.71,1
11,9,20241020,3.5,7,23.55,1
11,9,20241024,0.5,1,5.01,1
11,9,20241111,3.0,6,13.98,1
11,9,20241117,4.5,9,41.79,2
11,9,20241206,1.0,2,8.47,1
11,9,20250118,2.5,5,22.2,1
11,9,20250128,0.5,1,6.55,1
11,9,20250223,1.0,2,10.33,1
11,9,20250327,0.5,1,2.56,1
11,9,20250419,2.0,4,16.41,1
11,9,20250616,2.5,5,25.04,1
11,10,20240704,1.5,3,12.27,1
11,10,20240709,3.5,7,21.34,1
11,10,20240815,1.0,2,7.99,1
11,10,20240919,0.5,1,2.12,1
11,10,20240922,4.5,9,19.75,1
11,10,20241130,5.5,11,55.33,1
11,10,20241204,1.0,2,9.47,1
11,10,20241225,0.5,1,4.66,1
11,10,20250102,0.5,1,3.34,1
11,10,20250201,1.0,2,8.14,1
11,10,20250205,2.0,4,19.9,1
11,10,20250222,0.5,1,5.64,1
11,10,20250406,2.0,4,14.37,1
11,10,20250423,2.0,4,10.59,1
11,10,20250519,3.0,6,23.75,1
11,10,20250523,1.0,2,11.69,1
11,10,20250528,0.5,1,3.44,1
11,10,20250603,13.5,27,59.31,1
11,11,20240829,1.0,2,7.36,1
11,11,20240912,1.0,2,7.56,1
11,11,20241021,1.5,3,11.28,1
11,11,20241110,1.0,2,8.39,1
11,11,20241111,4.0,8,36.62,1
11,11,20250331,0.5,1,9.66,1
11,11,20250623,2.5,5,22.18,1
11,12,20240805,0.5,1,5.72,1
11,12,20241018,0.5,1,7.42,1
11,12,20241028,1.5,3,13.95,1
11,12,20241031,5.5,11,25.6,1
11,12,20241104,0.5,1,8.7,1
11,12,20241109,3.0,6,25.54,1
11,12,20241124,5.0,10,45.32,1
11,12,20241206,2.5,5,13.81,1
11,12,20241213,1.0,2,5.52,1
11,12,20241216,0.5,1,3.78,1
11,12,20241226,2.5,5,12.93,1
11,12,20250121,1.0,2,10.81,1
11,12,20250212,3.5,7,27.85,1
11,12,20250213,0.5,1,0.78,1
11,12,20250217,3.5,7,39.44,1
11,12,20250410,1.0,2,9.46,1
11,12,20250412,2.5,5,24.21,1
11,12,20250509,0.5,1,3.06,1
11,12,20250529,4.0,8,20.19,1
11,12,20250621,2.0,4,13.8,1
11,13,20240626,2.5,5,21.68,1
11,13,20240629,5.0,10,32.0,1
11,13,20240802,8.0,16,33.99,1
11,13,20240807,1.0,2,11.21,1
11,13,20250120,1.0,2,6.94,1
11,13,20250314,2.0,4,13.54,1
11,13,20250412,1.5,3,9.45,1
11,13,20250602,2.0,4,15.58,1
11,14,20240916,1.0,2,7.45,1
11,14,20241009,1.5,3,12.63,1
11,14,20241017,1.5,3,14.98,1
11,14,20241028,2.5,5,14.29,1
11,14,20241202,1.0,2,9.07,1
11,14,20250130,3.0,6,29.64,1
11,14,20250209,1.5,3,15.72,1
11,14,20250310,5.5,11,25.72,1
11,14,20250313,1.0,2,4.71,1
11,14,20250419,0.5,1,6.74,1
11,14,20250427,2.5,5,14.63,1
11,14,20250516,3.0,6,25.06,1
11,14,20250524,1.0,2,10.39,1
11,14,20250529,0.5,1,8.6,1
11,15,20240624,2.5,5,15.38,1
11,15,20240714,3.5,7,22.25,1
11,15,20240807,2.0,4,21.36,1
11,15,20240823,1.5,3,7.14,1
11,15,20240824,2.0,4,17.33,1
11,15,20240901,3.0,6,23.76,2
11,15,20240903,2.5,5,23.07,1
11,15,20240904,2.0,4,17.95,1
11,15,20240907,0.5,1,5.9,1
11,15,20240909,1.0,2,10.74,1
11,15,20241003,4.0,8,23.89,1
11,15,20241005,1.0,2,10.3,1
11,15,20241009,0.5,1,2.45,1
11,15,20241021,1.5,3,16.52,1
11,15,20241028,3.5,7,34.9,1
11,15,20241108,4.5,9,19.95,1
11,15,20241111,2.0,4,9.84,1
11,15,20241114,3.5,7,16.65,1
11,15,20241125,1.5,3,11.68,1
11,15,20241206,4.0,8,24.84,1
11,15,20241210,0.5,1,4.54,1
11,15,20241211,1.5,3,12.67,1
11,15,20241213,0.5,1,1.95,1
11,15,20241217,5.0,10,28.75,1
11,15,20241222,3.5,7,34.69,1
11,15,20241226,1.5,3,9.2,1
11,15,20250110,0.5,1,7.67,1
11,15,20250127,2.0,4,21.92,1
11,15,20250128,8.0,16,47.52,1
11,15,20250215,1.0,2,7.81,1
11,15,20250308,5.5,11,34.0,1
11,15,20250320,4.0,8,36.15,1
11,15,20250405,1.0,2,8.34,1
11,15,20250408,6.5,13,31.93,1
11,15,20250418,0.5,1,4.49,1
11,15,20250421,1.0,2,9.46,1
11,15,20250430,0.5,1,9.01,1
11,15,20250505,1.0,2,8.83,1
11,15,20250514,0.5,1,6.17,1
11,15,20250531,6.5,13,29.78,1
11,15,20250604,3.5,7,34.66,2
11,15,20250612,2.5,5,20.51,1
11,15,20250618,0.5,1,4.82,1
11,16,20240630,2.0,4,10.52,1
11,16,20240719,1.0,2,8.1,1
11,16,20240823,2.0,4,20.24,1
11,16,20240829,5.5,11,41.9,1
11,16,20240830,0.5,1,7.06,1
11,16,20240901,1.5,3,13.15,1
11,16,20240912,0.5,1,8.76,1
11,16,20241008,1.5,3,13.72,1
11,16,20241010,4.0,8,36.58,1
11,16,20241020,0.5,1,4.78,1
11,16,20241117,5.5,11,44.94,1
11,16,20241124,2.5,5,18.09,1
11,16,20241125,2.0,4,21.93,1
11,16,20241202,5.0,10,24.77,1
11,16,20241217,4.0,8,39.63,1
11,16,20241221,9.5,19,54.58,1
11,16,20241227,0.5,1,2.78,1
11,16,20250101,2.0,4,17.07,1
11,16,20250113,0.5,1,7.5,1
11,16,20250120,3.0,6,24.4,1
11,16,20250128,3.5,7,31.93,1
11,16,20250201,0.5,1,4.59,1
11,16,20250203,2.5,5,17.01,1
11,16,20250209,13.5,27,64.65,2
11,16,20250219,4.0,8,19.17,1
11,16,20250228,8.5,17,46.51,1
11,16,20250308,3.0,6,22.0,1
11,16,20250311,6.0,12,40.92,1
11,16,20250316,3.0,6,23.59,1
11,16,20250321,0.5,1,8.06,1
11,16,20250330,1.5,3,13.62,1
11,16,20250402,2.0,4,19.56,1
11,16,20250426,0.5,1,2.38,1
11,16,20250511,5.5,11,43.67,1
11,16,20250512,3.0,6,29.49,1
11,16,20250521,3.5,7,18.63,1
11,16,20250523,0.5,1,1.61,1
11,16,20250525,0.5,1,6.79,1
11,16,20250527,4.5,9,26.75,1
11,16,20250615,3.0,6,19.55,1
11,16,20250618,0.5,1,8.15,1
11,16,20250620,1.5,3,17.85,1
11,17,20240709,1.0,2,6.27,1
11,17,20240710,3.0,6,27.01,2
11,17,20240730,1.5,3,8.61,1
11,17,20240803,1.5,3,12.1,1
11,17,20240808,2.0,4,16.4,1
11,17,20240813,5.0,10,50.88,2
11,17,20240828,1.0,2,13.02,1
11,17,20240905,5.0,10,32.3,1
11,17,20240910,3.0,6,19.99,1
11,17,20240925,0.5,1,1.11,1
11,17,20240926,1.0,2,6.57,1
11,17,20241008,0.5,1,3.42,1
11,17,20241010,8.0,16,77.44,1
11,17,20241021,1.5,3,11.42,1
11,17,20241027,3.0,6,18.45,2
11,17,20241104,1.0,2,13.99,1
11,17,20241112,3.5,7,27.53,1
11,17,20241115,1.5,3,12.06,1
11,17,20241116,0.5,1,2.67,1
11,17,20241119,4.5,9,37.33,1
11,17,20241122,0.5,1,2.07,1
11,17,20241125,2.5,5,16.23,1
11,17,20241128,6.5,13,39.85,1
11,17,20241129,1.5,3,11.29,1
11,17,20241230,2.5,5,23.92,1
11,17,20250125,3.5,7,25.83,1
11,17,20250128,3.0,6,24.67,1
11,17,20250203,4.5,9,34.45,1
11,17,20250204,0.5,1,7.08,1
11,17,20250211,4.5,9,25.83,1
11,17,20250314,6.0,12,27.14,1
11,17,20250321,0.5,1,6.87,1
11,17,20250401,3.5,7,31.02,1
11,17,20250403,1.0,2,6.91,1
11,17,20250506,0.5,1,3.7,1
11,17,20250510,1.0,2,10.87,1
11,17,20250513,5.0,10,47.12,1
11,17,20250524,4.0,8,38.73,1
11,17,20250608,4.0,8,24.64,2
11,17,20250611,9.0,18,66.27,2
11,17,20250613,4.0,8,31.12,1
11,17,20250620,5.5,11,23.52,1
11,18,20240627,9.5,19,50.66,1
11,18,20240701,1.0,2,9.26,1
11,18,20240708,1.0,2,10.96,1
11,18,20240715,1.0,2,6.74,1
11,18,20240729,4.5,9,23.0,1
11,18,20240806,0.5,1,3.27,1
11,18,20240809,3.0,6,29.02,1
11,18,20240912,1.0,2,9.88,1
11,18,20240913,1.0,2,9.27,1
11,18,20240930,0.5,1,1.25,1
11,18,20241004,1.5,3,12.33,1
11,18,20241101,1.0,2,6.22,1
11,18,20241106,0.5,1,4.82,1
11,18,20241125,1.0,2,9.86,1
11,18,20241206,6.5,13,58.66,1
11,18,20241213,1.5,3,9.94,1
11,18,20241214,1.5,3,15.82,1
11,18,20241218,2.0,4,15.13,1
11,18,20241225,0.5,1,8.24,1
11,18,20250111,1.5,3,11.92,1
11,18,20250131,1.0,2,8.45,1
11,18,20250205,4.0,8,24.96,1
11,18,20250207,1.5,3,11.11,1
11,18,20250226,6.5,13,44.53,2
11,18,20250310,0.5,1,4.97,1
11,18,20250312,15.0,30,105.95,2
11,18,20250317,3.0,6,15.06,1
11,18,20250318,9.5,19,40.02,1
11,18,20250320,1.5,3,18.74,1
11,18,20250322,3.5,7,37.06,1
11,18,20250330,0.5,1,1.88,1
11,18,20250402,1.0,2,8.04,1
11,18,20250416,2.5,5,25.91,1
11,18,20250422,3.0,6,27.29,1
11,18,20250426,2.0,4,11.47,1
11,18,20250526,1.0,2,6.67,1
11,18,20250530,10.0,20,44.42,1
11,18,20250619,7.0,14,31.56,1
11,18,20250621,1.0,2,14.21,1
11,19,20240712,2.5,5,20.75,1
11,19,20240717,0.5,1,3.44,1
11,19,20240801,8.5,17,48.35,1
11,19,20240805,1.5,3,12.89,1
11,19,20240814,7.0,14,35.65,1
11,19,20240826,4.0,8,29.58,1
11,19,20240831,0.5,1,4.07,1
11,19,20240927,1.0,2,11.54,1
11,19,20240930,13.5,27,68.26,2
11,19,20241002,1.5,3,8.3,1
11,19,20241022,2.0,4,14.26,1
11,19,20241111,5.0,10,23.59,1
11,19,20241122,4.5,9,34.03,2
11,19,20241129,2.0,4,15.45,2
11,19,20241130,3.0,6,22.94,1
11,19,20250104,0.5,1,3.96,1
11,19,20250105,0.5,1,2.52,1
11,19,20250202,2.5,5,21.73,2
11,19,20250219,1.0,2,9.89,1
11,19,20250222,2.0,4,14.75,1
11,19,20250304,1.5,3,15.43,1
11,19,20250313,1.0,2,8.71,2
11,19,20250327,1.0,2,9.81,1
11,19,20250410,5.0,10,31.05,2
11,19,20250417,0.5,1,5.64,1
11,19,20250425,1.0,2,14.07,1
11,19,20250505,2.5,5,22.75,1
11,19,20250506,3.5,7,28.4,1
11,19,20250510,4.5,9,21.88,1
11,19,20250523,2.0,4,15.86,1
11,19,20250608,3.0,6,13.76,1
11,19,20250619,0.5,1,3.05,1
11,19,20250621,2.0,4,13.25,1
11,19,20250623,5.5,11,26.44,1
11,19,20250624,8.0,16,38.32,1
11,20,20240624,2.5,5,15.35,1
11,20,20240629,1.0,2,9.75,1
11,20,20240705,0.5,1,5.96,1
11,20,20240712,0.5,1,7.57,1
11,20,20240722,15.0,30,108.2,2
11,20,20240728,2.5,5,25.89,1
11,20,20240805,3.0,6,22.96,1
11,20,20240813,5.0,10,36.77,1
11,20,20240823,4.5,9,29.92,1
11,20,20240824,3.0,6,22.33,1
11,20,20240916,6.5,13,50.7,2
11,20,20240930,3.0,6,17.59,1
11,20,20241009,3.5,7,22.98,1
11,20,20241010,5.0,10,41.12,1
11,20,20241025,8.5,17,55.63,1
11,20,20241031,0.5,1,1.9,1
11,20,20241101,5.5,11,37.42,1
11,20,20241109,2.0,4,15.84,1
11,20,20241113,3.5,7,31.17,2
11,20,20241124,3.5,7,33.29,1
11,20,20241126,5.0,10,46.52,1
11,20,20241128,1.0,2,12.65,1
11,20,20241130,6.5,13,54.14,1
11,20,20241207,9.5,19,88.02,2
11,20,20241220,0.5,1,5.29,1
11,20,20241222,2.0,4,20.49,1
11,20,20250101,7.5,15,33.1,1
11,20,20250113,4.0,8,20.14,1
11,20,20250119,3.5,7,19.26,1
11,20,20250130,3.5,7,15.17,1
11,20,20250209,4.0,8,20.42,1
11,20,20250309,1.5,3,11.55,1
11,20,20250315,6.5,13,38.64,1
11,20,20250330,3.5,7,17.37,1
11,20,20250404,2.5,5,16.77,1
11,20,20250408,4.5,9,28.12,1
11,20,20250412,1.0,2,12.1,1
11,20,20250506,4.0,8,26.08,1
11,20,20250507,0.5,1,7.01,1
11,20,20250509,3.0,6,19.45,1
11,20,20250515,3.5,7,30.79,1
11,20,20250527,3.5,7,28.67,1
11,20,20250531,1.0,2,4.98,1
11,20,20250614,1.0,2,5.39,1
11,20,20250618,3.5,7,21.93,1
11,20,20250619,0.5,1,5.87,1
11,20,20250620,6.0,12,30.82,1
11,21,20240703,4.0,8,21.09,1
11,21,20240710,0.5,1,8.5,1
11,21,20240712,0.5,1,5.17,1
11,21,20240714,4.5,9,28.14,1
11,21,20240731,1.0,2,10.05,1
11,21,20240808,4.0,8,21.92,1
11,21,20240814,2.0,4,12.09,1
11,21,20240815,2.5,5,18.61,1
11,21,20240825,4.0,8,38.78,1
11,21,20240827,1.0,2,9.25,1
11,21,20240829,1.5,3,15.63,1
11,21,20240902,5.5,11,25.94,1
11,21,20240905,1.5,3,9.28,2
11,21,20240910,3.0,6,22.59,2
11,21,20240928,0.5,1,5.17,1
11,21,20241025,2.5,5,10.22,1
11,21,20241101,4.5,9,26.05,1
11,21,20241123,4.5,9,25.84,1
11,21,20241125,12.5,25,54.83,1
11,21,20241129,3.5,7,26.93,1
11,21,20241206,2.0,4,21.57,1
11,21,20250121,2.5,5,15.33,1
11,21,20250131,2.0,4,20.11,2
11,21,20250215,3.0,6,20.96,1
11,21,20250310,5.5,11,27.12,1
11,21,20250316,0.5,1,5.37,1
11,21,20250317,0.5,1,6.03,1
11,21,20250322,3.0,6,21.01,1
11,21,20250403,2.0,4,9.75,1
11,21,20250410,4.5,9,20.15,1
11,21,20250414,7.0,14,31.52,1
11,21,20250504,5.0,10,35.3,2
11,21,20250521,2.5,5,12.68,1
11,21,20250610,1.5,3,9.93,1
11,21,20250613,3.5,7,25.48,1
12,1,20240710,0.5,1,6.74,1
12,1,20240724,2.5,5,11.85,1
12,1,20240820,4.0,8,28.02,1
12,1,20241123,3.0,6,27.36,1
12,1,20241129,1.0,2,11.88,1
12,1,20241214,4.5,9,30.97,1
12,1,20250115,7.0,14,36.57,1
12,1,20250215,4.5,9,24.8,1
12,1,20250226,0.5,1,1.85,1
12,1,20250306,3.5,7,19.44,1
12,1,20250323,3.0,6,25.39,1
12,1,20250425,2.0,4,11.12,1
12,1,20250515,2.5,5,23.16,1
12,1,20250601,0.5,1,4.43,1
12,1,20250612,1.5,3,16.65,1
12,1,20250613,1.0,2,8.15,1
12,2,20241003,1.0,2,5.82,1
12,2,20241006,1.5,3,7.63,1
12,2,20241210,3.0,6,20.66,1
12,2,20241220,1.0,2,10.53,1
12,2,20241231,1.0,2,11.3,1
12,2,20250103,1.0,2,10.87,1
12,2,20250115,3.5,7,17.35,2
12,2,20250423,15.5,31,92.76,1
12,2,20250509,2.0,4,12.4,1
12,2,20250612,8.0,16,48.74,2
12,3,20240722,1.0,2,11.08,1
12,3,20240805,11.0,22,49.05,1
12,3,20240901,3.0,6,19.0,1
12,3,20241122,1.0,2,10.4,1
12,3,20241129,4.0,8,37.91,1
12,3,20241224,1.0,2,7.04,1
12,3,20250111,1.5,3,9.44,1
12,3,20250125,2.5,5,16.18,1
12,3,20250316,0.5,1,3.0,1
12,3,20250324,3.0,6,15.77,1
12,3,20250328,0.5,1,7.38,1
12,3,20250330,3.0,6,16.87,1
12,3,20250331,5.0,10,45.35,1
12,3,20250425,6.5,13,49.25,1
12,3,20250501,0.5,1,3.82,1
12,3,20250517,2.5,5,12.57,1
12,3,20250522,0.5,1,6.57,1
12,4,20240718,2.5,5,17.28,1
12,4,20240811,2.5,5,16.24,1
12,4,20240928,2.5,5,15.24,1
12,4,20241128,2.5,5,23.86,1
12,4,20241209,3.0,6,30.96,1
12,4,20241222,2.5,5,20.55,1
12,4,20241229,0.5,1,6.98,1
12,4,20250106,3.0,6,15.68,1
12,4,20250113,2.5,5,19.35,1
12,4,20250125,2.0,4,21.35,1
12,4,20250311,5.0,10,40.93,1
12,4,20250510,2.5,5,23.13,1
12,5,20240813,0.5,1,5.22,1
12,5,20240825,9.0,18,50.3,1
12,5,20240830,0.5,1,1.69,1
12,5,20240903,1.5,3,13.96,1
12,5,20240923,3.5,7,24.33,1
12,5,20240925,5.0,10,46.99,1
12,5,20241203,1.0,2,9.63,1
12,5,20241211,2.5,5,12.81,1
12,5,20250312,1.0,2,12.51,1
12,5,20250405,4.5,9,26.92,1
12,5,20250411,2.0,4,18.46,1
12,6,20240806,3.5,7,20.64,1
12,6,20240818,5.0,10,49.46,2
12,6,20240916,1.0,2,11.74,1
12,6,20241206,1.5,3,16.32,1
12,6,20250106,0.5,1,9.46,1
12,6,20250117,3.0,6,28.02,1
12,6,20250222,1.0,2,12.14,1
12,6,20250420,2.0,4,15.73,1
12,6,20250526,2.0,4,10.75,1
12,6,20250603,1.5,3,12.24,1
12,6,20250606,4.0,8,20.1,1
12,7,20240730,2.0,4,10.73,1
12,7,20240802,0.5,1,5.17,1
12,7,20240806,2.0,4,21.23,1
12,7,20240813,3.0,6,19.44,1
12,7,20240818,2.5,5,13.72,1
12,7,20240909,5.5,11,49.37,1
12,7,20240912,4.0,8,38.7,1
12,7,20240927,1.0,2,10.09,1
12,7,20241114,1.5,3,10.28,1
12,7,20241213,8.0,16,70.62,1
12,7,20250113,1.5,3,19.51,1
12,7,20250129,1.5,3,16.92,1
12,7,20250319,4.0,8,19.55,1
12,7,20250405,1.0,2,12.03,1
12,7,20250425,4.0,8,36.36,1
12,7,20250426,0.5,1,3.02,1
12,7,20250512,3.5,7,33.35,1
12,7,20250604,2.0,4,21.3,1
12,7,20250613,3.5,7,37.1,1
12,8,20240702,0.5,1,3.24,1
12,8,20240722,2.0,4,14.49,1
12,8,20240805,8.5,17,39.0,1
12,8,20240918,4.5,9,34.79,1
12,8,20240927,3.0,6,18.87,1
12,8,20241007,0.5,1,7.23,1
12,8,20241024,3.0,6,28.32,1
12,8,20241027,3.5,7,30.09,1
12,8,20241114,2.5,5,19.09,1
12,8,20250209,3.5,7,31.27,1
12,8,20250221,4.5,9,43.72,1
12,8,20250323,3.0,6,13.77,1
12,8,20250413,2.0,4,18.36,1
12,8,20250522,1.5,3,16.24,1
12,8,20250602,1.0,2,8.6,1
12,8,20250614,1.5,3,12.7,1
12,9,20240710,0.5,1,4.31,1
12,9,20240719,0.5,1,5.11,1
12,9,20240801,3.0,6,17.47,1
12,9,20240925,0.5,1,1.71,1
12,9,20241111,3.5,7,33.4,1
12,9,20250105,2.0,4,16.12,1
12,9,20250118,3.0,6,14.46,1
12,9,20250223,3.0,6,21.06,1
12,9,20250407,4.0,8,34.05,1
12,9,20250408,0.5,1,5.24,1
12,9,20250424,8.5,17,36.21,1
12,9,20250503,1.0,2,13.48,1
12,9,20250507,2.0,4,19.08,1
12,10,20240726,2.5,5,25.73,1
12,10,20240728,0.5,1,2.73,1
12,10,20240729,3.5,7,20.56,1
12,10,20240814,1.5,3,16.07,1
12,10,20240831,3.0,6,29.33,1
12,10,20240930,0.5,1,6.42,1
12,10,20241026,1.0,2,9.21,1
12,10,20241103,1.0,2,7.29,1
12,10,20241106,0.5,1,1.87,1
12,10,20241207,1.5,3,13.1,1
12,10,20241230,1.5,3,19.11,1
12,10,20250107,0.5,1,1.62,1
12,10,20250114,2.0,4,17.24,1
12,10,20250125,2.0,4,20.44,1
12,10,20250304,7.0,14,40.09,1
12,10,20250415,5.0,10,25.75,1
12,10,20250502,0.5,1,7.14,1
12,10,20250604,1.5,3,14.39,1
12,11,20240630,2.0,4,21.98,1
12,11,20240702,2.0,4,18.67,1
12,11,20240713,0.5,1,3.44,1
12,11,20240809,1.0,2,9.98,1
12,11,20240919,1.5,3,12.34,1
12,11,20241009,1.0,2,11.77,1
12,11,20250218,2.0,4,13.89,1
12,11,20250302,1.0,2,13.33,1
12,11,20250326,6.5,13,36.04,1
12,11,20250410,2.5,5,13.51,1
12,11,20250416,10.0,20,43.23,1
12,11,20250510,1.0,2,10.53,1
12,11,20250620,5.5,11,36.03,1
12,12,20240701,6.0,12,31.67,1
12,12,20240722,2.0,4,16.02,1
12,12,20240810,1.5,3,16.61,1
12,12,20240825,4.0,8,34.88,1
12,12,20240902,3.5,7,38.23,1
12,12,20240905,1.0,2,11.58,1
12,12,20240917,1.5,3,14.06,1
12,12,20241028,6.0,12,27.22,1
12,12,20250118,5.5,11,24.74,1
12,12,20250127,6.0,12,56.31,1
12,12,20250201,4.0,8,34.13,2
12,12,20250302,1.0,2,10.14,1
12,12,20250404,2.5,5,24.03,1
12,12,20250405,2.0,4,15.91,1
12,12,20250416,11.5,23,51.13,1
12,12,20250423,3.5,7,33.63,1
12,12,20250510,6.5,13,63.65,1
12,12,20250516,7.0,14,44.86,2
12,12,20250525,2.5,5,22.98,1
12,12,20250615,2.0,4,19.26,1
12,13,20240626,3.5,7,18.18,1
12,13,20240724,1.0,2,9.22,1
12,13,20240818,0.5,1,4.21,1
12,13,20240831,1.5,3,11.61,1
12,13,20240918,3.0,6,13.73,1
12,13,20241020,2.5,5,25.61,1
12,13,20250130,0.5,1,6.64,1
12,13,20250409,2.5,5,14.87,1
12,13,20250412,9.5,19,44.38,1
12,13,20250506,4.5,9,24.06,1
12,13,20250515,3.0,6,26.66,1
12,13,20250602,1.5,3,14.65,1
12,13,20250621,2.5,5,22.37,1
12,14,20240704,4.5,9,30.56,1
12,14,20240930,0.5,1,1.82,1
12,14,20241121,3.0,6,23.46,1
12,14,20241205,6.0,12,46.81,2
12,14,20241208,1.0,2,14.21,1
12,14,20250325,1.5,3,14.89,1
12,14,20250331,5.5,11,26.98,1
12,14,20250430,1.5,3,16.3,1
12,15,20240625,2.0,4,9.56,1
12,15,20240711,4.5,9,30.9,2
12,15,20240730,5.5,11,24.97,1
12,15,20240810,0.5,1,3.9,1
12,15,20240814,3.0,6,33.76,1
12,15,20240819,1.0,2,7.96,1
12,15,20240820,1.0,2,10.27,1
12,15,20240829,2.0,4,15.1,1
12,15,20240914,1.0,2,11.86,1
12,15,20241004,5.5,11,44.79,1
12,15,20241007,3.0,6,23.78,1
12,15,20241011,0.5,1,3.05,1
12,15,20241015,3.5,7,19.64,1
12,15,20241029,2.0,4,16.74,1
12,15,20241105,2.0,4,21.02,1
12,15,20241106,1.5,3,9.3,1
12,15,20241110,1.0,2,10.47,1
12,15,20241112,1.5,3,14.35,1
12,15,20241117,0.5,1,1.61,1
12,15,20241206,1.5,3,15.7,1
12,15,20241207,1.5,3,14.54,1
12,15,20241223,0.5,1,2.89,1
12,15,20250106,11.0,22,50.58,1
12,15,20250109,0.5,1,3.52,1
12,15,20250112,0.5,1,4.19,1
12,15,20250118,4.5,9,39.26,1
12,15,20250129,3.5,7,28.86,1
12,15,20250130,0.5,1,7.4,1
12,15,20250204,0.5,1,5.67,1
12,15,20250210,2.5,5,18.74,1
12,15,20250224,4.5,9,34.69,1
12,15,20250304,4.5,9,44.19,2
12,15,20250309,3.0,6,25.87,1
12,15,20250311,1.0,2,7.64,1
12,15,20250329,2.0,4,13.11,1
12,15,20250413,7.5,15,56.91,1
12,15,20250418,0.5,1,6.9,1
12,15,20250421,3.0,6,20.84,1
12,15,20250423,0.5,1,2.21,1
12,15,20250428,1.0,2,8.82,1
12,15,20250506,3.0,6,26.53,1
12,15,20250517,1.5,3,13.49,1
12,15,20250522,5.0,10,23.29,1
12,15,20250523,3.5,7,18.86,1
12,15,20250525,1.0,2,7.09,1
12,15,20250615,5.5,11,28.38,1
12,15,20250622,3.5,7,34.73,1
12,16,20240628,1.5,3,7.24,1
12,16,20240705,4.0,8,38.37,2
12,16,20240709,0.5,1,2.23,1
12,16,20240711,0.5,1,8.21,1
12,16,20240713,2.5,5,18.17,1
12,16,20240717,2.0,4,18.04,1
12,16,20240718,4.0,8,22.51,1
12,16,20240721,2.5,5,18.02,1
12,16,20240728,0.5,1,5.9,1
12,16,20240804,2.0,4,11.57,1
12,16,20240806,1.0,2,9.7,1
12,16,20240828,0.5,1,8.53,1
12,16,20240901,6.5,13,31.23,1
12,16,20240903,4.5,9,20.58,1
12,16,20240918,1.0,2,11.75,1
12,16,20240925,3.0,6,25.41,1
12,16,20240926,6.0,12,57.85,2
12,16,20241006,0.5,1,3.25,1
12,16,20241009,3.0,6,23.21,1
12,16,20241103,2.5,5,24.13,1
12,16,20241109,4.5,9,18.75,1
12,16,20241112,4.5,9,26.29,1
12,16,20241114,2.0,4,8.91,1
12,16,20241122,1.5,3,14.91,1
12,16,20241125,1.0,2,11.13,1
12,16,20241219,6.0,12,27.51,1
12,16,20241223,7.5,15,56.87,1
12,16,20241228,0.5,1,3.83,1
12,16,20250104,2.0,4,17.69,1
12,16,20250111,1.0,2,13.54,1
12,16,20250202,3.0,6,20.22,1
12,16,20250208,0.5,1,4.06,1
12,16,20250228,3.0,6,31.32,1
12,16,20250317,1.0,2,7.54,1
12,16,20250322,3.0,6,16.42,2
12,16,20250401,0.5,1,6.16,1
12,16,20250408,2.5,5,23.03,1
12,16,20250420,0.5,1,3.78,1
12,16,20250422,2.0,4,17.87,1
12,16,20250429,0.5,1,8.0,1
12,16,20250503,1.0,2,11.06,1
12,16,20250510,4.0,8,23.57,1
12,16,20250525,0.5,1,0.74,1
12,16,20250527,2.0,4,18.37,1
12,16,20250531,2.0,4,20.52,1
12,16,20250620,1.5,3,8.69,1
12,16,20250623,4.5,9,23.33,1
12,17,20240625,3.0,6,19.84,1
12,17,20240709,1.0,2,8.06,1
12,17,20240715,1.0,2,11.2,1
12,17,20240810,1.0,2,11.41,1
12,17,20240820,3.5,7,34.17,1
12,17,20240902,1.5,3,8.23,1
12,17,20240911,0.5,1,4.45,1
12,17,20240914,1.5,3,14.98,1
12,17,20240922,0.5,1,4.94,1
12,17,20240925,3.0,6,16.51,1
12,17,20241002,1.0,2,8.08,1
12,17,20241005,0.5,1,7.78,1
12,17,20241014,2.5,5,26.11,1
12,17,20241016,6.5,13,35.74,1
12,17,20241029,9.5,19,41.55,1
12,17,20241104,5.0,10,40.57,1
12,17,20241126,2.5,5,21.49,1
12,17,20241206,2.0,4,18.6,1
12,17,20250101,1.5,3,11.05,1
12,17,20250202,0.5,1,4.78,1
12,17,20250204,5.0,10,25.85,1
12,17,20250207,3.0,6,20.85,1
12,17,20250210,0.5,1,0.82,1
12,17,20250212,1.0,2,5.9,1
12,17,20250306,1.5,3,14.1,1
12,17,20250311,0.5,1,3.94,1
12,17,20250319,1.5,3,11.84,1
12,17,20250320,2.0,4,15.72,1
12,17,20250329,4.0,8,23.9,1
12,17,20250403,1.0,2,11.36,1
12,17,20250409,9.5,19,46.03,1
12,17,20250410,3.0,6,17.23,1
12,17,20250411,2.0,4,20.16,1
12,17,20250422,7.0,14,31.33,1
12,17,20250503,2.0,4,19.96,1
12,17,20250505,2.0,4,15.56,1
12,17,20250601,0.5,1,3.09,1
12,17,20250605,1.5,3,16.08,1
12,18,20240626,0.5,1,5.92,1
12,18,20240705,9.0,18,50.89,1
12,18,20240714,5.0,10,48.05,1
12,18,20240810,2.0,4,19.35,1
12,18,20240816,1.0,2,11.31,1
12,18,20240819,1.0,2,10.41,1
12,18,20240904,5.0,10,27.57,1
12,18,20240907,1.5,3,12.84,1
12,18,20240913,1.0,2,10.81,1
12,18,20240923,3.5,7,15.44,1
12,18,20240926,5.0,10,31.48,1
12,18,20241001,4.0,8,42.16,2
12,18,20241006,1.5,3,14.95,1
12,18,20241113,0.5,1,5.98,1
12,18,20241114,3.0,6,29.04,1
12,18,20241130,1.0,2,5.33,1
12,18,20241224,1.0,2,6.5,1
12,18,20241231,2.0,4,16.4,1
12,18,20250107,1.5,3,12.77,1
12,18,20250118,2.0,4,16.16,1
12,18,20250123,7.0,14,39.49,1
12,18,20250125,1.0,2,8.03,1
12,18,20250128,4.5,9,23.13,1
12,18,20250202,1.5,3,10.79,1
12,18,20250214,4.0,8,28.19,1
12,18,20250307,0.5,1,7.4,1
12,18,20250321,3.0,6,25.03,2
12,18,20250403,1.5,3,13.36,1
12,18,20250404,1.5,3,13.73,1
12,18,20250421,4.5,9,41.24,1
12,18,20250428,3.0,6,32.76,2
12,18,20250508,4.0,8,30.16,1
12,18,20250509,2.5,5,12.52,1
12,18,20250602,2.5,5,24.46,1
12,18,20250604,3.0,6,20.41,1
12,18,20250617,2.0,4,17.71,1
12,19,20240702,1.0,2,10.1,1
12,19,20240704,1.0,2,5.39,1
12,19,20240706,0.5,1,2.46,1
12,19,20240731,3.5,7,24.04,1
12,19,20240806,2.0,4,16.9,1
12,19,20240815,7.5,15,35.36,2
12,19,20240919,1.5,3,17.95,1
12,19,20240925,4.5,9,26.06,2
12,19,20241003,2.5,5,20.7,1
12,19,20241005,1.0,2,6.51,1
12,19,20241014,3.0,6,28.8,1
12,19,20241025,2.0,4,19.8,1
12,19,20241111,0.5,1,4.14,1
12,19,20241123,2.5,5,23.75,1
12,19,20241129,2.0,4,21.41,1
12,19,20241206,2.5,5,20.5,1
12,19,20241225,3.5,7,23.25,1
12,19,20250103,4.5,9,30.42,1
12,19,20250108,2.0,4,13.77,1
12,19,20250109,5.0,10,23.57,1
12,19,20250122,0.5,1,2.63,1
12,19,20250128,6.5,13,37.05,1
12,19,20250203,4.0,8,23.45,1
12,19,20250215,5.0,10,41.97,1
12,19,20250220,8.5,17,45.98,1
12,19,20250308,4.0,8,16.38,1
12,19,20250320,3.0,6,15.57,1
12,19,20250324,0.5,1,0.96,1
12,19,20250325,4.0,8,30.03,1
12,19,20250410,6.5,13,33.54,1
12,19,20250429,0.5,1,2.03,1
12,19,20250503,1.5,3,9.89,1
12,19,20250510,1.5,3,11.81,1
12,19,20250516,2.5,5,18.24,1
12,19,20250603,0.5,1,0.64,1
12,19,20250613,8.5,17,56.62,2
12,19,20250619,1.0,2,8.72,1
12,20,20240629,2.0,4,21.79,1
12,20,20240703,1.5,3,13.79,1
12,20,20240721,3.0,6,14.18,1
12,20,20240731,1.0,2,9.25,1
12,20,20240801,0.5,1,3.72,1
12,20,20240803,1.0,2,10.24,2
12,20,20240814,1.0,2,13.59,1
12,20,20240820,1.0,2,5.43,1
12,20,20240828,1.5,3,15.93,1
12,20,20240830,3.5,7,35.29,1
12,20,20240901,3.0,6,30.48,1
12,20,20240904,5.5,11,44.36,1
12,20,20240905,1.0,2,9.61,1
12,20,20240911,9.0,18,41.07,3
12,20,20240912,11.5,23,81.61,1
12,20,20240921,1.5,3,13.33,1
12,20,20241029,2.5,5,21.48,1
12,20,20241105,3.5,7,19.11,1
12,20,20241106,1.0,2,7.76,1
12,20,20241122,0.5,1,3.64,1
12,20,20241201,5.0,10,24.11,1
12,20,20241208,2.0,4,18.26,1
12,20,20241211,9.0,18,42.24,1
12,20,20241218,1.5,3,14.99,1
12,20,20241225,3.0,6,21.34,1
12,20,20241231,1.0,2,6.3,1
12,20,20250117,3.0,6,19.0,1
12,20,20250126,1.5,3,17.76,1
12,20,20250210,4.0,8,31.86,1
12,20,20250302,1.5,3,12.47,1
12,20,20250310,2.0,4,11.95,1
12,20,20250315,5.0,10,24.62,1
12,20,20250403,3.0,6,16.68,1
12,20,20250407,1.5,3,10.57,1
12,20,20250412,2.0,4,9.81,1
12,20,20250428,1.5,3,9.24,1
12,20,20250503,2.5,5,23.05,1
12,20,20250509,1.0,2,7.21,1
12,20,20250521,3.0,6,21.12,1
12,20,20250526,1.5,3,13.42,1
12,20,20250612,2.0,4,9.42,1
12,21,20240806,3.5,7,22.12,1
12,21,20240817,1.0,2,6.29,1
12,21,20240819,6.0,12,27.77,1
12,21,20240906,3.0,6,24.71,1
12,21,20240908,6.5,13,36.94,1
12,21,20240917,6.0,12,36.44,2
12,21,20240922,4.5,9,26.08,1
12,21,20241014,5.0,10,43.98,1
12,21,20241021,1.0,2,9.81,1
12,21,20241028,1.0,2,11.27,1
12,21,20241101,0.5,1,5.3,1
12,21,20241108,2.0,4,17.74,1
12,21,20241124,17.0,34,77.67,1
12,21,20241126,4.0,8,39.68,1
12,21,20241215,1.0,2,10.81,1
12,21,20241220,6.0,12,27.51,1
12,21,20241231,1.5,3,11.77,1
12,21,20250104,0.5,1,6.35,1
12,21,20250115,4.5,9,24.4,1
12,21,20250118,4.0,8,18.0,1
12,21,20250130,0.5,1,6.35,1
12,21,20250206,1.5,3,8.43,1
12,21,20250209,1.0,2,5.7,1
12,21,20250211,4.0,8,21.52,1
12,21,20250215,1.0,2,8.68,1
12,21,20250220,1.0,2,10.03,1
12,21,20250224,0.5,1,7.34,1
12,21,20250319,3.0,6,17.93,1
12,21,20250320,1.5,3,13.21,1
12,21,20250322,1.0,2,6.19,1
12,21,20250325,1.5,3,8.65,1
12,21,20250407,10.0,20,45.54,1
12,21,20250408,4.5,9,24.99,1
12,21,20250428,0.5,1,2.8,1
12,21,20250503,3.0,6,30.87,1
12,21,20250516,2.5,5,24.65,1
12,21,20250528,1.0,2,5.03,1
12,21,20250621,4.0,8,40.62,1
13,1,20240815,4.0,8,25.17,1
13,1,20240821,0.5,1,4.98,1
13,1,20240903,1.5,3,10.12,1
13,1,20240908,6.5,13,53.5,1
13,1,20241122,0.5,1,3.64,1
13,1,20250103,2.0,4,16.64,1
13,1,20250114,3.0,6,23.51,1
13,1,20250115,1.0,2,5.97,1
13,1,20250225,1.5,3,12.68,1
13,1,20250322,5.0,10,29.56,1
13,1,20250407,3.5,7,25.21,1
13,1,20250606,2.5,5,18.72,1
13,1,20250622,1.5,3,13.03,1
13,1,20250624,0.5,1,2.59,1
13,2,20240630,14.0,28,68.09,1
13,2,20240718,9.5,19,73.22,1
13,2,20240804,3.5,7,24.07,1
13,2,20240807,4.0,8,23.07,1
13,2,20240815,0.5,1,6.11,1
13,2,20241001,1.5,3,8.83,1
13,2,20241026,3.0,6,17.51,1
13,2,20241103,1.5,3,9.03,1
13,2,20241121,7.0,14,29.59,1
13,2,20241224,3.0,6,23.41,1
13,2,20250211,3.0,6,19.27,1
13,2,20250223,0.5,1,4.45,1
13,2,20250228,1.5,3,16.7,1
13,2,20250611,0.5,1,3.74,1
13,3,20240624,1.5,3,14.07,1
13,3,20240630,1.5,3,16.35,1
13,3,20240726,1.0,2,11.38,1
13,3,20240809,0.5,1,4.73,1
13,3,20241121,1.5,3,16.72,1
13,3,20250209,2.5,5,22.52,1
13,3,20250221,2.5,5,13.31,1
13,3,20250228,1.5,3,12.14,1
13,3,20250423,2.5,5,24.24,1
13,3,20250619,2.5,5,26.93,1
13,4,20240731,0.5,1,4.38,1
13,4,20240915,6.5,13,30.59,1
13,4,20241120,1.0,2,9.78,1
13,4,20241124,5.0,10,32.5,1
13,4,20241220,0.5,1,7.79,1
13,4,20250103,1.5,3,16.84,1
13,4,20250131,2.0,4,18.91,1
13,4,20250422,2.5,5,26.51,1
13,4,20250519,1.5,3,13.25,1
13,4,20250524,1.0,2,12.35,1
13,5,20240722,1.5,3,8.49,1
13,5,20240810,6.5,13,44.21,1
13,5,20240831,2.0,4,13.31,1
13,5,20240904,1.0,2,8.18,1
13,5,20240914,1.5,3,14.26,1
13,5,20250108,15.0,30,62.38,1
13,5,20250113,0.5,1,7.32,1
13,5,20250126,0.5,1,4.12,1
13,5,20250127,3.0,6,15.14,1
13,5,20250308,0.5,1,0.71,1
13,5,20250328,1.5,3,14.89,1
13,5,20250405,1.0,2,10.82,1
13,5,20250522,0.5,1,3.62,1
13,6,20240712,3.5,7,14.28,1
13,6,20240724,2.5,5,25.63,1
13,6,20241014,0.5,1,4.27,1
13,6,20241125,4.0,8,21.55,1
13,6,20241128,4.0,8,20.62,1
13,6,20250109,1.5,3,14.2,1
13,6,20250115,2.0,4,22.05,1
13,6,20250125,4.5,9,28.2,1
13,6,20250131,5.0,10,21.78,1
13,6,20250202,0.5,1,3.83,1
13,6,20250225,4.0,8,22.77,1
13,6,20250406,0.5,1,4.17,1
13,6,20250504,0.5,1,7.14,1
13,6,20250525,1.0,2,8.98,1
13,6,20250609,1.0,2,9.6,1
13,6,20250618,1.0,2,9.57,1
13,7,20240625,2.0,4,10.05,1
13,7,20240804,0.5,1,1.28,1
13,7,20240812,3.0,6,14.4,1
13,7,20240819,0.5,1,4.34,1
13,7,20240913,1.0,2,8.77,1
13,7,20241009,0.5,1,4.28,1
13,7,20241018,2.5,5,16.05,1
13,7,20241030,2.0,4,18.53,1
13,7,20241119,0.5,1,6.76,1
13,7,20241212,3.5,7,33.96,1
13,7,20241214,2.0,4,11.92,1
13,7,20250106,3.5,7,19.09,1
13,7,20250126,1.0,2,7.47,1
13,7,20250128,2.0,4,19.18,1
13,7,20250217,4.5,9,33.2,1
13,7,20250305,0.5,1,0.73,1
13,7,20250409,0.5,1,4.51,1
13,7,20250416,1.5,3,18.81,2
13,7,20250610,4.5,9,19.67,1
13,8,20240719,8.0,16,38.99,1
13,8,20240812,3.0,6,17.53,1
13,8,20240919,4.5,9,27.1,1
13,8,20240926,1.5,3,16.18,1
13,8,20241005,10.5,21,70.56,1
13,8,20250209,10.5,21,48.36,1
13,8,20250322,7.0,14,55.72,1
13,8,20250415,1.0,2,5.62,1
13,8,20250416,2.5,5,24.69,1
13,8,20250523,2.0,4,9.91,1
13,8,20250606,1.5,3,13.5,1
13,9,20240801,7.0,14,49.64,2
13,9,20240810,0.5,1,4.24,1
13,9,20240815,1.0,2,8.97,1
13,9,20240923,1.0,2,12.22,1
13,9,20241104,7.0,14,29.7,1
13,9,20241207,2.0,4,11.57,1
13,9,20241220,2.0,4,15.57,2
13,9,20250111,5.0,10,48.26,1
13,9,20250119,3.5,7,21.78,1
13,9,20250328,5.0,10,46.82,1
13,9,20250411,1.5,3,11.49,1
13,10,20240626,0.5,1,4.34,1
13,10,20240713,4.5,9,43.91,1
13,10,20240813,1.0,2,6.73,1
13,10,20240814,4.5,9,19.19,1
13,10,20240821,1.0,2,7.78,1
13,10,20240825,6.0,12,33.6,1
13,10,20240903,1.0,2,6.97,1
13,10,20240906,2.0,4,20.23,1
13,10,20241011,10.5,21,43.59,1
13,10,20241030,1.5,3,16.91,1
13,10,20241031,3.0,6,19.7,1
13,10,20241109,1.5,3,15.35,1
13,10,20241115,1.0,2,11.14,1
13,10,20241210,4.5,9,31.51,1
13,10,20241212,1.0,2,7.58,1
13,10,20250114,2.5,5,24.54,1
13,10,20250126,3.5,7,16.47,1
13,10,20250228,2.5,5,18.56,1
13,10,20250308,0.5,1,5.12,1
13,10,20250324,1.0,2,10.41,1
13,10,20250502,2.5,5,26.26,1
13,10,20250611,1.5,3,11.16,1
13,10,20250612,1.5,3,12.1,1
13,11,20240701,0.5,1,5.33,1
13,11,20240715,2.0,4,15.71,1
13,11,20240719,4.0,8,36.18,1
13,11,20241116,0.5,1,4.96,1
13,11,20241208,1.0,2,6.24,1
13,11,20241230,1.0,2,9.93,1
13,11,20250301,4.5,9,39.87,2
13,11,20250313,1.5,3,14.69,1
13,11,20250330,2.0,4,21.33,1
13,11,20250403,3.0,6,23.86,1
13,11,20250517,1.0,2,8.69,1
13,11,20250620,0.5,1,5.23,1
13,12,20240813,4.0,8,30.23,1
13,12,20240904,2.0,4,10.38,1
13,12,20240905,0.5,1,6.36,1
13,12,20240920,1.5,3,13.9,1
13,12,20240928,4.0,8,23.55,1
13,12,20240929,5.0,10,45.47,1
13,12,20241014,10.5,21,49.12,1
13,12,20241116,4.5,9,20.5,1
13,12,20241211,1.0,2,9.09,1
13,12,20250203,1.5,3,16.07,1
13,12,20250217,1.0,2,12.86,1
13,12,20250330,1.5,3,13.72,1
13,12,20250510,2.0,4,9.13,1
13,12,20250511,1.5,3,14.41,1
13,12,20250515,0.5,1,5.68,1
13,12,20250607,1.0,2,8.47,1
13,12,20250618,4.0,8,18.32,1
13,13,20240704,3.0,6,13.85,1
13,13,20240714,1.5,3,7.72,1
13,13,20240922,1.5,3,16.56,1
13,13,20240928,6.5,13,34.03,1
13,13,20240929,2.5,5,21.82,1
13,13,20250203,1.5,3,16.12,1
13,13,20250221,0.5,1,1.21,1
13,13,20250406,0.5,1,6.39,1
13,13,20250416,3.0,6,30.21,1
13,13,20250605,1.0,2,12.11,1
13,14,20240626,1.0,2,7.94,1
13,14,20240713,1.5,3,9.5,1
13,14,20240815,5.0,10,49.67,1
13,14,20240902,8.0,16,44.44,1
13,14,20240903,1.5,3,9.48,1
13,14,20240907,1.5,3,7.07,1
13,14,20241019,0.5,1,4.0,1
13,14,20241111,2.0,4,14.4,1
13,14,20241226,0.5,1,8.26,1
13,14,20241230,1.0,2,8.54,1
13,14,20250106,2.0,4,13.87,1
13,14,20250127,6.0,12,60.5,1
13,14,20250303,2.5,5,21.63,1
13,14,20250321,9.5,19,40.2,1
13,14,20250327,2.0,4,21.17,1
13,14,20250407,1.0,2,9.05,1
13,14,20250518,0.5,1,6.22,1
13,14,20250610,2.5,5,12.38,1
13,14,20250621,4.5,9,35.77,1
13,15,20240629,3.5,7,21.64,1
13,15,20240630,5.5,11,41.31,1
13,15,20240702,0.5,1,3.43,1
13,15,20240709,1.0,2,9.57,1
13,15,20240715,13.0,26,54.39,1
13,15,20240805,1.5,3,14.37,1
13,15,20240808,4.0,8,33.73,1
13,15,20240810,3.0,6,21.38,2
13,15,20240812,1.5,3,10.04,1
13,15,20240813,2.0,4,19.98,1
13,15,20240815,1.5,3,12.37,1
13,15,20240826,2.5,5,20.93,1
13,15,20240902,3.5,7,16.61,1
13,15,20240903,1.5,3,14.77,1
13,15,20240915,5.0,10,27.3,1
13,15,20240923,0.5,1,2.84,1
13,15,20241005,12.5,25,54.73,1
13,15,20241008,0.5,1,3.49,1
13,15,20241201,3.0,6,14.23,1
13,15,20241213,2.0,4,23.24,1
13,15,20241218,6.0,12,26.53,1
13,15,20241227,1.0,2,11.72,1
13,15,20241230,2.0,4,21.68,1
13,15,20250106,2.0,4,9.0,1
13,15,20250108,1.5,3,7.77,1
13,15,20250125,1.5,3,19.22,1
13,15,20250128,2.5,5,22.86,1
13,15,20250205,0.5,1,4.46,1
13,15,20250324,7.0,14,45.63,1
13,15,20250412,1.5,3,15.44,1
13,15,20250416,0.5,1,6.76,1
13,15,20250420,1.0,2,10.32,1
13,15,20250425,5.5,11,32.08,1
13,15,20250502,1.5,3,16.56,1
13,15,20250505,1.0,2,10.15,1
13,15,20250506,2.0,4,18.62,1
13,15,20250509,3.0,6,31.4,1
13,15,20250511,3.5,7,21.01,1
13,15,20250514,5.0,10,26.36,1
13,15,20250524,2.0,4,18.09,1
13,15,20250529,8.0,16,37.5,1
13,15,20250530,0.5,1,6.33,1
13,15,20250603,7.0,14,36.12,1
13,15,20250611,1.5,3,17.83,1
13,15,20250617,1.0,2,5.51,1
13,15,20250624,1.5,3,13.43,1
13,16,20240625,0.5,1,8.63,1
13,16,20240716,3.5,7,25.12,1
13,16,20240727,2.0,4,20.76,1
13,16,20240728,10.0,20,59.17,1
13,16,20240801,3.5,7,23.01,1
13,16,20240808,1.5,3,9.67,1
13,16,20240828,2.0,4,22.18,1
13,16,20240903,5.5,11,24.96,1
13,16,20240921,3.0,6,23.47,1
13,16,20240923,3.5,7,24.44,1
13,16,20240927,2.5,5,21.5,1
13,16,20241011,3.0,6,25.87,1
13,16,20241029,1.0,2,4.87,1
13,16,20241116,2.0,4,17.23,1
13,16,20241127,5.5,11,37.49,1
13,16,20241207,3.0,6,21.35,1
13,16,20241208,3.0,6,23.44,1
13,16,20241211,5.5,11,32.13,1
13,16,20241217,4.0,8,28.42,1
13,16,20250103,8.0,16,53.06,1
13,16,20250124,4.5,9,23.22,1
13,16,20250126,3.5,7,29.57,1
13,16,20250129,3.0,6,14.95,1
13,16,20250131,7.0,14,65.59,1
13,16,20250210,1.0,2,10.57,1
13,16,20250228,4.0,8,28.06,1
13,16,20250307,2.5,5,20.52,1
13,16,20250312,0.5,1,4.94,1
13,16,20250321,1.0,2,8.06,1
13,16,20250329,7.0,14,46.79,3
13,16,20250402,4.0,8,23.94,1
13,16,20250407,2.0,4,11.03,1
13,16,20250411,2.5,5,12.62,1
13,16,20250421,3.0,6,23.1,1
13,16,20250428,4.0,8,42.94,1
13,16,20250429,2.0,4,12.1,1
13,16,20250506,0.5,1,4.1,1
13,16,20250509,0.5,1,4.87,1
13,16,20250510,1.0,2,7.11,1
13,16,20250513,2.5,5,20.09,1
13,16,20250524,2.5,5,11.04,1
13,16,20250531,4.5,9,26.14,1
13,16,20250603,2.0,4,13.25,1
13,16,20250609,2.5,5,23.78,1
13,16,20250617,9.0,18,39.75,1
13,17,20240701,2.5,5,24.94,1
13,17,20240706,5.5,11,29.68,1
13,17,20240711,1.0,2,9.52,1
13,17,20240713,5.5,11,42.8,1
13,17,20240804,8.5,17,55.0,1
13,17,20240820,2.5,5,21.65,1
13,17,20240827,1.0,2,7.22,1
13,17,20240904,5.5,11,27.15,1
13,17,20240913,0.5,1,1.14,1
13,17,20240918,3.5,7,19.71,1
13,17,20241002,1.5,3,12.25,1
13,17,20241006,8.5,17,44.39,1
13,17,20241011,2.5,5,15.91,1
13,17,20241014,0.5,1,2.53,1
13,17,20241017,4.5,9,25.04,1
13,17,20241023,11.0,22,47.37,1
13,17,20241024,1.0,2,8.71,1
13,17,20241028,2.5,5,17.6,1
13,17,20241105,1.0,2,6.36,1
13,17,20241106,5.5,11,22.06,1
13,17,20241107,2.5,5,25.69,1
13,17,20241122,2.0,4,18.62,1
13,17,20241129,0.5,1,9.08,1
13,17,20241130,1.5,3,11.89,1
13,17,20241203,2.5,5,13.99,1
13,17,20241210,1.5,3,14.54,1
13,17,20241213,1.5,3,16.99,1
13,17,20241217,5.0,10,36.16,1
13,17,20241225,1.5,3,12.88,1
13,17,20241227,2.5,5,20.07,1
13,17,20241231,3.5,7,33.56,2
13,17,20250115,3.5,7,15.5,1
13,17,20250117,12.0,24,70.64,1
13,17,20250122,1.0,2,12.28,1
13,17,20250131,2.0,4,18.37,1
13,17,20250205,2.5,5,21.91,1
13,17,20250206,3.0,6,27.15,2
13,17,20250211,5.0,10,31.91,1
13,17,20250301,5.5,11,32.95,2
13,17,20250302,0.5,1,3.55,1
13,17,20250326,4.0,8,31.15,1
13,17,20250331,4.5,9,24.79,1
13,17,20250416,1.0,2,14.17,1
13,17,20250423,4.5,9,20.28,1
13,17,20250424,5.0,10,25.32,1
13,17,20250510,4.0,8,21.96,1
13,17,20250518,3.0,6,20.48,1
13,17,20250527,1.5,3,16.21,1
13,17,20250528,4.5,9,34.09,2
13,17,20250531,0.5,1,5.1,1
13,17,20250618,3.5,7,15.16,1
13,17,20250624,5.0,10,38.66,1
13,18,20240626,4.0,8,35.06,1
13,18,20240627,1.5,3,14.49,1
13,18,20240629,0.5,1,4.43,1
13,18,20240705,0.5,1,3.21,1
13,18,20240709,2.0,4,13.05,1
13,18,20240717,9.5,19,42.31,1
13,18,20240721,1.0,2,6.68,1
13,18,20240727,0.5,1,7.63,1
13,18,20240820,0.5,1,3.46,1
13,18,20240929,1.0,2,7.18,1
13,18,20241002,2.5,5,21.39,1
13,18,20241003,0.5,1,6.77,1
13,18,20241007,4.5,9,20.47,1
13,18,20241016,1.5,3,17.53,1
13,18,20241018,0.5,1,4.37,1
13,18,20241024,6.5,13,27.29,1
13,18,20241028,1.5,3,14.63,1
13,18,20241031,6.0,12,33.96,1
13,18,20241101,6.5,13,46.43,1
13,18,20241111,3.0,6,20.24,1
13,18,20241121,3.0,6,16.28,1
13,18,20241123,1.0,2,11.47,1
13,18,20241126,0.5,1,3.79,1
13,18,20241127,5.5,11,47.4,1
13,18,20241206,2.0,4,17.9,1
13,18,20241207,0.5,1,1.91,1
13,18,20241211,7.0,14,32.26,1
13,18,20241228,1.5,3,17.48,1
13,18,20241229,0.5,1,2.15,1
13,18,20250104,6.5,13,55.83,2
13,18,20250116,1.0,2,9.8,1
13,18,20250117,1.5,3,13.43,1
13,18,20250118,6.0,12,43.15,2
13,18,20250121,1.5,3,15.61,2
13,18,20250130,1.5,3,14.78,1
13,18,20250201,1.5,3,10.91,1
13,18,20250204,2.0,4,10.7,1
13,18,20250216,4.5,9,26.65,1
13,18,20250223,3.5,7,27.71,1
13,18,20250224,0.5,1,7.64,1
13,18,20250306,1.0,2,5.9,1
13,18,20250308,0.5,1,9.04,1
13,18,20250315,6.0,12,39.72,1
13,18,20250404,0.5,1,5.21,1
13,18,20250422,4.0,8,18.42,1
13,18,20250426,0.5,1,0.37,1
13,18,20250427,10.0,20,70.08,2
13,18,20250506,11.5,23,56.69,1
13,18,20250514,5.0,10,24.36,1
13,18,20250519,3.0,6,14.66,1
13,18,20250602,4.5,9,24.2,1
13,18,20250607,5.5,11,34.32,1
13,18,20250614,7.5,15,42.59,2
13,18,20250618,1.5,3,11.51,1
13,18,20250619,12.5,25,76.29,1
13,18,20250623,3.0,6,14.88,1
13,19,20240702,2.0,4,17.81,1
13,19,20240706,2.5,5,12.32,1
13,19,20240707,1.5,3,14.01,1
13,19,20240714,2.5,5,23.21,1
13,19,20240730,2.5,5,25.44,1
13,19,20240817,2.0,4,20.81,1
13,19,20240830,3.5,7,19.39,1
13,19,20240905,2.0,4,11.74,1
13,19,20240911,1.0,2,10.48,1
13,19,20240929,4.5,9,31.99,2
13,19,20241003,5.5,11,38.81,1
13,19,20241018,0.5,1,3.59,1
13,19,20241022,1.5,3,13.95,1
13,19,20241024,2.0,4,17.38,1
13,19,20241117,4.0,8,20.64,1
13,19,20241129,3.5,7,37.72,1
13,19,20241202,5.0,10,23.91,1
13,19,20241211,0.5,1,3.08,1
13,19,20241224,1.5,3,9.61,1
13,19,20250105,3.0,6,23.5,1
13,19,20250110,5.0,10,49.94,1
13,19,20250112,4.0,8,19.29,1
13,19,20250119,0.5,1,4.11,1
13,19,20250130,7.5,15,40.71,1
13,19,20250131,3.5,7,30.18,1
13,19,20250212,1.0,2,10.7,1
13,19,20250213,2.0,4,14.99,1
13,19,20250217,1.5,3,13.39,1
13,19,20250219,5.5,11,22.96,1
13,19,20250228,4.0,8,37.09,1
13,19,20250318,2.5,5,24.75,1
13,19,20250328,1.0,2,9.77,1
13,19,20250403,0.5,1,4.74,1
13,19,20250404,1.0,2,7.11,1
13,19,20250411,3.5,7,19.39,1
13,19,20250421,1.5,3,12.89,1
13,19,20250423,7.5,15,31.33,1
13,19,20250502,2.5,5,12.31,1
13,19,20250505,4.0,8,29.44,1
13,19,20250515,6.0,12,41.2,1
13,19,20250519,9.0,18,57.41,1
13,19,20250520,1.0,2,14.22,1
13,19,20250527,6.5,13,60.98,1
13,19,20250608,10.0,20,47.81,1
13,20,20240624,1.0,2,9.55,1
13,20,20240724,6.5,13,31.23,1
13,20,20240726,7.0,14,56.67,2
13,20,20240806,3.0,6,22.86,1
13,20,20240815,0.5,1,3.72,1
13,20,20240819,4.0,8,27.48,1
13,20,20240822,1.0,2,13.4,1
13,20,20240823,1.0,2,12.91,1
13,20,20240824,2.0,4,13.48,1
13,20,20240825,1.0,2,6.67,1
13,20,20240914,6.0,12,35.47,1
13,20,20240930,3.5,7,20.52,1
13,20,20241001,1.5,3,10.18,1
13,20,20241102,6.0,12,49.77,1
13,20,20241109,3.5,7,28.76,1
13,20,20241113,8.0,16,52.54,2
13,20,20241130,1.5,3,16.64,1
13,20,20241209,5.0,10,38.66,2
13,20,20241214,8.5,17,53.07,1
13,20,20241218,1.5,3,10.05,1
13,20,20241227,4.0,8,17.5,1
13,20,20250102,0.5,1,1.48,1
13,20,20250108,0.5,1,3.88,1
13,20,20250112,3.5,7,21.53,2
13,20,20250119,4.5,9,26.44,1
13,20,20250120,1.0,2,11.99,1
13,20,20250121,2.5,5,20.94,1
13,20,20250126,3.0,6,22.2,1
13,20,20250215,2.0,4,12.76,1
13,20,20250216,0.5,1,4.82,1
13,20,20250227,0.5,1,2.79,1
13,20,20250321,1.5,3,15.78,1
13,20,20250414,0.5,1,1.24,1
13,20,20250426,3.5,7,29.71,1
13,20,20250509,0.5,1,7.53,1
13,20,20250512,1.0,2,13.18,1
13,20,20250519,7.0,14,30.75,1
13,20,20250522,0.5,1,2.19,1
13,20,20250602,1.5,3,12.24,1
13,20,20250605,0.5,1,7.13,1
13,20,20250606,4.5,9,38.43,1
13,20,20250612,3.0,6,25.9,1
13,20,20250617,3.0,6,18.53,1
13,20,20250621,1.0,2,6.22,1
13,21,20240705,2.0,4,14.01,1
13,21,20240710,0.5,1,5.2,1
13,21,20240719,3.0,6,16.27,1
13,21,20240729,3.0,6,19.15,1
13,21,20240810,2.0,4,18.38,1
13,21,20240817,1.5,3,13.33,1
13,21,20240826,3.0,6,27.53,1
13,21,20240827,3.5,7,19.31,1
13,21,20240829,3.0,6,14.79,1
13,21,20240922,2.5,5,22.57,1
13,21,20241026,1.5,3,11.68,1
13,21,20241028,2.0,4,17.99,1
13,21,20241029,6.0,12,37.21,2
13,21,20241128,4.0,8,22.57,1
13,21,20241226,0.5,1,6.99,1
13,21,20250102,2.0,4,13.25,1
13,21,20250104,2.0,4,17.02,1
13,21,20250110,1.0,2,10.74,1
13,21,20250115,0.5,1,7.62,1
13,21,20250117,1.0,2,13.75,1
13,21,20250120,5.0,10,48.84,1
13,21,20250124,3.0,6,13.69,1
13,21,20250204,0.5,1,4.6,1
13,21,20250215,1.0,2,8.53,1
13,21,20250217,0.5,1,4.47,1
13,21,20250328,2.0,4,12.54,1
13,21,20250331,9.5,19,47.92,1
13,21,20250412,1.0,2,6.83,1
13,21,20250422,4.5,9,37.06,1
13,21,20250427,1.0,2,12.18,1
13,21,20250507,2.0,4,19.87,1
13,21,20250509,1.0,2,11.2,1
13,21,20250510,3.0,6,28.98,1
13,21,20250517,2.0,4,19.03,1
13,21,20250522,1.0,2,13.01,1
13,21,20250528,2.0,4,17.2,1
13,21,20250601,0.5,1,3.08,1
14,1,20240706,8.0,16,51.18,1
14,1,20240808,1.0,2,5.86,1
14,1,20241128,9.0,18,50.62,1
14,1,20241220,3.0,6,20.73,1
14,1,20250113,3.0,6,13.47,1
14,1,20250307,2.5,5,20.52,1
14,1,20250316,2.0,4,16.62,1
14,1,20250403,12.0,24,74.95,1
14,1,20250429,7.0,14,40.43,1
14,1,20250502,0.5,1,6.21,1
14,1,20250518,1.5,3,11.68,1
14,1,20250603,2.0,4,14.29,1
14,2,20240726,5.0,10,43.81,1
14,2,20240919,3.5,7,32.01,1
14,2,20241003,3.0,6,32.23,1
14,2,20241208,1.5,3,11.11,1
14,2,20250314,4.5,9,43.7,1
14,2,20250316,0.5,1,7.26,1
14,2,20250401,0.5,1,1.18,1
14,2,20250531,3.0,6,24.5,1
14,2,20250603,2.0,4,18.16,1
14,3,20240625,2.5,5,25.85,1
14,3,20241003,2.0,4,21.59,1
14,3,20241024,1.0,2,8.07,1
14,3,20241108,1.5,3,12.77,1
14,3,20241210,4.5,9,22.98,1
14,3,20250110,11.5,23,86.97,1
14,3,20250114,6.5,13,30.96,1
14,3,20250123,2.0,4,20.41,1
14,3,20250317,1.5,3,11.48,1
14,3,20250324,1.0,2,10.49,1
14,3,20250504,1.0,2,4.63,1
14,3,20250523,4.0,8,18.38,1
14,3,20250525,1.5,3,15.93,1
14,4,20240723,4.5,9,34.63,1
14,4,20240727,10.0,20,44.6,1
14,4,20240825,2.5,5,16.24,1
14,4,20250112,2.5,5,15.61,1
14,4,20250313,2.0,4,10.6,1
14,4,20250407,11.5,23,63.95,1
14,4,20250421,1.0,2,7.52,1
14,4,20250522,0.5,1,0.3,1
14,4,20250524,1.5,3,11.61,1
14,4,20250607,4.5,9,32.6,1
14,5,20240630,3.0,6,27.49,1
14,5,20240701,0.5,1,1.53,1
14,5,20240705,6.0,12,26.17,1
14,5,20240715,4.5,9,19.45,1
14,5,20240728,4.0,8,29.62,1
14,5,20240824,1.0,2,7.94,1
14,5,20241020,7.0,14,46.77,2
14,5,20241025,0.5,1,2.71,1
14,5,20241201,5.5,11,27.75,1
14,5,20241214,4.5,9,38.0,1
14,5,20241227,2.0,4,16.52,1
14,5,20250123,2.5,5,25.68,2
14,5,20250228,2.0,4,18.09,1
14,5,20250318,2.5,5,23.84,1
14,5,20250520,3.5,7,27.46,1
14,5,20250608,4.0,8,39.93,1
14,6,20240627,0.5,1,5.13,1
14,6,20240715,8.0,16,41.83,1
14,6,20240721,2.0,4,13.14,1
14,6,20240801,2.0,4,16.36,1
14,6,20240803,0.5,1,6.45,1
14,6,20240814,7.0,14,32.63,1
14,6,20240818,0.5,1,3.46,1
14,6,20240828,0.5,1,3.06,1
14,6,20240923,9.5,19,44.22,1
14,6,20241104,1.0,2,6.08,1
14,6,20241111,1.5,3,14.54,1
14,6,20241204,5.5,11,36.56,1
14,6,20241226,1.5,3,9.83,1
14,6,20250224,0.5,1,6.22,1
14,6,20250301,4.5,9,19.43,1
14,6,20250509,2.0,4,19.64,2
14,7,20240804,2.5,5,23.7,1
14,7,20240913,1.0,2,7.27,1
14,7,20240924,2.5,5,21.88,1
14,7,20241121,3.0,6,28.23,1
14,7,20241203,1.0,2,4.14,1
14,7,20250103,0.5,1,4.1,1
14,7,20250105,2.5,5,22.16,1
14,7,20250122,0.5,1,7.26,1
14,7,20250211,5.5,11,29.37,1
14,7,20250303,4.5,9,30.66,1
14,7,20250305,4.0,8,30.5,2
14,7,20250405,2.0,4,18.08,1
14,7,20250504,3.5,7,16.73,1
14,7,20250519,2.0,4,14.4,1
14,7,20250523,3.0,6,28.55,1
14,7,20250624,2.0,4,10.24,1
14,8,20240710,2.5,5,22.1,1
14,8,20240806,3.0,6,19.02,1
14,8,20240816,2.5,5,14.78,1
14,8,20240830,1.5,3,15.1,1
14,8,20240908,5.5,11,30.83,1
14,8,20240911,4.5,9,44.01,1
14,8,20241019,0.5,1,3.9,1
14,8,20241021,5.0,10,26.7,1
14,8,20241124,0.5,1,3.4,1
14,8,20241206,0.5,1,2.67,1
14,8,20241217,1.0,2,11.15,1
14,8,20250118,1.5,3,10.9,1
14,8,20250214,7.0,14,47.14,1
14,8,20250422,2.0,4,19.21,1
14,8,20250502,8.0,16,40.28,1
14,8,20250601,0.5,1,5.8,1
14,9,20240702,4.5,9,33.13,1
14,9,20240902,1.5,3,16.93,1
14,9,20241001,1.0,2,11.31,1
14,9,20241016,2.0,4,22.54,1
14,9,20241105,2.5,5,22.66,1
14,9,20241119,6.0,12,28.37,1
14,9,20250130,2.5,5,25.23,1
14,9,20250203,4.5,9,27.82,1
14,9,20250206,1.5,3,8.63,1
14,9,20250207,9.0,18,61.57,1
14,9,20250301,6.5,13,28.27,1
14,9,20250423,1.5,3,9.85,1
14,9,20250506,0.5,1,4.13,1
14,9,20250604,2.5,5,17.21,1
14,10,20240731,2.5,5,21.48,1
14,10,20241008,4.5,9,23.54,1
14,10,20241210,1.0,2,9.63,1
14,10,20241215,4.5,9,25.33,1
14,10,20241220,3.0,6,28.85,1
14,10,20250221,0.5,1,7.34,1
14,10,20250309,1.5,3,16.65,1
14,10,20250428,2.5,5,27.81,1
14,10,20250504,5.5,11,44.51,1
14,10,20250603,1.0,2,8.77,2
14,11,20240624,1.5,3,15.67,1
14,11,20240728,2.0,4,13.31,1
14,11,20240921,4.0,8,29.13,1
14,11,20240923,1.0,2,13.33,1
14,11,20241002,6.5,13,55.06,1
14,11,20241007,5.0,10,45.89,1
14,11,20241010,3.0,6,24.57,1
14,11,20241215,0.5,1,5.46,1
14,11,20241218,6.0,12,46.11,1
14,11,20241228,1.5,3,17.22,1
14,11,20250106,3.0,6,21.92,1
14,11,20250126,4.0,8,37.16,1
14,11,20250327,7.5,15,38.66,1
14,11,20250420,0.5,1,4.03,1
14,11,20250509,5.5,11,53.42,1
14,11,20250605,4.0,8,23.38,1
14,12,20240713,0.5,1,3.83,1
14,12,20241021,0.5,1,8.8,1
14,12,20250107,3.0,6,22.81,1
14,12,20250116,4.5,9,47.01,1
14,12,20250129,1.0,2,10.53,1
14,12,20250212,1.0,2,5.98,1
14,12,20250304,3.0,6,19.23,1
14,12,20250317,4.5,9,19.97,1
14,12,20250318,6.0,12,41.88,1
14,12,20250419,0.5,1,5.94,1
14,12,20250507,1.0,2,8.03,1
14,12,20250517,4.5,9,34.76,1
14,13,20240701,1.5,3,17.38,1
14,13,20240718,1.5,3,17.0,1
14,13,20240726,1.0,2,5.23,1
14,13,20240908,1.0,2,6.34,1
14,13,20241121,3.5,7,25.63,1
14,13,20250210,0.5,1,6.15,1
14,13,20250328,1.0,2,9.39,1
14,13,20250408,4.0,8,30.33,1
14,14,20240807,3.0,6,19.16,1
14,14,20241013,2.5,5,28.64,1
14,14,20241026,4.0,8,35.75,1
14,14,20241106,0.5,1,2.82,1
14,14,20250109,6.5,13,54.35,1
14,14,20250115,2.0,4,11.24,1
14,14,20250127,1.5,3,17.07,1
14,14,20250309,4.5,9,42.75,1
14,14,20250403,4.5,9,36.98,1
14,14,20250404,3.5,7,22.32,1
14,14,20250418,6.0,12,41.52,1
14,14,20250513,4.0,8,22.21,1
14,14,20250520,1.0,2,14.42,1
14,15,20240624,1.5,3,13.49,1
14,15,20240702,14.5,29,80.01,1
14,15,20240719,1.5,3,13.28,2
14,15,20240814,3.5,7,21.0,1
14,15,20240816,2.5,5,10.94,1
14,15,20240830,0.5,1,8.21,1
14,15,20240913,1.5,3,14.9,1
14,15,20241014,3.5,7,21.03,1
14,15,20241016,2.5,5,23.48,1
14,15,20241024,4.0,8,25.3,1
14,15,20241102,1.5,3,8.89,1
14,15,20241103,0.5,1,4.04,1
14,15,20241104,6.5,13,64.83,1
14,15,20241127,1.0,2,9.05,1
14,15,20241205,1.5,3,14.46,2
14,15,20241211,1.0,2,12.78,1
14,15,20241227,1.0,2,8.59,1
14,15,20241230,0.5,1,1.87,1
14,15,20250107,1.0,2,13.28,1
14,15,20250112,0.5,1,7.13,1
14,15,20250114,1.5,3,18.19,1
14,15,20250116,1.0,2,5.51,1
14,15,20250117,1.0,2,13.87,1
14,15,20250129,3.0,6,20.24,1
14,15,20250201,9.0,18,58.74,1
14,15,20250206,3.5,7,33.82,1
14,15,20250210,1.0,2,7.69,1
14,15,20250307,3.5,7,21.12,1
14,15,20250329,7.5,15,35.9,1
14,15,20250406,3.0,6,27.88,1
14,15,20250408,6.0,12,30.47,1
14,15,20250416,1.5,3,13.74,1
14,15,20250421,3.0,6,24.95,1
14,15,20250428,1.5,3,13.08,1
14,15,20250509,2.0,4,16.34,1
14,15,20250522,3.0,6,21.39,1
14,15,20250604,1.5,3,14.75,1
14,15,20250608,1.5,3,12.65,1
14,15,20250622,0.5,1,9.11,1
14,16,20240704,2.0,4,17.98,1
14,16,20240705,7.5,15,41.93,1
14,16,20240706,4.5,9,33.28,1
14,16,20240729,6.0,12,30.29,1
14,16,20240811,15.0,30,80.48,2
14,16,20240902,5.0,10,26.7,1
14,16,20240905,4.5,9,22.71,1
14,16,20240907,2.5,5,20.02,1
14,16,20240917,1.0,2,7.4,1
14,16,20240924,2.0,4,21.19,1
14,16,20241012,5.5,11,27.81,1
14,16,20241029,1.5,3,9.3,1
14,16,20241105,5.0,10,27.9,1
14,16,20241123,0.5,1,4.61,1
14,16,20241127,0.5,1,1.24,1
14,16,20241227,1.0,2,12.57,1
14,16,20241228,2.5,5,16.36,1
14,16,20250117,1.0,2,8.78,1
14,16,20250121,2.5,5,23.14,1
14,16,20250201,3.5,7,23.8,1
14,16,20250205,1.0,2,4.57,1
14,16,20250217,1.5,3,9.9,1
14,16,20250222,5.0,10,28.58,1
14,16,20250302,4.5,9,38.87,1
14,16,20250319,3.0,6,30.46,1
14,16,20250411,1.0,2,7.98,1
14,16,20250415,8.5,17,57.76,1
14,16,20250417,5.0,10,44.75,1
14,16,20250501,0.5,1,7.06,1
14,16,20250519,3.5,7,26.67,1
14,16,20250521,0.5,1,4.97,1
14,16,20250605,3.5,7,36.61,1
14,16,20250616,2.5,5,13.94,1
14,16,20250620,1.5,3,9.63,1
14,16,20250621,0.5,1,7.24,1
14,16,20250622,2.0,4,15.51,1
14,17,20240626,1.0,2,9.71,1
14,17,20240630,2.0,4,17.36,1
14,17,20240703,2.0,4,20.06,1
14,17,20240708,2.0,4,21.13,1
14,17,20240726,0.5,1,5.57,1
14,17,20240812,5.0,10,52.92,1
14,17,20240820,4.5,9,35.7,1
14,17,20240905,14.0,28,63.12,1
14,17,20240909,2.0,4,13.74,1
14,17,20240911,0.5,1,2.63,1
14,17,20240919,1.5,3,7.49,1
14,17,20240927,3.0,6,19.14,2
14,17,20241018,2.5,5,21.49,1
14,17,20241111,1.0,2,12.19,1
14,17,20241112,4.0,8,27.73,1
14,17,20241113,2.0,4,16.48,1
14,17,20241117,3.0,6,28.7,1
14,17,20241128,3.0,6,17.88,1
14,17,20241130,10.0,20,47.86,1
14,17,20241216,0.5,1,2.31,1
14,17,20250119,8.0,16,47.88,1
14,17,20250206,2.5,5,18.73,1
14,17,20250216,2.0,4,19.24,1
14,17,20250225,4.0,8,22.67,1
14,17,20250227,2.0,4,18.02,2
14,17,20250302,0.5,1,7.31,1
14,17,20250314,9.0,18,52.21,2
14,17,20250323,1.5,3,13.91,1
14,17,20250330,4.0,8,16.95,1
14,17,20250403,2.5,5,28.14,2
14,17,20250417,6.0,12,49.31,1
14,17,20250503,6.0,12,53.75,1
14,17,20250516,3.0,6,19.22,1
14,17,20250520,0.5,1,3.95,1
14,17,20250607,0.5,1,5.91,1
14,18,20240628,11.5,23,49.85,1
14,18,20240705,1.0,2,11.02,1
14,18,20240706,1.0,2,12.39,1
14,18,20240712,1.5,3,11.51,1
14,18,20240725,0.5,1,4.71,1
14,18,20240726,2.0,4,11.68,1
14,18,20240727,1.5,3,15.44,1
14,18,20240805,4.0,8,39.89,2
14,18,20240808,1.0,2,14.24,1
14,18,20240815,3.0,6,14.95,1
14,18,20240822,4.5,9,45.91,1
14,18,20240918,1.0,2,6.04,1
14,18,20240920,4.5,9,43.2,1
14,18,20240926,9.5,19,72.54,1
14,18,20241003,3.0,6,28.01,1
14,18,20241005,11.5,23,73.17,1
14,18,20241014,5.5,11,24.06,1
14,18,20241016,5.5,11,46.29,1
14,18,20241102,4.0,8,38.45,1
14,18,20241104,8.0,16,43.81,1
14,18,20241107,7.0,14,33.31,1
14,18,20241112,2.0,4,13.81,1
14,18,20241116,5.0,10,41.77,2
14,18,20241118,4.0,8,26.52,1
14,18,20241208,2.0,4,16.29,1
14,18,20241229,1.0,2,9.83,1
14,18,20250105,2.5,5,26.67,1
14,18,20250109,1.0,2,12.19,1
14,18,20250129,1.0,2,8.78,1
14,18,20250201,4.0,8,18.55,1
14,18,20250203,3.0,6,16.78,1
14,18,20250222,1.0,2,10.77,1
14,18,20250316,9.0,18,45.3,1
14,18,20250329,0.5,1,8.2,1
14,18,20250401,1.0,2,7.34,1
14,18,20250403,1.5,3,17.73,1
14,18,20250410,2.0,4,10.49,1
14,18,20250520,10.5,21,61.22,1
14,18,20250525,0.5,1,1.79,1
14,18,20250609,2.0,4,14.81,1
14,18,20250611,3.0,6,24.17,1
14,18,20250622,10.0,20,65.93,1
14,19,20240627,2.5,5,21.3,1
14,19,20240630,1.5,3,19.71,1
14,19,20240702,1.5,3,13.18,1
14,19,20240708,7.0,14,36.91,1
14,19,20240730,1.0,2,12.09,1
14,19,20240815,3.0,6,19.41,1
14,19,20240819,2.0,4,11.88,1
14,19,20240909,4.0,8,25.52,1
14,19,20240925,1.0,2,10.4,1
14,19,20241004,5.0,10,31.22,1
14,19,20241025,2.0,4,9.57,1
14,19,20241028,3.0,6,27.28,1
14,19,20241102,2.0,4,16.28,1
14,19,20241113,3.5,7,27.38,1
14,19,20241121,5.5,11,29.15,1
14,19,20241201,1.0,2,6.24,1
14,19,20241202,2.0,4,8.87,1
14,19,20241220,6.0,12,54.21,2
14,19,20250102,2.0,4,19.47,1
14,19,20250103,3.0,6,29.66,1
14,19,20250124,1.0,2,11.48,1
14,19,20250301,2.0,4,11.98,1
14,19,20250312,0.5,1,3.66,1
14,19,20250328,3.5,7,18.38,1
14,19,20250331,4.5,9,25.46,1
14,19,20250402,0.5,1,7.29,1
14,19,20250406,4.5,9,26.25,1
14,19,20250412,1.0,2,8.96,1
14,19,20250414,5.0,10,24.43,1
14,19,20250418,1.5,3,6.95,1
14,19,20250508,3.0,6,30.04,1
14,20,20240714,2.5,5,18.0,1
14,20,20240715,6.5,13,39.49,1
14,20,20240718,2.0,4,23.82,1
14,20,20240721,0.5,1,5.74,1
14,20,20240730,5.5,11,25.53,1
14,20,20240809,2.5,5,18.8,1
14,20,20240812,1.5,3,11.76,1
14,20,20240923,1.5,3,16.97,1
14,20,20240929,1.0,2,10.23,1
14,20,20241004,1.5,3,16.35,1
14,20,20241007,1.0,2,8.62,1
14,20,20241017,8.5,17,62.82,1
14,20,20241102,7.0,14,54.88,2
14,20,20241104,1.0,2,8.85,1
14,20,20241109,7.5,15,44.61,1
14,20,20241114,2.0,4,11.06,1
14,20,20241120,5.5,11,41.09,1
14,20,20241122,2.0,4,18.14,1
14,20,20241228,1.0,2,7.93,1
14,20,20250101,3.5,7,34.3,1
14,20,20250102,4.5,9,33.33,1
14,20,20250115,1.5,3,12.2,1
14,20,20250117,5.5,11,32.52,1
14,20,20250125,7.5,15,48.56,1
14,20,20250128,7.5,15,64.14,1
14,20,20250309,3.5,7,14.78,1
14,20,20250316,13.0,26,70.4,2
14,20,20250317,6.5,13,42.13,1
14,20,20250421,5.0,10,32.43,1
14,20,20250422,0.5,1,0.75,1
14,20,20250427,1.5,3,14.05,1
14,20,20250429,4.0,8,18.83,1
14,20,20250501,3.0,6,19.65,1
14,20,20250616,0.5,1,7.29,1
14,20,20250621,4.0,8,24.58,1
14,20,20250623,1.5,3,10.19,1
14,21,20240624,2.0,4,12.71,1
14,21,20240713,1.5,3,15.08,1
14,21,20240730,2.0,4,23.3,1
14,21,20240809,3.5,7,15.87,1
14,21,20240814,4.5,9,44.56,1
14,21,20240828,4.5,9,36.58,1
14,21,20240902,3.0,6,21.43,1
14,21,20240911,3.0,6,17.74,1
14,21,20240915,2.5,5,24.52,1
14,21,20240920,1.5,3,8.56,1
14,21,20241006,1.5,3,8.1,1
14,21,20241008,4.0,8,29.5,1
14,21,20241011,3.0,6,31.53,1
14,21,20241028,2.5,5,27.64,2
14,21,20241101,4.0,8,23.21,1
14,21,20241103,1.5,3,10.54,1
14,21,20241104,4.5,9,30.29,2
14,21,20241119,5.5,11,29.26,1
14,21,20241122,1.0,2,9.69,1
14,21,20241129,2.5,5,17.04,1
14,21,20241213,2.0,4,12.74,1
14,21,20241215,11.0,22,59.31,1
14,21,20241226,8.0,16,54.39,1
14,21,20250109,2.5,5,26.51,1
14,21,20250115,1.5,3,9.72,1
14,21,20250120,3.0,6,28.26,1
14,21,20250131,0.5,1,3.66,1
14,21,20250201,5.5,11,30.27,1
14,21,20250216,1.5,3,15.29,1
14,21,20250308,7.0,14,64.58,1
14,21,20250318,0.5,1,5.32,1
14,21,20250527,2.0,4,15.91,1
14,21,20250528,2.5,5,15.82,1
14,21,20250609,5.5,11,51.06,1
14,21,20250613,4.0,8,30.1,1
14,21,20250617,4.0,8,24.83,1
14,21,20250621,5.0,10,25.89,1
15,1,20240726,0.5,1,2.58,1
15,1,20240820,1.5,3,16.13,1
15,1,20240829,7.0,14,49.63,1
15,1,20240928,6.5,13,61.33,1
15,1,20241018,3.0,6,21.04,1
15,1,20241021,3.5,7,31.87,1
15,1,20241118,0.5,1,7.46,1
15,1,20250104,5.0,10,35.86,1
15,1,20250320,2.0,4,15.32,1
15,1,20250323,4.5,9,25.37,1
15,1,20250330,0.5,1,4.34,1
15,1,20250517,5.5,11,31.59,1
15,2,20240904,1.5,3,11.92,1
15,2,20240913,2.5,5,21.1,1
15,2,20241004,5.5,11,31.58,1
15,2,20241103,0.5,1,6.13,1
15,2,20241216,5.5,11,34.91,1
15,2,20241218,1.0,2,8.12,1
15,2,20250121,0.5,1,7.41,1
15,2,20250311,0.5,1,3.84,1
15,2,20250322,2.0,4,22.66,1
15,2,20250324,2.0,4,19.57,1
15,2,20250508,0.5,1,2.15,1
15,2,20250621,1.5,3,14.23,1
15,3,20240624,2.0,4,15.1,1
15,3,20240629,8.0,16,34.88,1
15,3,20240812,3.0,6,30.55,1
15,3,20240907,2.5,5,13.3,1
15,3,20241022,3.5,7,27.66,1
15,3,20241119,4.5,9,37.04,1
15,3,20241209,2.0,4,11.55,1
15,3,20241211,7.5,15,32.62,1
15,3,20250117,5.0,10,40.03,1
15,3,20250118,1.0,2,11.88,1
15,3,20250210,3.5,7,18.71,1
15,3,20250215,2.0,4,19.61,1
15,3,20250301,7.0,14,31.42,1
15,3,20250303,1.5,3,18.96,1
15,3,20250311,3.0,6,19.05,1
15,3,20250312,0.5,1,4.3,1
15,3,20250506,3.0,6,20.01,1
15,3,20250610,1.0,2,11.04,1
15,4,20240711,0.5,1,3.25,1
15,4,20240723,1.5,3,15.8,1
15,4,20240912,3.5,7,18.1,1
15,4,20241114,8.5,17,39.6,1
15,4,20241220,4.0,8,23.13,1
15,4,20250105,2.0,4,20.25,1
15,4,20250128,4.0,8,19.51,1
15,4,20250220,5.5,11,37.19,1
15,4,20250320,5.5,11,40.61,1
15,4,20250501,5.0,10,40.83,1
15,4,20250526,2.5,5,18.46,1
15,5,20240625,1.0,2,11.35,1
15,5,20240923,2.0,4,22.34,1
15,5,20240928,8.5,17,34.75,1
15,5,20241011,0.5,1,5.66,1
15,5,20250214,2.5,5,24.83,1
15,5,20250402,1.0,2,9.0,1
15,5,20250419,1.5,3,9.52,1
15,5,20250514,2.0,4,19.42,1
15,5,20250528,0.5,1,5.66,1
15,5,20250621,6.0,12,33.14,1
15,6,20240626,0.5,1,7.4,1
15,6,20240719,1.0,2,7.61,1
15,6,20240725,10.5,21,48.18,1
15,6,20240818,3.5,7,25.87,1
15,6,20240824,0.5,1,1.87,1
15,6,20240831,5.5,11,45.86,1
15,6,20240910,0.5,1,3.8,1
15,6,20240924,8.5,17,86.46,1
15,6,20241109,1.5,3,10.51,1
15,6,20241206,7.5,15,33.96,1
15,6,20241208,1.0,2,14.32,1
15,6,20241215,2.0,4,9.56,1
15,6,20250224,2.5,5,19.18,1
15,6,20250304,3.0,6,20.52,1
15,6,20250313,5.5,11,25.3,1
15,6,20250406,2.0,4,18.36,1
15,6,20250426,5.0,10,43.98,2
15,6,20250428,0.5,1,5.13,1
15,6,20250507,1.0,2,12.57,1
15,6,20250511,5.0,10,38.0,1
15,6,20250514,2.5,5,13.96,1
15,6,20250522,3.5,7,36.04,1
15,6,20250624,1.5,3,8.37,1
15,7,20240807,0.5,1,4.31,1
15,7,20240816,1.5,3,12.14,1
15,7,20241022,0.5,1,3.06,1
15,7,20241029,4.5,9,24.67,1
15,7,20241102,2.5,5,16.71,1
15,7,20241118,2.0,4,18.01,1
15,7,20241204,2.0,4,15.9,1
15,7,20241213,0.5,1,3.23,1
15,7,20250114,3.0,6,27.39,1
15,7,20250127,2.0,4,16.62,1
15,7,20250211,4.0,8,21.43,1
15,7,20250314,3.5,7,22.69,1
15,7,20250411,4.0,8,31.84,1
15,7,20250525,1.0,2,7.79,1
15,8,20240629,3.5,7,29.81,1
15,8,20240807,0.5,1,8.08,1
15,8,20240924,0.5,1,8.11,1
15,8,20241024,6.0,12,40.44,1
15,8,20241128,6.5,13,35.9,1
15,8,20241216,2.0,4,20.57,1
15,8,20241217,11.0,22,58.58,1
15,8,20241231,2.0,4,21.24,1
15,8,20250119,1.5,3,10.57,1
15,8,20250207,6.0,12,55.93,1
15,8,20250215,1.0,2,14.56,1
15,8,20250403,1.5,3,12.66,1
15,8,20250404,1.0,2,10.74,1
15,8,20250413,6.5,13,36.87,1
15,8,20250508,2.0,4,9.06,1
15,8,20250512,1.5,3,12.0,1
15,8,20250531,1.0,2,9.85,1
15,8,20250614,1.0,2,10.99,1
15,8,20250615,2.0,4,11.85,1
15,8,20250621,1.0,2,10.3,1
15,9,20240722,3.5,7,30.91,1
15,9,20240804,2.0,4,16.63,1
15,9,20240916,0.5,1,8.14,1
15,9,20241001,9.5,19,39.95,1
15,9,20241005,1.0,2,8.76,1
15,9,20241027,3.0,6,24.21,1
15,9,20250117,4.5,9,27.24,1
15,9,20250121,3.0,6,19.17,1
15,9,20250214,1.5,3,11.34,1
15,9,20250221,3.0,6,29.67,1
15,9,20250301,1.0,2,7.52,1
15,9,20250319,3.0,6,28.0,1
15,9,20250403,8.0,16,50.79,1
15,9,20250506,1.5,3,13.61,1
15,9,20250511,2.0,4,12.72,1
15,10,20240629,1.5,3,10.57,1
15,10,20240809,3.0,6,16.89,1
15,10,20240913,1.5,3,15.03,1
15,10,20240917,4.0,8,17.91,1
15,10,20241206,2.5,5,23.01,1
15,10,20250111,7.0,14,32.14,1
15,10,20250122,1.5,3,11.14,1
15,10,20250212,1.5,3,13.29,1
15,10,20250310,2.5,5,18.14,1
15,10,20250503,4.0,8,20.09,1
15,11,20240727,2.0,4,14.02,1
15,11,20240803,6.0,12,32.14,1
15,11,20240807,4.0,8,19.8,1
15,11,20240831,5.0,10,37.76,1
15,11,20240920,2.5,5,18.5,1
15,11,20240922,2.5,5,14.41,1
15,11,20241128,2.5,5,21.68,1
15,11,20241223,2.5,5,23.21,1
15,11,20250512,1.0,2,12.55,1
15,11,20250520,2.5,5,24.5,1
15,11,20250530,1.0,2,9.63,1
15,11,20250605,0.5,1,4.77,1
15,12,20240704,0.5,1,7.5,1
15,12,20240708,1.5,3,12.83,1
15,12,20240722,2.5,5,18.06,1
15,12,20241004,10.5,21,53.73,1
15,12,20241018,1.0,2,9.0,1
15,12,20241115,4.5,9,36.52,1
15,12,20241123,2.0,4,12.5,1
15,12,20250101,0.5,1,3.97,1
15,12,20250114,2.0,4,16.63,1
15,12,20250213,2.0,4,9.9,1
15,12,20250311,2.5,5,18.08,1
15,12,20250412,2.5,5,14.3,1
15,12,20250506,3.5,7,19.47,1
15,12,20250620,2.0,4,14.07,1
15,13,20240811,2.0,4,18.58,1
15,13,20240903,1.0,2,9.37,1
15,13,20241005,1.5,3,10.86,1
15,13,20241025,2.5,5,17.82,1
15,13,20241111,4.0,8,28.65,1
15,13,20241113,2.0,4,21.36,1
15,13,20241202,1.5,3,17.01,1
15,13,20250108,4.5,9,40.14,1
15,13,20250120,1.5,3,8.7,1
15,13,20250131,1.0,2,7.22,1
15,13,20250209,2.0,4,12.92,1
15,13,20250301,5.0,10,32.47,1
15,13,20250408,0.5,1,4.04,1
15,13,20250427,3.0,6,17.17,1
15,13,20250601,5.0,10,29.19,1
15,13,20250622,6.5,13,29.52,1
15,14,20240702,0.5,1,3.57,1
15,14,20240721,1.5,3,14.49,1
15,14,20240826,1.0,2,6.0,1
15,14,20240914,6.0,12,47.22,1
15,14,20241001,0.5,1,5.07,1
15,14,20241011,4.0,8,25.31,1
15,14,20241016,0.5,1,2.72,1
15,14,20241025,10.5,21,50.57,1
15,14,20241101,2.0,4,11.38,1
15,14,20241106,5.0,10,24.02,1
15,14,20241110,0.5,1,4.07,1
15,14,20241222,1.5,3,14.07,1
15,14,20250105,0.5,1,4.33,1
15,14,20250124,1.5,3,18.17,1
15,14,20250207,4.5,9,33.12,1
15,14,20250215,5.0,10,34.55,1
15,14,20250330,3.0,6,19.62,1
15,14,20250408,2.0,4,20.39,1
15,14,20250412,0.5,1,6.97,1
15,14,20250511,4.0,8,27.6,1
15,14,20250622,3.5,7,20.26,1
15,15,20240627,2.5,5,13.45,1
15,15,20240629,7.5,15,56.41,1
15,15,20240705,2.0,4,15.28,1
15,15,20240706,8.5,17,41.1,1
15,15,20240707,1.5,3,11.91,1
15,15,20240710,3.0,6,17.96,1
15,15,20240715,2.0,4,15.53,1
15,15,20240722,1.5,3,9.44,1
15,15,20240726,3.0,6,31.6,1
15,15,20240803,3.5,7,27.77,1
15,15,20240910,4.0,8,22.54,1
15,15,20240919,1.5,3,15.27,1
15,15,20241005,2.0,4,19.31,1
15,15,20241007,0.5,1,1.62,1
15,15,20241016,2.5,5,20.43,1
15,15,20241104,0.5,1,7.81,1
15,15,20241120,2.0,4,12.81,1
15,15,20241123,1.0,2,10.04,1
15,15,20241125,3.0,6,28.96,1
15,15,20241207,2.5,5,11.75,1
15,15,20241220,1.0,2,7.87,1
15,15,20250102,3.0,6,26.9,1
15,15,20250106,2.0,4,21.41,1
15,15,20250116,1.0,2,10.31,1
15,15,20250126,1.5,3,15.08,1
15,15,20250204,4.0,8,18.15,1
15,15,20250209,5.5,11,36.61,1
15,15,20250226,1.0,2,6.56,1
15,15,20250304,3.0,6,24.16,1
15,15,20250322,2.5,5,24.19,1
15,15,20250328,5.0,10,32.51,2
15,15,20250330,7.5,15,52.92,1
15,15,20250402,3.5,7,19.9,1
15,15,20250408,1.5,3,10.77,1
15,15,20250415,0.5,1,2.23,1
15,15,20250420,1.0,2,10.29,1
15,15,20250421,4.0,8,19.87,1
15,15,20250511,0.5,1,4.54,1
15,15,20250518,1.5,3,7.76,1
15,15,20250521,0.5,1,8.07,1
15,15,20250523,4.5,9,31.73,1
15,15,20250524,1.0,2,7.22,1
15,15,20250602,0.5,1,3.47,1
15,15,20250612,4.0,8,29.4,1
15,15,20250621,8.5,17,37.18,1
15,16,20240625,6.5,13,37.28,1
15,16,20240630,3.5,7,24.06,1
15,16,20240701,2.0,4,19.54,1
15,16,20240713,1.5,3,18.81,1
15,16,20240727,1.0,2,7.21,1
15,16,20240817,1.0,2,4.59,1
15,16,20240822,0.5,1,4.71,1
15,16,20240825,0.5,1,3.83,1
15,16,20240903,4.0,8,18.58,1
15,16,20240906,2.0,4,13.02,1
15,16,20240912,4.0,8,31.45,2
15,16,20240913,2.0,4,15.18,1
15,16,20240914,1.5,3,14.04,1
15,16,20240918,1.0,2,12.27,1
15,16,20240922,1.0,2,4.72,1
15,16,20241005,4.5,9,27.09,2
15,16,20241010,1.5,3,11.71,1
15,16,20241014,2.0,4,15.56,1
15,16,20241015,1.0,2,7.85,1
15,16,20241018,3.0,6,29.35,1
15,16,20241020,2.5,5,12.2,1
15,16,20241022,2.0,4,17.16,1
15,16,20241114,0.5,1,1.66,1
15,16,20241115,0.5,1,5.47,1
15,16,20241128,1.5,3,14.98,1
15,16,20241129,8.0,16,36.93,1
15,16,20241201,2.0,4,17.96,1
15,16,20241213,2.5,5,17.37,1
15,16,20241216,1.0,2,10.52,1
15,16,20241231,2.5,5,13.82,1
15,16,20250111,0.5,1,2.92,1
15,16,20250112,2.5,5,19.22,1
15,16,20250117,1.5,3,15.99,1
15,16,20250129,2.5,5,19.64,1
15,16,20250321,8.0,16,50.47,1
15,16,20250329,2.5,5,20.72,1
15,16,20250412,7.0,14,48.97,1
15,16,20250420,3.5,7,32.26,1
15,16,20250429,4.5,9,20.03,1
15,16,20250506,1.5,3,12.25,1
15,16,20250515,2.0,4,11.66,1
15,16,20250518,3.0,6,22.82,2
15,16,20250522,1.0,2,7.09,1
15,16,20250526,5.0,10,37.43,1
15,16,20250530,4.5,9,34.29,1
15,16,20250601,3.0,6,23.6,1
15,16,20250606,2.0,4,23.38,1
15,16,20250609,2.0,4,12.19,1
15,16,20250620,8.5,17,76.92,1
15,17,20240625,2.0,4,12.0,1
15,17,20240726,8.5,17,65.82,1
15,17,20240801,5.0,10,36.06,1
15,17,20240804,1.0,2,6.57,1
15,17,20240809,3.0,6,18.86,1
15,17,20240812,0.5,1,5.07,1
15,17,20240816,2.5,5,21.01,1
15,17,20240818,3.0,6,21.27,1
15,17,20240825,6.5,13,53.78,1
15,17,20240830,2.0,4,14.93,1
15,17,20240908,1.0,2,7.0,1
15,17,20241015,2.0,4,17.05,1
15,17,20241023,0.5,1,4.66,1
15,17,20241026,6.0,12,33.14,1
15,17,20241101,5.5,11,34.17,1
15,17,20241109,3.0,6,15.76,1
15,17,20241111,8.5,17,64.89,2
15,17,20241116,0.5,1,5.6,1
15,17,20241118,7.5,15,31.98,1
15,17,20241125,5.0,10,44.52,1
15,17,20241127,1.5,3,10.13,1
15,17,20241128,14.0,28,59.41,1
15,17,20241210,4.0,8,28.91,1
15,17,20241211,0.5,1,2.86,1
15,17,20241226,1.0,2,12.49,1
15,17,20250101,1.5,3,17.18,1
15,17,20250208,4.5,9,36.09,1
15,17,20250212,2.0,4,20.27,1
15,17,20250221,1.5,3,13.06,1
15,17,20250313,4.0,8,20.39,1
15,17,20250317,4.5,9,28.23,1
15,17,20250319,1.5,3,11.94,1
15,17,20250327,5.0,10,32.03,1
15,17,20250426,1.0,2,9.8,1
15,17,20250530,0.5,1,4.44,1
15,17,20250621,7.5,15,33.29,1
15,18,20240719,2.0,4,15.95,1
15,18,20240721,1.5,3,17.44,1
15,18,20240806,10.0,20,92.46,3
15,18,20240807,0.5,1,2.13,1
15,18,20240812,3.0,6,30.69,1
15,18,20240814,5.0,10,26.85,1
15,18,20240815,1.0,2,11.36,1
15,18,20240817,3.5,7,25.97,1
15,18,20240825,0.5,1,6.92,1
15,18,20240827,4.0,8,22.72,1
15,18,20240901,4.0,8,17.61,1
15,18,20240907,2.5,5,14.42,1
15,18,20240909,2.0,4,16.16,1
15,18,20241024,1.5,3,10.4,1
15,18,20241101,3.5,7,28.25,1
15,18,20241102,8.5,17,43.53,1
15,18,20241124,1.0,2,6.82,1
15,18,20241202,0.5,1,6.42,1
15,18,20241209,2.0,4,22.61,1
15,18,20241214,2.5,5,18.42,1
15,18,20241218,5.0,10,43.6,1
15,18,20250103,2.0,4,18.89,3
15,18,20250111,4.5,9,26.48,1
15,18,20250117,0.5,1,2.73,1
15,18,20250126,1.0,2,7.23,1
15,18,20250131,1.5,3,17.08,1
15,18,20250206,2.0,4,18.94,1
15,18,20250216,3.0,6,20.15,2
15,18,20250223,0.5,1,2.79,1
15,18,20250225,4.0,8,26.37,1
15,18,20250309,2.5,5,16.17,1
15,18,20250315,2.0,4,14.16,1
15,18,20250326,3.0,6,24.48,1
15,18,20250329,0.5,1,3.53,1
15,18,20250330,1.0,2,10.67,1
15,18,20250416,3.0,6,24.48,1
15,18,20250423,2.0,4,11.59,1
15,18,20250522,7.0,14,29.85,1
15,18,20250606,1.5,3,12.38,1
15,18,20250608,9.0,18,47.2,1
15,18,20250610,1.5,3,16.38,1
15,18,20250613,4.0,8,21.18,1
15,18,20250615,0.5,1,4.04,1
15,19,20240629,3.5,7,18.43,1
15,19,20240712,2.0,4,15.52,1
15,19,20240824,3.0,6,16.48,1
15,19,20240827,6.5,13,33.67,1
15,19,20240828,2.0,4,17.74,1
15,19,20240904,5.0,10,23.31,1
15,19,20240919,14.5,29,72.32,1
15,19,20240920,0.5,1,8.25,1
15,19,20241004,7.5,15,32.1,1
15,19,20241013,1.5,3,12.41,1
15,19,20241028,5.0,10,28.19,1
15,19,20241108,2.0,4,15.1,1
15,19,20241114,3.5,7,26.58,2
15,19,20241125,5.0,10,41.39,1
15,19,20241126,1.0,2,7.96,1
15,19,20241129,5.0,10,37.88,1
15,19,20241210,0.5,1,6.95,1
15,19,20241211,4.5,9,44.82,1
15,19,20241214,1.5,3,11.0,1
15,19,20241229,9.5,19,47.33,1
15,19,20250101,2.0,4,17.59,1
15,19,20250116,1.0,2,10.19,1
15,19,20250131,7.5,15,49.84,2
15,19,20250201,3.5,7,28.88,1
15,19,20250221,6.0,12,48.88,1
15,19,20250307,0.5,1,7.79,1
15,19,20250314,1.5,3,17.86,1
15,19,20250419,3.0,6,22.42,1
15,19,20250505,1.5,3,11.36,1
15,19,20250513,2.5,5,25.76,1
15,19,20250516,0.5,1,2.6,1
15,19,20250517,0.5,1,6.59,1
15,19,20250520,8.5,17,43.6,1
15,19,20250604,6.0,12,41.27,1
15,19,20250605,5.5,11,32.48,1
15,19,20250617,2.5,5,21.94,1
15,19,20250618,2.5,5,21.86,1
15,20,20240702,1.0,2,10.43,1
15,20,20240705,3.5,7,30.65,1
15,20,20240707,1.0,2,11.01,1
15,20,20240709,6.0,12,28.67,1
15,20,20240710,3.5,7,18.18,1
15,20,20240711,3.0,6,27.04,1
15,20,20240712,1.0,2,10.9,1
15,20,20240726,2.0,4,18.39,1
15,20,20240727,8.5,17,43.9,1
15,20,20240809,10.5,21,63.58,1
15,20,20240812,1.0,2,12.13,1
15,20,20240817,0.5,1,2.99,1
15,20,20240821,5.5,11,29.13,1
15,20,20240915,0.5,1,4.56,1
15,20,20240917,0.5,1,1.66,1
15,20,20240918,0.5,1,5.17,1
15,20,20240926,3.5,7,24.99,1
15,20,20240928,2.5,5,21.69,1
15,20,20241005,1.0,2,8.01,1
15,20,20241015,2.0,4,10.21,1
15,20,20241101,2.0,4,20.76,1
15,20,20241104,1.0,2,11.4,1
15,20,20241106,3.5,7,35.54,1
15,20,20241110,2.5,5,20.09,1
15,20,20241117,2.0,4,20.43,1
15,20,20241125,3.5,7,36.38,1
15,20,20241206,1.0,2,4.02,1
15,20,20250106,11.0,22,54.19,1
15,20,20250115,1.0,2,10.52,1
15,20,20250119,0.5,1,3.93,1
15,20,20250208,0.5,1,9.06,1
15,20,20250218,1.5,3,13.07,1
15,20,20250310,2.5,5,12.99,1
15,20,20250319,2.0,4,16.35,1
15,20,20250411,6.5,13,28.7,1
15,20,20250412,2.0,4,10.94,1
15,20,20250416,2.5,5,18.55,1
15,20,20250419,4.0,8,29.06,2
15,20,20250420,1.0,2,8.11,1
15,20,20250424,1.0,2,10.97,1
15,20,20250425,0.5,1,4.63,1
15,20,20250427,5.0,10,51.0,1
15,20,20250501,6.5,13,39.83,1
15,20,20250505,2.0,4,17.65,1
15,20,20250519,3.5,7,17.44,1
15,20,20250522,4.5,9,45.12,1
15,20,20250524,1.5,3,15.66,1
15,20,20250528,1.5,3,12.71,1
15,20,20250608,1.0,2,9.35,1
15,20,20250619,3.5,7,17.18,1
15,21,20240626,0.5,1,4.79,1
15,21,20240709,3.5,7,29.72,1
15,21,20240720,0.5,1,7.01,1
15,21,20240803,2.5,5,20.47,1
15,21,20240810,6.5,13,30.56,1
15,21,20240817,3.5,7,18.34,1
15,21,20240825,5.5,11,51.72,1
15,21,20240907,0.5,1,2.71,1
15,21,20240912,2.0,4,18.48,1
15,21,20240915,2.0,4,11.29,1
15,21,20241004,1.5,3,10.71,1
15,21,20241009,3.5,7,29.94,1
15,21,20241021,2.0,4,18.61,1
15,21,20241107,3.0,6,20.16,1
15,21,20241118,5.5,11,28.98,1
15,21,20241119,1.0,2,8.81,1
15,21,20241122,0.5,1,1.64,1
15,21,20241125,3.5,7,36.97,1
15,21,20241211,3.0,6,31.18,1
15,21,20241221,3.5,7,39.69,1
15,21,20241228,2.0,4,15.27,1
15,21,20241229,4.0,8,28.92,1
15,21,20250105,9.0,18,52.21,1
15,21,20250116,4.0,8,36.1,1
15,21,20250121,4.5,9,42.14,2
15,21,20250122,2.5,5,17.98,1
15,21,20250131,1.0,2,11.38,1
15,21,20250221,7.5,15,47.17,1
15,21,20250222,0.5,1,7.51,1
15,21,20250301,1.5,3,17.04,1
15,21,20250302,1.0,2,7.57,1
15,21,20250402,1.0,2,9.95,1
15,21,20250406,3.0,6,22.06,1
15,21,20250411,2.0,4,22.11,1
15,21,20250425,3.5,7,35.52,2
15,21,20250426,2.0,4,15.31,1
15,21,20250512,1.5,3,13.3,1
15,21,20250513,4.5,9,40.6,1
15,21,20250523,1.5,3,12.03,1
15,21,20250525,0.5,1,6.92,1
15,21,20250526,0.5,1,5.0,1
15,21,20250624,7.5,15,43.23,1
16,1,20240717,2.0,4,20.47,1
16,1,20240719,3.0,6,29.93,1
16,1,20240729,3.0,6,18.4,1
16,1,20240810,1.0,2,7.09,1
16,1,20241216,1.5,3,14.93,1
16,1,20241217,6.5,13,38.28,1
16,1,20241222,3.5,7,18.35,1
16,1,20241227,1.5,3,8.05,1
16,1,20250121,1.5,3,11.88,1
16,1,20250309,0.5,1,1.44,1
16,1,20250310,2.0,4,14.24,1
16,1,20250315,2.0,4,11.92,1
16,1,20250507,3.5,7,24.09,1
16,1,20250519,5.0,10,26.17,1
16,1,20250617,0.5,1,9.66,1
16,2,20240624,2.5,5,15.1,1
16,2,20240728,2.0,4,19.47,1
16,2,20240905,4.0,8,31.17,1
16,2,20241205,2.0,4,17.08,1
16,2,20250126,3.0,6,27.55,1
16,2,20250321,2.0,4,13.22,1
16,2,20250417,4.0,8,31.87,1
16,2,20250419,2.0,4,19.04,1
16,2,20250424,3.0,6,20.52,1
16,3,20240701,6.0,12,49.38,1
16,3,20240716,0.5,1,4.43,1
16,3,20240916,1.5,3,19.67,1
16,3,20240930,1.0,2,7.0,1
16,3,20241020,3.0,6,22.63,1
16,3,20241110,0.5,1,8.46,1
16,3,20241122,0.5,1,6.23,1
16,3,20241128,0.5,1,2.09,1
16,3,20241220,3.5,7,28.03,1
16,3,20250117,1.5,3,9.28,1
16,3,20250118,0.5,1,4.08,1
16,3,20250213,1.0,2,10.27,1
16,3,20250412,1.5,3,18.84,1
16,3,20250513,0.5,1,3.3,1
16,3,20250527,0.5,1,3.94,1
16,3,20250618,3.5,7,32.98,1
16,4,20240813,2.0,4,21.74,1
16,4,20240820,6.5,13,48.43,1
16,4,20241109,2.5,5,16.45,1
16,4,20241213,2.0,4,17.28,1
16,4,20250122,1.5,3,8.31,1
16,4,20250206,0.5,1,3.38,1
16,4,20250323,2.0,4,22.22,1
16,4,20250406,0.5,1,3.37,1
16,4,20250415,6.0,12,27.06,1
16,4,20250425,1.5,3,9.6,1
16,4,20250504,0.5,1,3.74,1
16,4,20250516,9.0,18,76.75,2
16,4,20250619,3.0,6,28.13,1
16,5,20240805,3.0,6,23.29,1
16,5,20240811,7.0,14,36.69,1
16,5,20240815,0.5,1,1.17,1
16,5,20240822,4.5,9,43.43,1
16,5,20240922,2.0,4,13.93,1
16,5,20241012,1.0,2,10.89,1
16,5,20250124,8.5,17,45.94,1
16,5,20250125,0.5,1,5.3,1
16,5,20250131,6.5,13,31.15,1
16,5,20250323,1.0,2,14.02,1
16,5,20250406,7.5,15,38.5,1
16,5,20250520,3.0,6,25.84,1
16,5,20250605,2.5,5,13.85,1
16,5,20250613,1.5,3,12.69,1
16,6,20240825,2.0,4,10.13,1
16,6,20241010,2.5,5,17.98,1
16,6,20241013,7.5,15,48.99,1
16,6,20241018,1.0,2,10.72,1
16,6,20241024,5.5,11,39.93,1
16,6,20241109,7.5,15,31.5,1
16,6,20241216,5.5,11,54.52,1
16,6,20241225,0.5,1,5.96,1
16,6,20250111,5.0,10,26.17,1
16,6,20250209,1.0,2,11.54,1
16,6,20250221,2.0,4,16.01,1
16,6,20250305,2.0,4,17.31,1
16,6,20250306,4.0,8,33.49,1
16,6,20250414,4.5,9,40.33,1
16,6,20250430,0.5,1,6.02,1
16,6,20250506,3.0,6,13.23,1
16,6,20250523,4.0,8,35.95,1
16,6,20250604,2.5,5,17.85,1
16,6,20250611,5.0,10,23.02,1
16,7,20240829,5.5,11,57.16,1
16,7,20241117,6.5,13,33.28,1
16,7,20241119,3.5,7,27.59,1
16,7,20250209,1.0,2,11.99,1
16,7,20250327,2.5,5,23.37,1
16,7,20250411,1.0,2,9.71,1
16,8,20240819,1.5,3,11.65,1
16,8,20240829,1.0,2,13.27,1
16,8,20241021,6.5,13,56.31,1
16,8,20241024,1.0,2,9.77,1
16,8,20250122,0.5,1,5.42,1
16,8,20250227,0.5,1,2.41,1
16,8,20250313,5.0,10,34.31,1
16,8,20250315,1.0,2,5.26,1
16,8,20250526,0.5,1,7.48,1
16,9,20240905,5.0,10,29.41,1
16,9,20240919,0.5,1,2.5,1
16,9,20241103,1.5,3,9.79,1
16,9,20241119,0.5,1,6.99,1
16,9,20250106,2.5,5,12.65,1
16,9,20250129,14.5,29,62.77,1
16,9,20250224,3.0,6,29.55,1
16,9,20250303,7.5,15,32.25,1
16,9,20250317,2.0,4,15.86,1
16,9,20250410,1.0,2,7.64,1
16,10,20240816,3.5,7,22.88,1
16,10,20240819,0.5,1,3.82,1
16,10,20240908,3.0,6,21.49,1
16,10,20240922,1.0,2,6.62,1
16,10,20240926,3.0,6,18.74,1
16,10,20241003,3.5,7,25.56,2
16,10,20241108,1.0,2,12.19,1
16,10,20241230,5.5,11,26.03,1
16,10,20250119,1.0,2,7.1,1
16,10,20250512,1.0,2,8.72,1
16,10,20250516,4.0,8,18.52,1
16,10,20250620,3.5,7,17.42,1
16,10,20250624,5.0,10,21.4,1
16,11,20240817,2.0,4,15.15,1
16,11,20240821,2.5,5,22.2,1
16,11,20240904,4.5,9,29.46,1
16,11,20240921,5.0,10,31.17,1
16,11,20241212,0.5,1,1.75,1
16,11,20250111,3.0,6,18.31,1
16,11,20250227,4.0,8,31.12,2
16,11,20250409,0.5,1,5.1,1
16,11,20250509,16.5,33,86.0,1
16,11,20250606,2.0,4,21.16,1
16,11,20250624,7.0,14,34.67,1
16,12,20240709,7.5,15,47.09,1
16,12,20240802,1.0,2,8.18,1
16,12,20240818,4.5,9,18.89,1
16,12,20240904,3.5,7,27.86,1
16,12,20241124,4.5,9,37.2,1
16,12,20241210,0.5,1,3.6,1
16,12,20250118,1.5,3,8.03,1
16,12,20250124,5.0,10,46.01,1
16,12,20250428,3.0,6,24.37,1
16,12,20250528,2.0,4,18.55,1
16,13,20240822,1.5,3,10.33,1
16,13,20241008,4.5,9,42.07,1
16,13,20241016,1.0,2,8.97,1
16,13,20241017,6.5,13,43.93,1
16,13,20241127,2.5,5,15.8,1
16,13,20250112,3.5,7,26.06,1
16,13,20250320,3.0,6,20.71,1
16,13,20250321,2.5,5,15.84,1
16,13,20250419,2.0,4,17.29,1
16,13,20250427,0.5,1,3.97,1
16,13,20250503,6.5,13,28.69,1
16,13,20250601,1.0,2,7.11,1
16,13,20250604,4.5,9,36.27,1
16,14,20240626,4.5,9,38.82,1
16,14,20240704,2.5,5,17.84,1
16,14,20250103,0.5,1,4.55,1
16,14,20250115,1.0,2,4.98,1
16,14,20250202,2.0,4,16.06,1
16,14,20250424,4.0,8,19.65,1
16,15,20240630,2.0,4,19.82,1
16,15,20240723,6.0,12,37.49,1
16,15,20240729,0.5,1,4.36,1
16,15,20240730,6.0,12,47.03,1
16,15,20240802,0.5,1,4.59,1
16,15,20240804,6.0,12,55.56,1
16,15,20240810,1.5,3,11.95,1
16,15,20240813,4.0,8,37.8,1
16,15,20240822,2.0,4,9.78,1
16,15,20240825,7.5,15,38.77,1
16,15,20240904,7.5,15,39.95,1
16,15,20240917,3.5,7,20.38,1
16,15,20240919,2.5,5,13.96,1
16,15,20240921,2.0,4,11.05,1
16,15,20240928,2.5,5,26.98,1
16,15,20241004,1.0,2,11.12,1
16,15,20241010,4.0,8,39.42,1
16,15,20241029,1.5,3,12.4,1
16,15,20241102,3.0,6,24.93,1
16,15,20241106,0.5,1,2.16,1
16,15,20241117,4.0,8,27.59,1
16,15,20241210,3.0,6,19.93,1
16,15,20241213,0.5,1,5.67,1
16,15,20250113,11.5,23,47.54,1
16,15,20250123,4.0,8,42.01,1
16,15,20250214,1.0,2,10.82,1
16,15,20250220,0.5,1,2.2,1
16,15,20250307,3.5,7,39.53,1
16,15,20250326,0.5,1,2.64,1
16,15,20250330,2.0,4,11.11,1
16,15,20250404,2.0,4,18.19,1
16,15,20250413,1.0,2,12.72,1
16,15,20250414,3.5,7,14.91,1
16,15,20250417,2.0,4,14.34,1
16,15,20250419,1.5,3,8.49,1
16,15,20250421,0.5,1,5.58,1
16,15,20250427,2.5,5,15.53,1
16,15,20250502,2.0,4,14.2,1
16,15,20250509,2.0,4,9.18,1
16,15,20250512,4.0,8,28.79,1
16,15,20250528,2.0,4,15.94,1
16,15,20250616,1.5,3,14.34,1
16,16,20240627,4.5,9,33.93,1
16,16,20240630,0.5,1,1.34,1
16,16,20240701,1.0,2,11.54,1
16,16,20240703,2.5,5,12.32,1
16,16,20240714,0.5,1,2.08,1
16,16,20240716,1.5,3,13.98,1
16,16,20240718,5.0,10,29.8,1
16,16,20240720,4.0,8,31.66,1
16,16,20240722,1.0,2,8.12,1
16,16,20240729,2.5,5,22.39,1
16,16,20240804,4.0,8,21.93,1
16,16,20240809,4.5,9,44.77,1
16,16,20240814,1.0,2,11.26,1
16,16,20240820,7.0,14,34.77,2
16,16,20240915,3.5,7,25.79,1
16,16,20241009,2.0,4,18.21,1
16,16,20241014,1.5,3,10.76,1
16,16,20241026,2.0,4,22.59,1
16,16,20241030,1.5,3,17.88,2
16,16,20241105,6.5,13,31.14,1
16,16,20241116,3.5,7,26.38,1
16,16,20241204,7.0,14,37.05,1
16,16,20241205,3.5,7,19.04,1
16,16,20241210,0.5,1,3.32,1
16,16,20241224,1.5,3,10.9,1
16,16,20241227,2.5,5,17.78,1
16,16,20250101,2.0,4,12.62,1
16,16,20250109,1.0,2,11.11,1
16,16,20250201,1.5,3,10.57,1
16,16,20250206,2.5,5,10.83,1
16,16,20250208,5.5,11,39.38,1
16,16,20250226,1.5,3,10.97,1
16,16,20250228,2.0,4,19.27,1
16,16,20250303,1.5,3,9.58,1
16,16,20250306,8.0,16,40.58,1
16,16,20250319,2.5,5,24.49,1
16,16,20250323,2.0,4,16.77,1
16,16,20250407,9.5,19,42.28,1
16,16,20250411,1.0,2,12.79,1
16,16,20250511,6.0,12,49.99,1
16,16,20250519,1.0,2,10.61,1
16,16,20250521,11.0,22,68.83,1
16,16,20250522,0.5,1,6.21,1
16,16,20250529,3.0,6,17.11,1
16,16,20250610,5.5,11,28.57,1
16,16,20250618,7.0,14,33.47,1
16,16,20250623,6.0,12,32.04,1
16,17,20240626,2.0,4,19.15,1
16,17,20240709,1.5,3,11.71,1
16,17,20240714,2.0,4,11.24,1
16,17,20240724,4.0,8,25.6,1
16,17,20240730,1.5,3,13.83,1
16,17,20240801,5.5,11,33.76,1
16,17,20240807,1.0,2,10.16,1
16,17,20240808,2.0,4,16.46,1
16,17,20240811,0.5,1,6.35,1
16,17,20240813,1.5,3,10.63,1
16,17,20240816,4.5,9,34.08,1
16,17,20240915,2.0,4,11.38,1
16,17,20240919,3.0,6,17.71,1
16,17,20240921,0.5,1,6.96,1
16,17,20241010,1.0,2,11.5,1
16,17,20241011,1.5,3,7.68,1
16,17,20241014,2.5,5,17.06,1
16,17,20241016,4.5,9,19.47,1
16,17,20241023,6.0,12,38.19,1
16,17,20241024,0.5,1,0.33,1
16,17,20241103,19.5,39,102.68,2
16,17,20241104,5.0,10,21.79,1
16,17,20241105,9.5,19,48.85,1
16,17,20241113,2.0,4,15.38,1
16,17,20241118,0.5,1,4.39,1
16,17,20241207,0.5,1,2.32,1
16,17,20241215,3.5,7,32.82,1
16,17,20241230,5.0,10,33.16,1
16,17,20250106,2.5,5,17.65,2
16,17,20250124,8.0,16,36.69,1
16,17,20250201,3.5,7,23.5,1
16,17,20250205,4.0,8,19.98,1
16,17,20250225,2.0,4,14.52,1
16,17,20250307,3.0,6,25.11,1
16,17,20250310,2.5,5,24.46,1
16,17,20250313,2.0,4,17.47,1
16,17,20250401,10.0,20,75.32,2
16,17,20250407,2.5,5,27.78,1
16,17,20250429,6.0,12,46.67,1
16,17,20250506,0.5,1,3.64,1
16,17,20250517,3.5,7,26.8,1
16,17,20250519,2.0,4,23.23,1
16,17,20250615,1.0,2,9.19,1
16,17,20250617,10.0,20,45.65,2
16,17,20250620,4.0,8,33.82,2
16,17,20250621,1.0,2,10.6,1
16,17,20250624,1.0,2,10.77,1
16,18,20240630,3.0,6,26.7,1
16,18,20240701,0.5,1,8.26,1
16,18,20240712,3.5,7,34.36,1
16,18,20240720,3.0,6,20.29,1
16,18,20240722,0.5,1,3.16,1
16,18,20240801,4.0,8,31.47,1
16,18,20240805,0.5,1,6.73,1
16,18,20240809,2.5,5,20.81,1
16,18,20240820,1.5,3,9.12,1
16,18,20240822,7.0,14,33.24,1
16,18,20240824,0.5,1,6.16,1
16,18,20240914,4.0,8,27.11,1
16,18,20240921,2.5,5,13.88,1
16,18,20240927,2.5,5,16.64,1
16,18,20241004,0.5,1,1.91,1
16,18,20241031,8.5,17,66.54,2
16,18,20241103,0.5,1,2.53,1
16,18,20241122,1.0,2,8.3,1
16,18,20241201,2.0,4,12.87,1
16,18,20241217,2.0,4,10.12,1
16,18,20241219,0.5,1,4.77,1
16,18,20241230,4.0,8,30.49,1
16,18,20250101,9.0,18,41.78,1
16,18,20250112,1.5,3,13.43,1
16,18,20250115,5.0,10,27.42,1
16,18,20250116,1.0,2,13.57,1
16,18,20250125,2.0,4,17.68,1
16,18,20250204,7.0,14,39.6,1
16,18,20250213,4.5,9,20.73,1
16,18,20250224,1.0,2,10.65,1
16,18,20250227,4.0,8,35.35,1
16,18,20250314,0.5,1,4.55,1
16,18,20250319,7.5,15,34.01,1
16,18,20250403,2.0,4,12.3,1
16,18,20250414,2.0,4,17.28,1
16,18,20250417,4.0,8,35.98,1
16,18,20250418,9.0,18,45.62,2
16,18,20250512,8.0,16,41.18,2
16,18,20250513,4.0,8,35.99,1
16,18,20250517,2.0,4,17.6,1
16,18,20250602,5.0,10,28.92,1
16,18,20250611,3.0,6,22.65,1
16,18,20250619,3.0,6,27.26,1
16,18,20250624,2.0,4,14.08,1
16,19,20240702,8.5,17,65.14,2
16,19,20240803,1.5,3,15.62,1
16,19,20240815,3.5,7,18.1,1
16,19,20240818,2.0,4,20.99,1
16,19,20240829,0.5,1,3.46,1
16,19,20240902,0.5,1,3.93,1
16,19,20240903,12.5,25,63.25,1
16,19,20240911,1.0,2,9.63,1
16,19,20240915,2.0,4,15.8,1
16,19,20240921,1.5,3,12.53,1
16,19,20240930,1.5,3,10.17,1
16,19,20241004,1.5,3,11.91,1
16,19,20241010,1.5,3,13.64,1
16,19,20241027,4.0,8,29.45,1
16,19,20241105,0.5,1,3.68,1
16,19,20241112,1.0,2,6.46,1
16,19,20241116,6.0,12,41.48,1
16,19,20241121,1.5,3,7.63,1
16,19,20241204,4.0,8,24.36,1
16,19,20241218,1.5,3,12.78,1
16,19,20241225,4.0,8,24.35,1
16,19,20241230,3.0,6,16.65,1
16,19,20241231,0.5,1,3.88,1
16,19,20250102,2.5,5,22.13,1
16,19,20250111,1.0,2,9.3,1
16,19,20250115,0.5,1,8.18,1
16,19,20250127,0.5,1,5.29,1
16,19,20250209,0.5,1,3.27,1
16,19,20250211,2.0,4,10.54,1
16,19,20250220,0.5,1,5.47,1
16,19,20250227,2.5,5,25.18,1
16,19,20250307,3.0,6,23.18,2
16,19,20250318,2.5,5,19.63,1
16,19,20250324,3.0,6,22.55,1
16,19,20250408,5.0,10,37.96,2
16,19,20250410,3.0,6,17.76,1
16,19,20250414,2.5,5,20.69,1
16,19,20250501,2.0,4,21.08,1
16,19,20250605,1.5,3,8.56,1
16,19,20250613,6.0,12,42.47,1
16,19,20250620,1.5,3,10.43,1
16,19,20250621,9.5,19,78.93,1
16,20,20240624,2.5,5,18.58,1
16,20,20240628,4.0,8,26.61,2
16,20,20240802,1.0,2,11.39,1
16,20,20240818,5.5,11,34.78,1
16,20,20240825,2.5,5,19.75,1
16,20,20240827,1.0,2,8.22,1
16,20,20240830,0.5,1,3.32,1
16,20,20240902,1.0,2,7.03,1
16,20,20240907,4.5,9,37.04,1
16,20,20240909,3.5,7,18.78,1
16,20,20240910,5.0,10,36.99,2
16,20,20240911,0.5,1,3.53,1
16,20,20240921,4.5,9,24.74,1
16,20,20240926,1.5,3,7.55,1
16,20,20241011,0.5,1,6.97,1
16,20,20241023,3.5,7,18.75,1
16,20,20241025,1.5,3,11.17,1
16,20,20241026,0.5,1,1.5,1
16,20,20241122,5.0,10,40.15,1
16,20,20241123,1.0,2,8.32,1
16,20,20241125,1.0,2,9.99,1
16,20,20241201,2.0,4,15.42,1
16,20,20241210,1.5,3,9.71,1
16,20,20241221,2.5,5,17.85,1
16,20,20241223,3.0,6,20.45,1
16,20,20241231,3.0,6,15.08,1
16,20,20250115,1.0,2,7.36,1
16,20,20250119,2.0,4,19.73,1
16,20,20250124,0.5,1,5.05,1
16,20,20250130,0.5,1,8.35,1
16,20,20250131,5.0,10,21.9,1
16,20,20250215,3.0,6,29.27,1
16,20,20250219,0.5,1,1.31,1
16,20,20250304,4.0,8,37.25,1
16,20,20250317,3.5,7,26.43,1
16,20,20250402,4.5,9,48.35,2
16,20,20250415,1.5,3,11.79,1
16,20,20250421,8.0,16,75.12,1
16,20,20250422,0.5,1,3.86,1
16,20,20250502,1.5,3,13.5,1
16,20,20250511,6.0,12,48.35,1
16,20,20250513,2.5,5,22.45,1
16,20,20250526,3.5,7,31.3,1
16,20,20250611,1.5,3,17.07,1
16,20,20250612,0.5,1,6.37,1
16,20,20250615,1.5,3,10.47,2
16,20,20250617,1.0,2,6.68,1
16,21,20240724,5.5,11,23.15,1
16,21,20240801,2.5,5,15.36,1
16,21,20240805,3.0,6,20.05,1
16,21,20240818,3.0,6,30.52,1
16,21,20240824,6.0,12,43.1,1
16,21,20240828,1.0,2,8.94,1
16,21,20240831,11.5,23,64.2,2
16,21,20240916,0.5,1,0.82,1
16,21,20240926,1.0,2,8.02,1
16,21,20240930,0.5,1,2.39,1
16,21,20241001,14.0,28,56.87,1
16,21,20241020,8.5,17,60.39,1
16,21,20241108,1.5,3,13.4,1
16,21,20241126,2.0,4,11.88,1
16,21,20241203,9.0,18,39.81,1
16,21,20241211,3.0,6,18.47,1
16,21,20241227,2.0,4,19.31,2
16,21,20250108,3.5,7,26.53,1
16,21,20250112,2.0,4,23.46,1
16,21,20250113,4.5,9,29.5,1
16,21,20250125,5.5,11,29.87,1
16,21,20250126,3.5,7,28.93,1
16,21,20250130,12.5,25,72.61,2
16,21,20250202,1.5,3,13.92,1
16,21,20250220,6.5,13,56.41,2
16,21,20250227,0.5,1,6.65,1
16,21,20250313,1.5,3,16.91,2
16,21,20250315,10.0,20,68.83,1
16,21,20250317,0.5,1,8.02,1
16,21,20250331,1.0,2,7.49,1
16,21,20250406,2.0,4,16.7,1
16,21,20250420,2.0,4,16.28,1
16,21,20250422,0.5,1,8.01,1
16,21,20250502,6.5,13,51.56,1
16,21,20250607,8.5,17,45.0,1
16,21,20250611,4.5,9,43.24,1
16,21,20250612,0.5,1,6.85,1
16,21,20250615,2.5,5,19.57,1
17,1,20240716,1.5,3,14.67,1
17,1,20240718,3.5,7,33.0,1
17,1,20240723,2.5,5,18.98,1
17,1,20240802,3.0,6,14.37,1
17,1,20240805,4.0,8,27.75,1
17,1,20240821,1.5,3,10.46,1
17,1,20240907,0.5,1,8.24,1
17,1,20241005,1.5,3,13.42,1
17,1,20241015,5.5,11,44.36,1
17,1,20241020,2.5,5,26.64,1
17,1,20241026,0.5,1,2.01,1
17,1,20241120,3.0,6,20.79,1
17,1,20241128,2.0,4,13.07,1
17,1,20241226,4.5,9,35.6,1
17,1,20250115,4.0,8,19.86,1
17,1,20250311,1.5,3,14.46,1
17,1,20250414,5.0,10,45.19,1
17,1,20250511,1.5,3,11.87,1
17,2,20240815,2.5,5,26.04,2
17,2,20240831,2.0,4,12.05,1
17,2,20240912,0.5,1,2.38,1
17,2,20240915,0.5,1,6.71,1
17,2,20241006,2.0,4,13.25,1
17,2,20241007,4.0,8,39.44,1
17,2,20241121,0.5,1,2.35,1
17,2,20241212,1.0,2,10.71,1
17,2,20250117,3.0,6,29.68,1
17,2,20250119,1.5,3,8.42,1
17,2,20250222,4.5,9,37.07,1
17,2,20250308,3.5,7,24.38,1
17,2,20250328,1.5,3,13.44,1
17,2,20250426,11.5,23,48.91,1
17,2,20250623,3.0,6,23.58,1
17,3,20240626,2.0,4,19.55,1
17,3,20240824,4.0,8,22.58,1
17,3,20240929,4.5,9,27.78,1
17,3,20241115,3.0,6,29.42,1
17,3,20241206,2.5,5,16.74,1
17,3,20250120,0.5,1,4.28,1
17,3,20250121,6.5,13,63.28,1
17,3,20250207,5.0,10,22.36,1
17,3,20250216,1.5,3,13.2,1
17,3,20250225,5.0,10,33.59,1
17,3,20250512,0.5,1,7.29,1
17,4,20240627,3.0,6,31.04,1
17,4,20240812,0.5,1,5.84,1
17,4,20241017,1.5,3,17.58,1
17,4,20241231,4.5,9,31.64,1
17,4,20250105,3.0,6,22.65,1
17,4,20250116,0.5,1,5.34,1
17,4,20250306,2.5,5,15.74,1
17,4,20250322,3.0,6,26.67,1
17,4,20250423,1.5,3,13.74,1
17,4,20250425,1.5,3,8.11,1
17,4,20250509,1.5,3,13.13,1
17,5,20240913,4.5,9,29.86,1
17,5,20240924,2.5,5,15.31,1
17,5,20241007,1.5,3,13.89,1
17,5,20241014,2.0,4,18.0,1
17,5,20241019,1.0,2,7.62,1
17,5,20241110,1.5,3,13.74,1
17,5,20241115,3.5,7,29.67,1
17,5,20250115,6.5,13,32.53,1
17,5,20250130,6.0,12,32.29,1
17,5,20250218,0.5,1,9.7,1
17,5,20250310,7.0,14,34.27,1
17,5,20250315,1.5,3,9.25,1
17,5,20250410,1.5,3,10.27,1
17,5,20250428,2.5,5,16.09,1
17,5,20250513,3.0,6,23.94,1
17,5,20250531,2.5,5,10.05,1
17,6,20240718,2.0,4,17.76,1
17,6,20240903,0.5,1,3.79,1
17,6,20240910,6.5,13,34.84,1
17,6,20241105,6.0,12,27.54,1
17,6,20241129,12.5,25,94.5,1
17,6,20241223,4.0,8,39.41,1
17,6,20250110,3.5,7,19.02,1
17,6,20250122,1.0,2,11.8,1
17,6,20250222,2.5,5,14.39,1
17,6,20250412,10.5,21,44.02,1
17,6,20250603,0.5,1,2.99,1
17,7,20240712,2.5,5,18.52,1
17,7,20240816,1.5,3,9.44,1
17,7,20240904,3.0,6,19.1,1
17,7,20240925,7.0,14,30.38,1
17,7,20240926,5.5,11,44.97,2
17,7,20241002,3.0,6,16.53,1
17,7,20241103,1.5,3,15.4,1
17,7,20241127,1.0,2,7.75,1
17,7,20241130,0.5,1,0.4,1
17,7,20241225,3.5,7,19.29,1
17,7,20250104,7.0,14,48.7,1
17,7,20250122,4.0,8,23.84,1
17,7,20250214,1.0,2,11.7,1
17,7,20250222,3.0,6,25.06,1
17,7,20250306,8.5,17,62.72,1
17,7,20250322,1.0,2,11.09,1
17,7,20250401,2.5,5,26.81,1
17,7,20250428,0.5,1,1.84,1
17,7,20250429,2.0,4,17.49,1
17,7,20250430,11.5,23,50.47,1
17,7,20250502,3.5,7,37.87,1
17,7,20250519,1.5,3,9.52,1
17,8,20240624,1.5,3,14.96,1
17,8,20240702,2.0,4,22.75,1
17,8,20240824,3.5,7,17.79,1
17,8,20240906,3.5,7,26.97,1
17,8,20240920,0.5,1,0.76,1
17,8,20241003,4.0,8,30.82,1
17,8,20241030,2.0,4,16.05,1
17,8,20241111,3.5,7,30.97,1
17,8,20241123,2.5,5,24.02,1
17,8,20241201,1.5,3,7.12,1
17,8,20250107,1.5,3,14.28,1
17,8,20250212,4.0,8,35.86,1
17,8,20250214,0.5,1,6.81,1
17,8,20250302,4.0,8,32.25,1
17,8,20250306,7.0,14,39.06,1
17,8,20250311,2.0,4,10.38,1
17,8,20250407,0.5,1,5.98,1
17,8,20250419,6.5,13,27.14,1
17,8,20250512,2.0,4,14.01,1
17,8,20250525,1.5,3,11.59,1
17,8,20250526,0.5,1,5.41,1
17,8,20250609,0.5,1,4.18,1
17,8,20250617,1.0,2,10.87,1
17,9,20240717,1.0,2,11.3,1
17,9,20240731,3.0,6,17.93,1
17,9,20240815,3.5,7,37.4,1
17,9,20240901,0.5,1,3.42,1
17,9,20241104,1.0,2,6.08,1
17,9,20241115,1.0,2,7.02,2
17,9,20241130,9.0,18,65.88,1
17,9,20241201,0.5,1,2.68,1
17,9,20241207,4.0,8,25.33,1
17,9,20241210,2.0,4,11.98,1
17,9,20250115,0.5,1,6.21,1
17,9,20250124,0.5,1,3.64,1
17,9,20250228,4.5,9,21.87,1
17,9,20250303,5.5,11,46.19,1
17,9,20250321,3.0,6,30.45,1
17,9,20250409,1.0,2,6.91,1
17,9,20250419,8.0,16,51.91,1
17,10,20240708,2.0,4,19.02,1
17,10,20240719,5.0,10,23.7,1
17,10,20240722,0.5,1,7.46,1
17,10,20240901,2.5,5,22.9,1
17,10,20240928,8.0,16,69.41,2
17,10,20241102,6.0,12,28.97,1
17,10,20250102,4.5,9,33.85,1
17,10,20250207,1.5,3,13.39,1
17,10,20250210,1.5,3,10.45,1
17,10,20250224,1.5,3,12.29,1
17,10,20250513,0.5,1,5.9,1
17,10,20250608,2.5,5,27.2,1
17,10,20250610,3.0,6,33.1,1
17,10,20250616,3.0,6,12.72,1
17,10,20250624,1.0,2,8.31,1
17,11,20240630,1.5,3,15.17,2
17,11,20240803,3.0,6,19.36,1
17,11,20240807,4.0,8,18.72,1
17,11,20240810,2.0,4,22.08,1
17,11,20241130,6.5,13,40.99,1
17,11,20250120,1.5,3,15.19,1
17,11,20250130,1.5,3,7.53,1
17,11,20250204,1.5,3,11.95,1
17,11,20250213,3.0,6,17.24,1
17,11,20250223,9.5,19,62.43,2
17,11,20250319,5.5,11,24.96,1
17,11,20250410,2.0,4,9.72,1
17,11,20250421,4.5,9,39.29,1
17,11,20250422,0.5,1,8.61,1
17,11,20250424,3.0,6,19.23,1
17,11,20250504,4.0,8,26.5,1
17,11,20250521,0.5,1,6.02,1
17,11,20250523,7.5,15,45.46,2
17,11,20250607,1.5,3,8.04,1
17,12,20240907,1.5,3,16.26,1
17,12,20241016,1.0,2,12.52,1
17,12,20241112,1.5,3,12.08,1
17,12,20241117,3.0,6,28.52,1
17,12,20241118,5.5,11,37.0,1
17,12,20250326,5.0,10,39.81,1
17,12,20250423,1.0,2,5.98,1
17,12,20250517,1.0,2,13.59,1
17,13,20240630,2.0,4,11.42,1
17,13,20240717,2.0,4,20.54,2
17,13,20240724,7.5,15,39.99,1
17,13,20240730,9.5,19,79.08,1
17,13,20240806,1.5,3,13.05,1
17,13,20240812,0.5,1,4.9,1
17,13,20240911,3.5,7,37.02,1
17,13,20241020,6.5,13,51.88,1
17,13,20250122,4.0,8,21.52,1
17,13,20250317,2.5,5,15.09,1
17,13,20250601,3.5,7,16.15,1
17,13,20250603,1.0,2,7.56,1
17,14,20240624,1.5,3,15.05,1
17,14,20240703,7.5,15,33.88,1
17,14,20240704,1.5,3,14.53,1
17,14,20240709,2.5,5,16.89,1
17,14,20240720,1.0,2,8.96,1
17,14,20240803,2.5,5,14.13,1
17,14,20240808,3.0,6,30.8,1
17,14,20240826,4.0,8,22.99,1
17,14,20240927,2.0,4,17.26,1
17,14,20241110,0.5,1,1.37,1
17,14,20241124,3.5,7,25.24,2
17,14,20241226,2.0,4,12.94,1
17,14,20250212,2.5,5,21.01,1
17,14,20250215,1.0,2,10.88,1
17,14,20250430,5.5,11,31.16,1
17,14,20250502,3.0,6,25.1,1
17,14,20250513,1.0,2,8.3,1
17,14,20250521,0.5,1,1.44,1
17,15,20240802,3.5,7,29.03,1
17,15,20240807,7.5,15,60.86,1
17,15,20240815,0.5,1,6.13,1
17,15,20240820,3.0,6,30.87,1
17,15,20240821,4.0,8,29.43,1
17,15,20240822,3.0,6,13.56,1
17,15,20240909,1.0,2,9.35,1
17,15,20240914,1.0,2,10.6,1
17,15,20240922,2.0,4,17.85,1
17,15,20241003,0.5,1,1.71,1
17,15,20241020,3.5,7,23.07,1
17,15,20241105,1.0,2,9.54,1
17,15,20241121,2.0,4,13.25,1
17,15,20241127,4.0,8,16.67,1
17,15,20241130,0.5,1,4.46,1
17,15,20241219,1.5,3,14.41,1
17,15,20241225,0.5,1,8.61,1
17,15,20250106,0.5,1,1.77,1
17,15,20250121,3.0,6,23.41,1
17,15,20250123,3.5,7,31.46,1
17,15,20250130,1.0,2,7.66,1
17,15,20250201,5.0,10,24.35,1
17,15,20250210,1.0,2,7.41,1
17,15,20250211,2.5,5,14.34,1
17,15,20250217,2.5,5,28.34,1
17,15,20250218,1.5,3,14.08,1
17,15,20250225,7.0,14,69.41,1
17,15,20250226,7.5,15,42.39,1
17,15,20250227,2.5,5,15.95,1
17,15,20250309,2.0,4,18.18,1
17,15,20250311,3.0,6,25.6,1
17,15,20250324,1.0,2,7.27,1
17,15,20250329,2.5,5,28.44,1
17,15,20250401,1.5,3,10.22,1
17,15,20250406,2.5,5,25.66,1
17,15,20250413,7.5,15,40.98,1
17,15,20250415,5.0,10,38.43,1
17,15,20250417,1.5,3,9.37,1
17,15,20250422,0.5,1,5.42,1
17,15,20250429,3.0,6,15.25,1
17,15,20250507,0.5,1,6.16,1
17,15,20250531,5.0,10,47.23,1
17,15,20250608,2.5,5,16.04,1
17,16,20240625,4.0,8,28.39,1
17,16,20240627,3.5,7,18.43,1
17,16,20240711,4.0,8,20.46,1
17,16,20240719,3.0,6,26.81,1
17,16,20240722,1.5,3,11.0,1
17,16,20240724,2.0,4,11.77,1
17,16,20240728,1.5,3,8.8,1
17,16,20240730,0.5,1,6.79,1
17,16,20240809,1.5,3,16.58,1
17,16,20240810,1.0,2,7.33,1
17,16,20240816,0.5,1,5.78,1
17,16,20240817,8.0,16,51.26,1
17,16,20240818,4.0,8,36.74,1
17,16,20240819,1.5,3,15.93,1
17,16,20240828,2.0,4,15.86,1
17,16,20240907,2.0,4,20.17,1
17,16,20240910,2.0,4,12.72,1
17,16,20240922,0.5,1,4.88,1
17,16,20241008,3.5,7,16.93,1
17,16,20241010,0.5,1,8.34,1
17,16,20241025,0.5,1,7.42,1
17,16,20241028,1.5,3,9.6,1
17,16,20241031,1.0,2,13.59,1
17,16,20241115,1.0,2,11.02,1
17,16,20241116,5.5,11,31.65,1
17,16,20241118,0.5,1,4.08,1
17,16,20241206,3.0,6,21.6,1
17,16,20241207,7.0,14,34.39,1
17,16,20241211,1.0,2,10.17,1
17,16,20241218,2.5,5,21.44,2
17,16,20250105,0.5,1,7.29,1
17,16,20250125,2.0,4,20.27,1
17,16,20250127,0.5,1,3.99,1
17,16,20250219,2.0,4,12.03,1
17,16,20250220,3.5,7,32.93,1
17,16,20250223,1.0,2,4.43,1
17,16,20250308,1.0,2,7.49,1
17,16,20250310,6.0,12,38.1,2
17,16,20250319,3.0,6,21.12,2
17,16,20250320,0.5,1,3.62,1
17,16,20250417,2.0,4,15.83,1
17,16,20250425,2.0,4,20.9,1
17,16,20250504,1.0,2,7.24,1
17,16,20250510,3.5,7,26.76,2
17,16,20250517,2.5,5,19.18,1
17,16,20250522,1.5,3,17.09,1
17,16,20250606,5.0,10,41.3,1
17,16,20250613,2.5,5,24.99,1
17,16,20250614,11.5,23,75.48,1
17,17,20240629,2.0,4,20.69,1
17,17,20240708,8.5,17,76.4,1
17,17,20240805,0.5,1,4.71,1
17,17,20240816,10.5,21,89.11,2
17,17,20240903,1.5,3,8.91,1
17,17,20240921,5.5,11,38.04,3
17,17,20241016,0.5,1,1.78,1
17,17,20241017,3.5,7,21.75,1
17,17,20241106,2.5,5,24.75,1
17,17,20241114,1.0,2,8.9,1
17,17,20241117,5.0,10,29.61,2
17,17,20241119,3.0,6,16.52,1
17,17,20241124,1.5,3,12.45,1
17,17,20241126,2.5,5,27.05,1
17,17,20241204,1.5,3,10.04,1
17,17,20241216,5.0,10,31.95,2
17,17,20250103,2.0,4,23.14,1
17,17,20250120,0.5,1,6.85,1
17,17,20250124,11.0,22,67.27,2
17,17,20250125,1.0,2,8.51,1
17,17,20250131,1.5,3,13.89,2
17,17,20250211,1.0,2,12.92,1
17,17,20250221,2.5,5,15.79,1
17,17,20250305,1.5,3,11.59,1
17,17,20250309,1.5,3,17.91,1
17,17,20250326,1.0,2,10.64,1
17,17,20250409,0.5,1,0.88,1
17,17,20250419,1.0,2,4.69,1
17,17,20250424,2.0,4,17.87,1
17,17,20250512,7.0,14,37.78,1
17,17,20250514,3.5,7,32.76,1
17,17,20250516,0.5,1,2.39,1
17,17,20250531,3.0,6,14.0,1
17,17,20250607,4.5,9,22.47,1
17,17,20250621,2.5,5,23.75,1
17,18,20240711,4.0,8,25.86,1
17,18,20240731,0.5,1,5.24,1
17,18,20240812,2.0,4,21.13,1
17,18,20240815,3.5,7,20.15,1
17,18,20240831,0.5,1,2.5,1
17,18,20240904,4.5,9,29.84,1
17,18,20240912,1.0,2,9.38,1
17,18,20240924,0.5,1,3.64,1
17,18,20240925,6.0,12,50.15,1
17,18,20241003,3.0,6,20.19,1
17,18,20241026,2.0,4,11.7,1
17,18,20241106,4.0,8,27.07,1
17,18,20241118,1.5,3,15.67,1
17,18,20241120,5.0,10,34.99,1
17,18,20241207,4.5,9,23.13,1
17,18,20241216,4.5,9,38.0,1
17,18,20250124,3.0,6,19.98,1
17,18,20250125,4.5,9,35.96,1
17,18,20250131,2.0,4,15.39,1
17,18,20250208,1.5,3,9.94,1
17,18,20250312,10.5,21,67.36,1
17,18,20250409,1.0,2,13.15,1
17,18,20250416,1.5,3,11.0,1
17,18,20250417,2.0,4,11.98,1
17,18,20250430,4.5,9,22.48,1
17,18,20250505,1.0,2,12.28,1
17,18,20250514,7.0,14,47.34,1
17,18,20250515,3.0,6,30.54,1
17,18,20250517,5.0,10,20.71,1
17,18,20250523,0.5,1,1.2,1
17,18,20250605,0.5,1,4.77,1
17,18,20250608,0.5,1,4.54,1
17,18,20250618,0.5,1,6.51,1
17,18,20250619,0.5,1,4.71,1
17,19,20240625,4.5,9,32.76,1
17,19,20240629,8.5,17,39.21,1
17,19,20240630,2.0,4,14.31,1
17,19,20240704,2.0,4,24.38,1
17,19,20240711,0.5,1,3.26,1
17,19,20240723,0.5,1,1.7,1
17,19,20240806,1.5,3,12.54,1
17,19,20240816,1.5,3,14.97,1
17,19,20240818,4.0,8,40.78,1
17,19,20240819,3.5,7,27.5,2
17,19,20240907,1.5,3,12.39,1
17,19,20240908,1.5,3,6.5,1
17,19,20240912,4.5,9,33.84,1
17,19,20240921,1.0,2,13.1,1
17,19,20240926,0.5,1,0.94,1
17,19,20241002,3.5,7,19.82,1
17,19,20241006,6.0,12,24.97,1
17,19,20241009,3.0,6,16.47,1
17,19,20241029,2.0,4,21.09,1
17,19,20241103,3.5,7,26.95,1
17,19,20241106,4.0,8,27.26,1
17,19,20241116,5.5,11,49.62,1
17,19,20241121,3.5,7,18.11,1
17,19,20241122,2.5,5,24.73,1
17,19,20241207,0.5,1,4.33,1
17,19,20241221,3.5,7,28.69,1
17,19,20241226,0.5,1,4.87,1
17,19,20241227,1.5,3,17.92,1
17,19,20250105,1.5,3,8.33,1
17,19,20250107,1.5,3,9.84,1
17,19,20250114,1.5,3,9.23,1
17,19,20250128,0.5,1,4.96,1
17,19,20250129,5.5,11,30.0,1
17,19,20250207,2.0,4,16.52,1
17,19,20250213,2.5,5,19.55,1
17,19,20250216,1.0,2,11.74,1
17,19,20250218,2.5,5,16.3,1
17,19,20250312,2.0,4,19.46,1
17,19,20250321,0.5,1,8.18,1
17,19,20250331,1.5,3,14.41,1
17,19,20250403,1.5,3,6.53,1
17,19,20250406,0.5,1,2.98,1
17,19,20250414,0.5,1,2.94,1
17,19,20250420,0.5,1,4.39,1
17,19,20250423,1.5,3,16.26,1
17,19,20250502,10.5,21,70.48,2
17,19,20250514,1.0,2,11.77,1
17,19,20250515,1.5,3,14.98,1
17,19,20250520,2.0,4,20.56,1
17,19,20250522,3.0,6,19.64,1
17,19,20250523,1.5,3,17.36,1
17,19,20250524,9.5,19,40.31,1
17,19,20250531,2.5,5,21.74,1
17,19,20250603,3.5,7,33.42,1
17,19,20250604,1.5,3,7.8,1
17,19,20250611,7.0,14,30.54,1
17,19,20250616,11.0,22,46.07,1
17,19,20250620,0.5,1,7.83,1
17,20,20240627,3.5,7,24.78,1
17,20,20240629,1.5,3,11.91,1
17,20,20240710,2.5,5,10.88,1
17,20,20240724,4.5,9,44.16,1
17,20,20240727,0.5,1,2.36,1
17,20,20240728,0.5,1,2.4,1
17,20,20240821,4.5,9,20.44,1
17,20,20240823,2.5,5,21.02,1
17,20,20240906,1.5,3,15.42,1
17,20,20240907,1.5,3,15.45,1
17,20,20240915,1.5,3,8.77,1
17,20,20240916,6.0,12,53.43,1
17,20,20241015,1.5,3,8.91,1
17,20,20241105,4.5,9,23.18,1
17,20,20241108,2.0,4,12.69,1
17,20,20241201,6.0,12,59.84,1
17,20,20241215,3.5,7,23.59,1
17,20,20241220,0.5,1,5.07,1
17,20,20241221,2.5,5,22.07,1
17,20,20250106,3.0,6,22.5,1
17,20,20250109,2.0,4,19.72,1
17,20,20250123,4.5,9,40.08,1
17,20,20250204,10.0,20,51.62,1
17,20,20250209,5.0,10,32.94,1
17,20,20250213,1.5,3,16.84,2
17,20,20250216,8.0,16,69.17,1
17,20,20250219,2.0,4,18.97,1
17,20,20250220,1.0,2,5.75,1
17,20,20250310,3.0,6,21.69,1
17,20,20250315,3.0,6,15.75,1
17,20,20250316,1.0,2,12.48,1
17,20,20250319,1.0,2,5.65,1
17,20,20250323,1.5,3,9.46,1
17,20,20250327,5.0,10,46.75,2
17,20,20250402,0.5,1,3.36,1
17,20,20250416,2.0,4,14.43,1
17,20,20250417,3.0,6,18.4,1
17,20,20250419,1.0,2,11.43,1
17,20,20250425,2.0,4,12.44,1
17,20,20250504,4.0,8,36.05,1
17,20,20250507,9.5,19,43.7,1
17,20,20250509,0.5,1,5.27,1
17,20,20250524,2.0,4,19.55,1
17,20,20250526,2.0,4,21.15,1
17,20,20250607,2.0,4,16.95,1
17,20,20250609,1.0,2,9.56,1
17,20,20250613,4.0,8,30.84,1
17,20,20250621,1.0,2,9.98,1
17,21,20240624,1.5,3,15.16,1
17,21,20240625,1.0,2,10.36,1
17,21,20240626,4.0,8,28.53,1
17,21,20240701,2.0,4,21.79,1
17,21,20240711,3.0,6,27.01,1
17,21,20240712,1.0,2,9.93,1
17,21,20240726,3.0,6,17.67,1
17,21,20240809,0.5,1,6.39,1
17,21,20240810,1.5,3,12.77,1
17,21,20240812,2.0,4,14.94,1
17,21,20240813,1.0,2,7.61,1
17,21,20240815,2.0,4,19.33,1
17,21,20240829,6.5,13,48.83,1
17,21,20240901,1.0,2,13.76,1
17,21,20240918,3.0,6,24.01,1
17,21,20240923,0.5,1,1.87,1
17,21,20240926,5.0,10,47.65,2
17,21,20241005,4.0,8,18.59,1
17,21,20241007,4.0,8,23.51,1
17,21,20241016,1.0,2,11.48,1
17,21,20241024,3.5,7,21.0,1
17,21,20241030,1.5,3,12.26,1
17,21,20241121,1.5,3,17.74,1
17,21,20241124,0.5,1,9.31,1
17,21,20241204,2.0,4,12.71,1
17,21,20241210,3.0,6,22.99,1
17,21,20250117,1.0,2,8.99,1
17,21,20250122,4.5,9,27.1,1
17,21,20250201,0.5,1,6.64,1
17,21,20250214,1.0,2,9.26,1
17,21,20250215,3.0,6,23.78,1
17,21,20250223,3.5,7,20.19,1
17,21,20250307,3.0,6,12.92,1
17,21,20250313,2.0,4,20.37,1
17,21,20250314,5.5,11,25.8,1
17,21,20250317,5.5,11,36.79,1
17,21,20250321,0.5,1,1.42,1
17,21,20250408,0.5,1,9.22,1
17,21,20250409,3.0,6,22.12,1
17,21,20250427,3.0,6,30.53,1
17,21,20250429,2.5,5,11.71,1
17,21,20250501,1.5,3,15.07,1
17,21,20250519,3.5,7,27.97,1
17,21,20250520,3.0,6,29.41,1
17,21,20250526,0.5,1,6.94,1
17,21,20250527,0.5,1,5.69,1
17,21,20250602,1.5,3,16.55,1
17,21,20250606,1.0,2,9.16,1
17,21,20250611,2.0,4,16.37,1
17,21,20250615,2.5,5,21.32,1
18,1,20240713,6.5,13,43.51,1
18,1,20240716,1.5,3,7.5,1
18,1,20240806,7.5,15,31.95,1
18,1,20240819,2.0,4,17.89,1
18,1,20240822,2.5,5,15.13,1
18,1,20240827,5.5,11,31.34,1
18,1,20240915,1.5,3,11.02,1
18,1,20241016,0.5,1,7.73,1
18,1,20241207,1.5,3,13.68,1
18,1,20241216,2.0,4,21.17,1
18,1,20250201,3.0,6,18.07,1
18,1,20250203,1.0,2,9.94,1
18,1,20250222,6.0,12,52.19,1
18,1,20250309,1.5,3,17.23,1
18,1,20250408,0.5,1,3.69,1
18,1,20250419,5.5,11,27.82,1
18,1,20250605,0.5,1,4.09,1
18,2,20240703,7.5,15,60.28,2
18,2,20240926,2.0,4,18.42,1
18,2,20241110,12.0,24,49.94,1
18,2,20241120,1.5,3,16.34,1
18,2,20241126,1.5,3,11.39,1
18,2,20241221,5.0,10,39.85,1
18,2,20250130,0.5,1,4.41,1
18,2,20250131,2.0,4,14.0,1
18,2,20250316,2.0,4,17.27,1
18,2,20250416,11.0,22,67.53,1
18,2,20250419,5.0,10,29.91,1
18,2,20250422,1.0,2,5.96,1
18,3,20240625,1.5,3,12.87,1
18,3,20240626,3.0,6,16.56,1
18,3,20241020,4.0,8,36.82,1
18,3,20241027,1.5,3,11.28,1
18,3,20241124,2.0,4,15.38,1
18,3,20241208,2.0,4,13.67,1
18,3,20250106,7.5,15,32.21,1
18,3,20250228,4.5,9,34.52,1
18,3,20250412,1.5,3,10.5,1
18,3,20250416,2.5,5,24.35,1
18,3,20250511,3.5,7,27.49,1
18,3,20250527,7.5,15,31.32,1
18,3,20250618,2.0,4,20.65,1
18,4,20240626,1.5,3,7.61,1
18,4,20240710,1.5,3,12.83,1
18,4,20240719,4.0,8,30.19,1
18,4,20240724,4.5,9,33.5,1
18,4,20240801,1.5,3,11.49,1
18,4,20240908,3.0,6,18.85,1
18,4,20241027,0.5,1,3.14,1
18,4,20241111,2.0,4,16.42,1
18,4,20241113,2.0,4,15.83,1
18,4,20250107,4.5,9,32.58,1
18,4,20250120,2.0,4,20.02,1
18,4,20250207,1.5,3,10.02,1
18,4,20250215,5.5,11,32.43,1
18,4,20250222,2.0,4,13.67,2
18,4,20250228,0.5,1,6.14,1
18,4,20250313,0.5,1,2.87,1
18,4,20250409,1.5,3,14.02,1
18,4,20250510,2.0,4,9.95,1
18,4,20250529,5.0,10,31.87,2
18,5,20240802,2.5,5,19.2,1
18,5,20240805,3.0,6,33.47,1
18,5,20240904,10.0,20,44.41,1
18,5,20241016,1.5,3,7.8,1
18,5,20241108,1.5,3,13.57,2
18,5,20241111,1.5,3,17.66,1
18,5,20241204,2.0,4,19.12,1
18,5,20241220,3.0,6,23.39,1
18,5,20241225,3.5,7,35.35,1
18,5,20241226,2.0,4,17.15,1
18,5,20250207,0.5,1,3.36,1
18,5,20250228,2.5,5,28.49,1
18,5,20250413,2.0,4,14.05,1
18,5,20250418,0.5,1,8.47,1
18,5,20250601,2.0,4,21.66,1
18,5,20250611,2.0,4,18.26,1
18,6,20240701,1.0,2,13.58,1
18,6,20240825,3.5,7,24.27,1
18,6,20240826,7.0,14,39.46,1
18,6,20240929,2.5,5,16.8,1
18,6,20241008,0.5,1,4.93,1
18,6,20241016,0.5,1,3.57,1
18,6,20241031,3.0,6,23.75,1
18,6,20241119,5.5,11,26.47,1
18,6,20241218,1.5,3,15.46,1
18,6,20241219,1.5,3,7.54,1
18,6,20250105,3.5,7,16.68,1
18,6,20250225,3.0,6,21.37,1
18,6,20250408,4.0,8,30.8,1
18,7,20240630,9.0,18,54.61,1
18,7,20240703,1.5,3,13.14,1
18,7,20240720,0.5,1,3.18,1
18,7,20240808,6.5,13,34.89,1
18,7,20240902,3.5,7,14.9,1
18,7,20240910,1.0,2,5.87,1
18,7,20240911,0.5,1,1.07,1
18,7,20241009,5.0,10,39.41,1
18,7,20241119,6.0,12,40.13,1
18,7,20241218,1.5,3,11.07,1
18,7,20250109,2.5,5,27.76,1
18,7,20250118,1.5,3,7.11,1
18,7,20250207,1.5,3,12.33,1
18,7,20250303,2.5,5,17.33,1
18,7,20250321,4.5,9,26.09,1
18,7,20250503,8.0,16,44.14,1
18,7,20250519,0.5,1,1.58,1
18,7,20250526,5.5,11,31.63,1
18,7,20250612,2.0,4,9.12,1
18,8,20240626,0.5,1,7.78,1
18,8,20240630,6.5,13,57.24,1
18,8,20240720,8.0,16,49.1,1
18,8,20240910,3.5,7,28.69,1
18,8,20241020,2.0,4,21.51,1
18,8,20241117,1.0,2,12.15,1
18,8,20241128,1.5,3,13.82,1
18,8,20241219,4.0,8,20.84,1
18,8,20250109,0.5,1,4.14,1
18,8,20250127,9.5,19,49.7,1
18,8,20250317,5.5,11,23.89,1
18,8,20250321,3.0,6,23.75,1
18,8,20250322,7.0,14,47.59,1
18,8,20250330,4.0,8,41.6,1
18,8,20250609,9.5,19,84.35,1
18,9,20240801,5.5,11,39.16,1
18,9,20241003,4.5,9,47.49,1
18,9,20241127,1.5,3,16.38,1
18,9,20241207,2.0,4,15.66,1
18,9,20241215,8.5,17,62.76,1
18,9,20241229,4.0,8,27.71,1
18,9,20250102,3.0,6,20.85,1
18,9,20250116,1.0,2,11.82,1
18,9,20250119,3.0,6,19.91,1
18,9,20250304,1.0,2,8.55,1
18,9,20250318,0.5,1,2.3,1
18,9,20250412,0.5,1,2.18,1
18,9,20250416,2.0,4,13.98,1
18,10,20240703,0.5,1,6.01,1
18,10,20240918,4.5,9,20.25,1
18,10,20240930,4.0,8,20.57,1
18,10,20241020,10.5,21,51.46,1
18,10,20241101,2.5,5,20.57,1
18,10,20241103,2.0,4,19.0,1
18,10,20241211,1.0,2,5.35,1
18,10,20241212,4.5,9,40.27,1
18,10,20250212,2.0,4,14.84,1
18,10,20250318,1.0,2,12.42,1
18,10,20250403,4.5,9,20.72,1
18,10,20250405,4.5,9,21.62,1
18,10,20250509,0.5,1,6.43,1
18,10,20250517,2.0,4,13.17,1
18,10,20250614,3.5,7,25.57,1
18,10,20250617,1.5,3,17.84,1
18,11,20240905,9.5,19,58.92,1
18,11,20240923,6.0,12,39.45,1
18,11,20241009,0.5,1,2.85,1
18,11,20241103,3.0,6,22.09,1
18,11,20241118,1.5,3,12.74,1
18,11,20241123,3.5,7,36.78,1
18,11,20241221,5.0,10,26.24,1
18,11,20241228,0.5,1,6.92,1
18,11,20250129,1.5,3,12.65,1
18,11,20250131,2.5,5,14.45,1
18,11,20250217,0.5,1,6.11,1
18,11,20250504,0.5,1,4.3,1
18,11,20250506,9.5,19,50.96,1
18,11,20250619,3.0,6,13.98,1
18,12,20240704,5.0,10,22.71,1
18,12,20240713,1.5,3,14.58,1
18,12,20240805,11.5,23,65.32,2
18,12,20240823,6.0,12,31.93,1
18,12,20240829,2.5,5,11.71,1
18,12,20240910,4.0,8,39.09,1
18,12,20241229,0.5,1,6.45,1
18,12,20250117,2.5,5,12.35,1
18,12,20250306,3.5,7,25.49,1
18,12,20250325,2.5,5,22.76,1
18,12,20250330,2.5,5,14.29,1
18,12,20250524,2.0,4,12.17,1
18,13,20240705,5.5,11,36.3,1
18,13,20240806,3.0,6,24.17,1
18,13,20240906,4.5,9,40.69,1
18,13,20240911,3.5,7,24.53,1
18,13,20241007,8.5,17,58.14,1
18,13,20241014,1.0,2,12.91,1
18,13,20241028,4.0,8,22.77,1
18,13,20241129,4.5,9,38.79,1
18,13,20241214,1.5,3,12.62,1
18,13,20241215,4.0,8,25.7,1
18,13,20250108,2.0,4,20.77,1
18,13,20250212,0.5,1,3.49,1
18,13,20250308,5.0,10,50.86,1
18,13,20250401,2.5,5,19.52,1
18,13,20250512,9.5,19,45.08,1
18,13,20250603,6.5,13,35.54,1
18,14,20240629,5.5,11,45.62,1
18,14,20240703,11.0,22,57.78,1
18,14,20240829,1.0,2,8.73,1
18,14,20240902,2.0,4,18.59,1
18,14,20241125,10.5,21,56.72,1
18,14,20241130,2.0,4,21.61,1
18,14,20250130,3.0,6,21.75,1
18,14,20250201,6.0,12,39.97,1
18,14,20250202,1.5,3,16.03,1
18,14,20250301,3.0,6,23.81,1
18,14,20250307,2.5,5,17.13,1
18,14,20250309,1.5,3,14.45,1
18,14,20250331,3.5,7,37.19,1
18,14,20250422,4.5,9,30.08,1
18,14,20250531,1.0,2,10.36,1
18,14,20250623,3.0,6,28.63,1
18,15,20240708,3.5,7,26.07,1
18,15,20240712,3.5,7,20.8,2
18,15,20240725,1.5,3,10.51,1
18,15,20240727,1.0,2,13.38,1
18,15,20240808,3.5,7,19.18,1
18,15,20240810,2.5,5,22.29,1
18,15,20240811,13.5,27,95.3,2
18,15,20240813,1.5,3,14.38,1
18,15,20240817,1.5,3,14.31,1
18,15,20240825,3.5,7,20.6,1
18,15,20240904,3.5,7,27.07,1
18,15,20240906,1.5,3,15.18,1
18,15,20240923,8.5,17,64.18,2
18,15,20240924,2.5,5,27.42,1
18,15,20240929,1.5,3,16.81,1
18,15,20241003,9.5,19,46.21,1
18,15,20241024,3.5,7,17.43,1
18,15,20241029,2.0,4,15.85,1
18,15,20241030,0.5,1,3.41,1
18,15,20241114,1.5,3,7.11,1
18,15,20241204,0.5,1,0.81,1
18,15,20241215,8.0,16,80.0,1
18,15,20241224,0.5,1,5.57,1
18,15,20250102,4.5,9,34.89,1
18,15,20250122,5.0,10,29.41,1
18,15,20250206,4.5,9,32.4,1
18,15,20250207,5.0,10,33.82,1
18,15,20250221,2.0,4,18.73,1
18,15,20250305,2.0,4,11.9,1
18,15,20250313,2.0,4,20.33,1
18,15,20250407,2.0,4,12.13,1
18,15,20250414,2.5,5,19.76,1
18,15,20250416,2.0,4,15.61,1
18,15,20250417,5.0,10,33.28,1
18,15,20250420,8.0,16,44.81,1
18,15,20250502,1.5,3,13.04,1
18,15,20250605,3.0,6,24.29,2
18,15,20250607,7.5,15,38.64,1
18,15,20250616,1.5,3,14.43,1
18,15,20250617,3.0,6,31.51,1
18,15,20250621,2.0,4,19.74,1
18,15,20250624,3.5,7,32.65,1
18,16,20240629,4.0,8,26.32,1
18,16,20240716,2.5,5,21.02,1
18,16,20240802,4.5,9,43.41,1
18,16,20240820,2.0,4,9.32,1
18,16,20240824,0.5,1,6.37,1
18,16,20240904,2.0,4,12.82,1
18,16,20240916,2.5,5,26.15,1
18,16,20240918,1.5,3,11.18,1
18,16,20240919,3.0,6,19.89,1
18,16,20241004,1.5,3,13.85,1
18,16,20241005,10.5,21,54.8,1
18,16,20241121,0.5,1,4.98,1
18,16,20241216,2.5,5,22.61,1
18,16,20250115,1.5,3,14.96,1
18,16,20250121,3.5,7,23.5,1
18,16,20250123,4.0,8,24.86,1
18,16,20250204,5.0,10,26.69,1
18,16,20250205,1.0,2,7.09,1
18,16,20250301,5.0,10,21.55,1
18,16,20250308,6.5,13,49.64,1
18,16,20250316,2.0,4,10.73,1
18,16,20250326,3.0,6,26.19,1
18,16,20250403,1.5,3,16.95,1
18,16,20250410,2.0,4,10.59,1
18,16,20250411,1.5,3,15.29,1
18,16,20250425,0.5,1,5.33,1
18,16,20250505,2.5,5,15.33,1
18,16,20250520,2.5,5,15.38,1
18,16,20250525,2.5,5,16.45,1
18,16,20250602,1.0,2,13.27,1
18,16,20250623,3.0,6,28.69,1
18,17,20240702,1.5,3,8.86,1
18,17,20240707,8.5,17,44.58,2
18,17,20240709,1.0,2,13.64,1
18,17,20240710,0.5,1,2.48,1
18,17,20240718,4.0,8,24.86,1
18,17,20240804,1.5,3,14.97,1
18,17,20240809,1.5,3,12.4,1
18,17,20240811,5.0,10,51.46,1
18,17,20240821,1.0,2,7.47,1
18,17,20240831,3.0,6,25.1,1
18,17,20240909,2.0,4,15.38,1
18,17,20240922,4.0,8,41.33,1
18,17,20241004,2.0,4,12.28,1
18,17,20241013,1.0,2,8.74,1
18,17,20241027,7.5,15,40.9,1
18,17,20241106,2.0,4,12.45,1
18,17,20241111,15.5,31,84.15,1
18,17,20241115,1.0,2,11.1,1
18,17,20241219,1.5,3,11.8,1
18,17,20241225,3.0,6,13.22,1
18,17,20241229,0.5,1,2.73,1
18,17,20250102,4.5,9,45.8,1
18,17,20250123,0.5,1,3.13,1
18,17,20250201,0.5,1,8.27,1
18,17,20250213,5.0,10,35.03,1
18,17,20250217,4.0,8,25.87,1
18,17,20250218,3.5,7,36.35,1
18,17,20250223,11.0,22,79.34,2
18,17,20250301,0.5,1,8.47,1
18,17,20250316,6.5,13,43.91,1
18,17,20250325,2.0,4,17.39,1
18,17,20250406,9.5,19,52.35,1
18,17,20250512,0.5,1,4.39,1
18,17,20250519,1.5,3,9.64,1
18,17,20250601,1.0,2,7.71,1
18,17,20250608,2.0,4,23.0,1
18,17,20250611,2.0,4,20.05,1
18,18,20240701,3.0,6,27.22,1
18,18,20240703,1.5,3,17.24,1
18,18,20240725,2.5,5,18.92,1
18,18,20240806,1.5,3,10.04,1
18,18,20240810,4.0,8,40.07,1
18,18,20240829,3.5,7,35.61,1
18,18,20240830,3.5,7,35.25,1
18,18,20240903,5.5,11,54.95,1
18,18,20240914,0.5,1,3.33,1
18,18,20240915,2.0,4,22.11,2
18,18,20240919,0.5,1,5.3,1
18,18,20240930,0.5,1,6.07,1
18,18,20241002,1.0,2,11.92,1
18,18,20241004,0.5,1,5.51,1
18,18,20241020,2.5,5,24.16,1
18,18,20241108,0.5,1,3.79,1
18,18,20241110,2.0,4,9.5,1
18,18,20241118,0.5,1,9.05,1
18,18,20241209,0.5,1,4.08,1
18,18,20241213,2.5,5,21.88,1
18,18,20241228,11.5,23,68.41,1
18,18,20250115,2.0,4,16.22,1
18,18,20250118,1.5,3,9.02,1
18,18,20250201,3.0,6,28.37,1
18,18,20250203,1.0,2,10.01,1
18,18,20250204,3.0,6,22.78,1
18,18,20250206,3.0,6,16.07,1
18,18,20250212,6.0,12,35.67,1
18,18,20250217,1.0,2,8.71,1
18,18,20250218,0.5,1,1.23,1
18,18,20250220,3.0,6,24.22,1
18,18,20250222,6.5,13,30.37,1
18,18,20250224,1.0,2,10.0,1
18,18,20250320,5.0,10,37.38,2
18,18,20250330,3.0,6,24.83,1
18,18,20250409,4.0,8,33.79,1
18,18,20250422,4.0,8,20.38,1
18,18,20250427,0.5,1,7.09,1
18,18,20250505,4.5,9,33.08,1
18,18,20250507,6.0,12,29.69,1
18,18,20250508,2.0,4,15.03,1
18,18,20250512,2.5,5,21.61,1
18,18,20250513,7.0,14,64.61,1
18,18,20250515,2.5,5,27.07,1
18,18,20250523,3.5,7,28.98,1
18,18,20250602,1.5,3,6.91,1
18,18,20250603,2.0,4,18.46,1
18,18,20250604,2.5,5,22.92,1
18,18,20250608,5.0,10,24.96,1
18,19,20240702,12.0,24,51.36,1
18,19,20240712,2.5,5,22.71,2
18,19,20240713,3.0,6,25.24,1
18,19,20240717,7.0,14,31.36,1
18,19,20240721,1.0,2,8.12,1
18,19,20240815,2.0,4,18.34,1
18,19,20240827,9.5,19,40.66,1
18,19,20240923,0.5,1,1.83,1
18,19,20241008,0.5,1,5.47,1
18,19,20241017,1.5,3,13.08,1
18,19,20241019,1.5,3,15.67,1
18,19,20241030,0.5,1,6.57,1
18,19,20241120,3.0,6,20.6,1
18,19,20241124,2.5,5,21.77,1
18,19,20241125,1.0,2,11.2,1
18,19,20241209,2.0,4,18.93,1
18,19,20241217,8.0,16,48.19,2
18,19,20241226,5.0,10,48.04,1
18,19,20250102,2.5,5,24.6,1
18,19,20250110,1.0,2,10.79,1
18,19,20250120,3.0,6,24.85,1
18,19,20250126,4.5,9,27.11,1
18,19,20250130,1.0,2,8.94,1
18,19,20250203,11.0,22,45.29,1
18,19,20250205,2.0,4,15.42,1
18,19,20250217,2.5,5,16.23,2
18,19,20250219,1.5,3,12.38,1
18,19,20250222,3.5,7,25.42,2
18,19,20250307,7.0,14,54.53,1
18,19,20250308,1.5,3,12.99,1
18,19,20250309,2.0,4,12.93,1
18,19,20250327,4.0,8,32.55,1
18,19,20250407,2.5,5,17.49,1
18,19,20250424,1.5,3,10.23,1
18,19,20250509,0.5,1,6.89,1
18,19,20250511,2.0,4,16.76,1
18,19,20250523,5.0,10,48.52,1
18,19,20250604,4.5,9,38.83,1
18,19,20250616,1.5,3,12.3,1
18,20,20240719,4.0,8,42.5,2
18,20,20240726,0.5,1,5.35,1
18,20,20240825,1.5,3,7.19,1
18,20,20240831,2.0,4,8.36,1
18,20,20240902,2.5,5,14.84,1
18,20,20240907,2.5,5,21.17,1
18,20,20240910,3.5,7,22.41,1
18,20,20240928,1.0,2,6.2,1
18,20,20240930,2.0,4,21.27,1
18,20,20241003,0.5,1,8.13,1
18,20,20241004,4.0,8,27.72,1
18,20,20241006,4.0,8,20.02,1
18,20,20241024,2.0,4,10.58,1
18,20,20241025,1.5,3,8.21,1
18,20,20241027,0.5,1,2.18,1
18,20,20241030,6.0,12,48.94,1
18,20,20241128,5.5,11,40.11,1
18,20,20241201,2.5,5,15.9,1
18,20,20250122,4.5,9,40.17,1
18,20,20250129,0.5,1,4.61,1
18,20,20250203,2.5,5,12.69,1
18,20,20250207,0.5,1,2.5,1
18,20,20250211,3.0,6,29.53,1
18,20,20250221,3.0,6,30.68,2
18,20,20250309,1.0,2,6.21,1
18,20,20250312,1.0,2,6.55,1
18,20,20250409,3.0,6,34.23,1
18,20,20250411,7.0,14,42.78,2
18,20,20250422,1.0,2,12.24,1
18,20,20250506,2.0,4,16.2,1
18,20,20250523,1.0,2,12.04,1
18,20,20250524,2.0,4,21.62,1
18,20,20250526,2.5,5,24.85,1
18,20,20250602,0.5,1,3.92,1
18,20,20250610,2.0,4,19.99,1
18,20,20250624,2.0,4,18.01,1
18,21,20240627,0.5,1,5.01,1
18,21,20240705,5.5,11,33.32,1
18,21,20240707,12.0,24,60.15,2
18,21,20240720,1.5,3,16.43,1
18,21,20240730,3.0,6,16.36,1
18,21,20240731,1.0,2,10.35,1
18,21,20240810,2.5,5,10.93,1
18,21,20240902,6.0,12,52.21,1
18,21,20240905,0.5,1,4.68,1
18,21,20240916,0.5,1,5.07,1
18,21,20240922,1.5,3,8.12,1
18,21,20240925,19.0,38,85.27,1
18,21,20240927,2.0,4,20.54,1
18,21,20241031,4.5,9,23.17,1
18,21,20241115,0.5,1,4.6,1
18,21,20241204,1.0,2,6.4,1
18,21,20241208,1.5,3,19.74,1
18,21,20241214,2.5,5,15.1,1
18,21,20241226,2.0,4,16.97,1
18,21,20250102,2.0,4,14.37,1
18,21,20250118,9.0,18,72.14,1
18,21,20250124,1.5,3,12.45,1
18,21,20250202,5.0,10,25.46,1
18,21,20250211,0.5,1,4.76,1
18,21,20250220,8.0,16,41.14,1
18,21,20250311,1.5,3,13.05,1
18,21,20250330,6.0,12,39.81,1
18,21,20250424,2.0,4,11.95,1
18,21,20250426,3.0,6,19.82,1
18,21,20250518,2.5,5,24.99,1
18,21,20250524,0.5,1,7.68,1
18,21,20250609,2.0,4,15.88,1
18,21,20250624,1.5,3,10.68,1
19,1,20240719,5.5,11,41.12,1
19,1,20240804,1.0,2,10.95,1
19,1,20240814,2.5,5,13.05,1
19,1,20240909,3.0,6,28.75,1
19,1,20240922,1.0,2,8.05,1
19,1,20241001,2.0,4,18.4,1
19,1,20241002,1.5,3,15.42,1
19,1,20241007,2.0,4,14.75,1
19,1,20241019,1.5,3,10.79,1
19,1,20241218,0.5,1,7.15,1
19,1,20250115,3.0,6,17.2,1
19,1,20250205,1.5,3,10.52,1
19,1,20250215,5.0,10,22.81,1
19,1,20250316,1.0,2,13.6,1
19,1,20250320,2.5,5,20.7,1
19,1,20250413,5.0,10,29.41,1
19,1,20250422,2.5,5,20.43,1
19,1,20250602,4.0,8,25.84,1
19,2,20240718,1.5,3,12.77,1
19,2,20240806,0.5,1,3.45,1
19,2,20240815,1.0,2,8.83,1
19,2,20240907,4.0,8,31.02,1
19,2,20241002,0.5,1,8.29,1
19,2,20241020,1.0,2,8.78,1
19,2,20241104,1.0,2,12.07,1
19,2,20241114,0.5,1,2.65,1
19,2,20241130,4.0,8,18.38,1
19,2,20241222,1.5,3,17.28,1
19,2,20241231,2.0,4,13.88,1
19,2,20250102,4.0,8,37.68,1
19,2,20250110,0.5,1,6.3,1
19,2,20250112,7.0,14,29.26,1
19,2,20250329,1.0,2,12.37,1
19,2,20250516,2.0,4,20.3,1
19,2,20250526,8.5,17,55.72,1
19,2,20250531,6.5,13,40.13,1
19,2,20250618,2.5,5,14.37,1
19,3,20240630,1.5,3,11.94,1
19,3,20240714,1.0,2,13.99,1
19,3,20240811,4.0,8,25.73,1
19,3,20240818,2.0,4,14.61,1
19,3,20240908,10.5,21,45.47,1
19,3,20240923,3.0,6,17.18,1
19,3,20241201,1.0,2,12.05,1
19,4,20240629,2.0,4,9.09,1
19,4,20241102,0.5,1,4.09,1
19,4,20241113,7.5,15,43.81,1
19,4,20241218,1.0,2,10.34,1
19,4,20250126,2.0,4,10.32,1
19,4,20250201,4.5,9,23.12,1
19,4,20250310,4.0,8,22.28,1
19,4,20250329,3.0,6,20.42,1
19,4,20250413,4.5,9,22.83,1
19,4,20250415,1.0,2,8.1,1
19,4,20250424,1.5,3,13.73,1
19,4,20250617,1.0,2,12.53,1
19,4,20250618,1.5,3,9.26,1
19,4,20250620,1.5,3,15.12,2
19,4,20250624,1.5,3,11.25,1
19,5,20240624,1.0,2,10.41,1
19,5,20240705,0.5,1,5.23,1
19,5,20240706,2.0,4,21.62,1
19,5,20240722,3.0,6,16.23,1
19,5,20240806,0.5,1,5.95,1
19,5,20240815,1.0,2,5.43,1
19,5,20240817,0.5,1,4.03,1
19,5,20241002,0.5,1,0.83,1
19,5,20241026,2.5,5,11.74,1
19,5,20241224,1.5,3,15.1,1
19,5,20250216,2.5,5,16.8,1
19,5,20250309,2.5,5,21.24,1
19,5,20250620,6.5,13,42.23,1
19,6,20240721,0.5,1,7.73,1
19,6,20240830,1.0,2,8.57,1
19,6,20241124,1.5,3,14.95,1
19,6,20250118,3.5,7,21.99,1
19,6,20250120,2.5,5,16.51,1
19,6,20250127,1.0,2,10.93,1
19,6,20250208,2.0,4,11.33,1
19,6,20250226,4.0,8,40.35,1
19,6,20250326,1.0,2,9.1,1
19,6,20250503,0.5,1,4.37,1
19,6,20250608,1.0,2,6.2,1
19,7,20240722,5.0,10,30.31,1
19,7,20240728,4.0,8,18.03,1
19,7,20240822,2.0,4,10.29,1
19,7,20240826,2.5,5,15.75,1
19,7,20240906,4.0,8,34.76,1
19,7,20240922,1.5,3,14.71,1
19,7,20241002,3.5,7,32.06,1
19,7,20241013,4.5,9,37.48,1
19,7,20241030,8.5,17,59.59,1
19,7,20241119,2.0,4,10.33,1
19,7,20241127,1.5,3,8.1,1
19,7,20241206,2.5,5,19.03,1
19,7,20241220,1.0,2,6.83,1
19,7,20250102,1.0,2,8.24,1
19,7,20250105,5.0,10,28.49,1
19,7,20250131,1.5,3,10.57,1
19,7,20250420,4.5,9,25.67,1
19,7,20250524,4.5,9,30.21,1
19,7,20250612,0.5,1,9.63,1
19,7,20250615,4.0,8,18.47,1
19,7,20250619,2.0,4,11.94,1
19,8,20240719,7.0,14,53.57,1
19,8,20240804,4.0,8,22.1,1
19,8,20240817,3.0,6,17.08,1
19,8,20240901,3.5,7,25.19,1
19,8,20240907,1.5,3,14.6,1
19,8,20241130,5.0,10,26.94,1
19,8,20241217,6.5,13,29.79,1
19,8,20250110,2.0,4,17.57,1
19,8,20250310,1.5,3,15.87,1
19,8,20250320,2.0,4,18.23,1
19,8,20250331,0.5,1,2.67,1
19,8,20250420,4.0,8,36.09,1
19,8,20250530,3.5,7,35.26,1
19,8,20250604,1.0,2,12.64,1
19,9,20240720,7.0,14,30.96,1
19,9,20240728,1.0,2,7.44,1
19,9,20240823,0.5,1,7.9,1
19,9,20240826,1.0,2,6.1,1
19,9,20240829,1.0,2,10.46,1
19,9,20241115,5.0,10,36.65,1
19,9,20241204,1.5,3,13.56,1
19,9,20250103,2.0,4,15.04,1
19,9,20250213,3.0,6,18.19,2
19,9,20250507,4.5,9,26.41,1
19,9,20250610,1.5,3,13.49,1
19,9,20250611,8.0,16,75.87,1
19,9,20250618,2.5,5,22.59,1
19,10,20240704,1.0,2,5.7,1
19,10,20240712,0.5,1,5.56,1
19,10,20240717,19.5,39,91.2,1
19,10,20240726,0.5,1,1.46,1
19,10,20240801,6.0,12,59.43,1
19,10,20240813,1.0,2,7.53,1
19,10,20240823,2.5,5,18.84,1
19,10,20240925,5.0,10,34.23,1
19,10,20241019,2.0,4,16.73,1
19,10,20241020,3.0,6,26.67,1
19,10,20241023,2.0,4,17.56,1
19,10,20241030,2.0,4,14.13,1
19,10,20241119,1.5,3,14.21,1
19,10,20241222,2.0,4,22.46,1
19,10,20241229,3.5,7,27.61,1
19,10,20250109,1.0,2,10.72,1
19,10,20250317,2.5,5,26.77,1
19,10,20250327,6.5,13,34.15,1
19,10,20250412,0.5,1,4.98,1
19,10,20250419,0.5,1,4.49,1
19,10,20250502,2.0,4,15.75,1
19,10,20250607,0.5,1,3.17,1
19,10,20250613,2.5,5,19.17,1
19,11,20240707,0.5,1,5.65,1
19,11,20240708,10.0,20,58.58,1
19,11,20240716,3.0,6,27.62,1
19,11,20240724,1.0,2,9.35,1
19,11,20240821,6.0,12,41.89,1
19,11,20240829,2.5,5,25.73,1
19,11,20240915,4.5,9,28.92,1
19,11,20240922,0.5,1,0.43,1
19,11,20241009,3.0,6,28.71,1
19,11,20241010,2.0,4,15.85,1
19,11,20241106,1.0,2,9.43,1
19,11,20241222,4.0,8,25.64,1
19,11,20250122,9.0,18,48.35,1
19,11,20250126,1.0,2,9.56,1
19,11,20250202,3.5,7,21.77,1
19,11,20250302,0.5,1,5.8,1
19,11,20250305,6.5,13,41.67,1
19,11,20250321,0.5,1,3.12,1
19,11,20250326,2.5,5,18.62,1
19,11,20250428,2.5,5,16.47,1
19,11,20250526,2.5,5,23.49,1
19,12,20240712,4.5,9,34.04,1
19,12,20241022,7.5,15,58.2,1
19,12,20241203,1.0,2,9.46,1
19,12,20241228,2.0,4,20.45,1
19,12,20250217,3.0,6,25.57,1
19,12,20250415,9.5,19,40.68,1
19,12,20250419,0.5,1,8.99,1
19,12,20250427,3.0,6,21.28,1
19,12,20250502,4.5,9,41.14,1
19,12,20250523,5.5,11,49.24,2
19,13,20240625,0.5,1,3.66,1
19,13,20240628,3.5,7,17.89,1
19,13,20240629,2.0,4,9.55,1
19,13,20240702,5.0,10,28.37,1
19,13,20240829,4.5,9,23.18,1
19,13,20240910,5.5,11,39.72,1
19,13,20241021,3.0,6,32.55,1
19,13,20241024,5.0,10,25.56,1
19,13,20241107,2.0,4,15.41,1
19,13,20241120,7.5,15,51.88,1
19,13,20241127,1.0,2,10.2,1
19,13,20250123,4.5,9,34.58,1
19,13,20250227,2.0,4,21.28,1
19,13,20250228,8.5,17,43.03,1
19,13,20250315,1.0,2,5.05,1
19,13,20250328,1.5,3,12.99,1
19,13,20250406,2.5,5,13.33,1
19,13,20250509,2.5,5,16.16,1
19,13,20250511,2.5,5,20.6,1
19,13,20250513,1.0,2,9.26,1
19,14,20240630,0.5,1,5.29,1
19,14,20240728,2.5,5,18.66,1
19,14,20240730,1.0,2,5.4,1
19,14,20240805,0.5,1,5.93,1
19,14,20240820,2.5,5,21.09,1
19,14,20240913,5.5,11,43.18,1
19,14,20241029,3.0,6,13.67,1
19,14,20250110,0.5,1,8.58,1
19,14,20250125,4.5,9,43.6,1
19,14,20250422,2.5,5,26.49,1
19,14,20250524,1.5,3,12.16,1
19,14,20250618,0.5,1,3.41,1
19,15,20240709,3.5,7,20.07,1
19,15,20240711,3.0,6,14.05,1
19,15,20240824,3.0,6,26.74,1
19,15,20240904,9.5,19,43.03,1
19,15,20240925,0.5,1,6.5,1
19,15,20241008,1.0,2,12.93,1
19,15,20241010,0.5,1,7.98,1
19,15,20241120,5.5,11,42.0,1
19,15,20241124,0.5,1,5.86,1
19,15,20241125,2.0,4,15.67,1
19,15,20241203,4.0,8,27.21,1
19,15,20241206,1.0,2,9.42,1
19,15,20241224,2.5,5,15.48,1
19,15,20250101,2.5,5,19.41,1
19,15,20250104,4.0,8,26.8,1
19,15,20250110,1.5,3,14.82,1
19,15,20250114,1.5,3,17.96,1
19,15,20250119,1.5,3,9.51,1
19,15,20250203,1.0,2,9.27,1
19,15,20250212,1.5,3,17.15,1
19,15,20250224,3.0,6,14.78,1
19,15,20250225,1.5,3,9.33,1
19,15,20250301,3.0,6,28.2,2
19,15,20250305,5.0,10,41.06,1
19,15,20250312,2.5,5,23.53,1
19,15,20250329,5.5,11,35.91,2
19,15,20250401,1.5,3,9.55,1
19,15,20250422,6.0,12,37.5,1
19,15,20250427,1.0,2,9.01,1
19,15,20250505,3.0,6,20.41,2
19,15,20250525,4.5,9,26.15,1
19,15,20250527,2.5,5,16.86,1
19,15,20250531,6.0,12,27.53,1
19,15,20250601,3.5,7,17.62,1
19,15,20250605,1.5,3,8.4,1
19,15,20250613,2.5,5,13.48,1
19,16,20240624,0.5,1,3.22,1
19,16,20240704,3.5,7,16.53,1
19,16,20240710,1.0,2,5.2,1
19,16,20240712,0.5,1,9.28,1
19,16,20240721,6.5,13,44.91,2
19,16,20240724,3.0,6,30.9,1
19,16,20240728,5.0,10,26.53,1
19,16,20240731,1.5,3,10.85,1
19,16,20240822,2.0,4,18.24,1
19,16,20240905,2.0,4,20.08,1
19,16,20240912,2.5,5,19.26,1
19,16,20240918,5.0,10,38.12,2
19,16,20240925,4.0,8,29.12,1
19,16,20241002,0.5,1,2.79,1
19,16,20241006,2.0,4,15.52,1
19,16,20241014,2.0,4,17.95,1
19,16,20241031,4.0,8,23.55,1
19,16,20241106,1.5,3,12.2,1
19,16,20241126,0.5,1,6.48,1
19,16,20241211,2.5,5,25.63,1
19,16,20241222,1.0,2,7.71,1
19,16,20241226,1.5,3,18.45,1
19,16,20241229,5.0,10,33.23,1
19,16,20250101,3.5,7,20.12,1
19,16,20250124,1.0,2,11.08,1
19,16,20250131,10.5,21,43.55,1
19,16,20250310,3.0,6,23.02,1
19,16,20250316,2.0,4,21.58,1
19,16,20250330,3.0,6,23.72,1
19,16,20250405,2.5,5,14.8,1
19,16,20250413,2.5,5,24.83,1
19,16,20250426,3.0,6,20.28,1
19,16,20250428,8.0,16,33.6,1
19,16,20250429,3.0,6,18.66,1
19,16,20250607,1.0,2,9.74,1
19,16,20250618,1.0,2,8.41,1
19,17,20240626,2.0,4,12.59,1
19,17,20240709,1.5,3,11.65,1
19,17,20240717,2.5,5,13.92,1
19,17,20240722,3.5,7,18.52,1
19,17,20240725,2.0,4,19.43,1
19,17,20240806,0.5,1,7.47,1
19,17,20240810,2.0,4,18.9,1
19,17,20240813,2.5,5,25.58,1
19,17,20240817,6.0,12,35.74,1
19,17,20240819,0.5,1,7.84,1
19,17,20240902,1.0,2,13.69,1
19,17,20240903,3.5,7,30.82,1
19,17,20240909,3.5,7,22.69,1
19,17,20240928,1.0,2,11.82,1
19,17,20241022,6.5,13,63.78,1
19,17,20241103,1.0,2,13.93,1
19,17,20241104,0.5,1,2.8,1
19,17,20241114,5.5,11,33.47,1
19,17,20241115,0.5,1,2.85,1
19,17,20241203,3.0,6,18.67,1
19,17,20241217,17.0,34,68.47,1
19,17,20250110,5.5,11,39.52,1
19,17,20250112,1.0,2,5.92,1
19,17,20250115,2.5,5,15.21,1
19,17,20250118,1.0,2,8.89,1
19,17,20250122,5.5,11,35.69,1
19,17,20250201,2.5,5,11.68,1
19,17,20250210,3.0,6,22.58,1
19,17,20250213,2.0,4,14.13,1
19,17,20250217,2.5,5,20.42,1
19,17,20250220,3.0,6,20.99,1
19,17,20250308,1.0,2,5.82,1
19,17,20250313,2.5,5,23.03,1
19,17,20250326,5.0,10,38.78,1
19,17,20250401,6.5,13,37.63,1
19,17,20250404,3.5,7,28.07,1
19,17,20250424,0.5,1,1.19,1
19,17,20250512,3.0,6,19.62,1
19,17,20250618,1.5,3,8.47,1
19,18,20240707,3.0,6,29.01,1
19,18,20240709,2.0,4,18.13,1
19,18,20240804,3.0,6,21.91,1
19,18,20240830,3.0,6,33.76,1
19,18,20240831,1.0,2,8.92,1
19,18,20240912,6.5,13,43.48,1
19,18,20240915,0.5,1,6.41,1
19,18,20240927,0.5,1,0.43,1
19,18,20240930,2.5,5,16.49,1
19,18,20241009,6.5,13,50.95,1
19,18,20241013,0.5,1,2.45,1
19,18,20241019,4.5,9,21.17,1
19,18,20241109,6.0,12,57.57,1
19,18,20241125,2.5,5,26.41,1
19,18,20241218,3.5,7,17.44,1
19,18,20241227,4.0,8,41.51,2
19,18,20250110,4.5,9,26.19,1
19,18,20250114,1.5,3,8.67,1
19,18,20250119,0.5,1,6.01,1
19,18,20250203,5.0,10,46.75,1
19,18,20250209,1.5,3,9.28,1
19,18,20250226,1.0,2,5.03,1
19,18,20250301,1.5,3,16.22,1
19,18,20250304,7.5,15,37.63,1
19,18,20250307,3.5,7,25.58,1
19,18,20250310,8.0,16,37.36,1
19,18,20250314,5.5,11,39.1,1
19,18,20250322,5.5,11,36.73,1
19,18,20250331,0.5,1,2.94,1
19,18,20250401,5.5,11,31.99,1
19,18,20250403,2.0,4,13.39,1
19,18,20250417,2.5,5,20.9,1
19,18,20250419,2.0,4,13.37,1
19,18,20250428,3.0,6,17.25,1
19,18,20250429,3.5,7,21.41,1
19,18,20250506,4.0,8,28.15,1
19,18,20250529,1.0,2,13.16,1
19,18,20250614,0.5,1,7.46,1
19,18,20250620,2.5,5,15.54,1
19,18,20250624,2.5,5,15.68,1
19,19,20240630,2.0,4,13.76,1
19,19,20240703,1.0,2,12.9,1
19,19,20240705,1.0,2,5.59,1
19,19,20240709,1.5,3,10.5,1
19,19,20240724,0.5,1,5.1,1
19,19,20240726,2.0,4,9.96,1
19,19,20240729,3.5,7,17.84,1
19,19,20240805,5.5,11,28.27,1
19,19,20240808,3.5,7,29.96,1
19,19,20240811,2.0,4,13.27,1
19,19,20240812,4.0,8,39.82,1
19,19,20240819,1.5,3,10.15,1
19,19,20240822,1.5,3,17.9,2
19,19,20240824,1.0,2,5.69,1
19,19,20240831,1.0,2,9.1,1
19,19,20241009,0.5,1,2.81,1
19,19,20241014,0.5,1,2.49,1
19,19,20241019,9.0,18,43.67,1
19,19,20241024,5.0,10,38.69,1
19,19,20241025,4.0,8,22.71,1
19,19,20241027,0.5,1,7.97,1
19,19,20241109,2.0,4,15.32,1
19,19,20241121,1.0,2,10.07,1
19,19,20241129,3.5,7,20.89,1
19,19,20241203,14.5,29,64.46,1
19,19,20241210,0.5,1,3.89,1
19,19,20241212,3.5,7,19.23,1
19,19,20241219,2.5,5,24.45,1
19,19,20250112,1.5,3,18.2,1
19,19,20250126,1.5,3,17.72,1
19,19,20250226,4.0,8,28.32,1
19,19,20250302,2.5,5,15.74,1
19,19,20250311,3.0,6,27.41,2
19,19,20250318,1.5,3,18.3,1
19,19,20250321,1.5,3,16.77,1
19,19,20250330,4.0,8,42.19,1
19,19,20250405,1.0,2,9.41,1
19,19,20250411,2.0,4,10.3,1
19,19,20250418,2.5,5,10.76,1
19,19,20250424,3.5,7,14.89,1
19,19,20250427,6.0,12,39.04,1
19,19,20250502,3.5,7,28.66,1
19,19,20250507,1.0,2,12.16,1
19,19,20250510,1.0,2,8.14,1
19,19,20250515,8.0,16,41.03,1
19,19,20250516,0.5,1,9.3,1
19,19,20250619,1.5,3,15.5,1
19,20,20240624,3.5,7,17.09,1
19,20,20240625,4.0,8,34.44,1
19,20,20240703,1.0,2,8.97,1
19,20,20240813,1.5,3,9.99,1
19,20,20240821,8.0,16,37.29,1
19,20,20240825,1.0,2,11.3,1
19,20,20240901,6.0,12,30.16,1
19,20,20240902,3.0,6,30.89,1
19,20,20240907,3.5,7,24.61,1
19,20,20240911,1.5,3,16.82,1
19,20,20240919,3.5,7,36.63,1
19,20,20241004,0.5,1,0.7,1
19,20,20241012,2.0,4,17.11,1
19,20,20241016,3.0,6,27.3,1
19,20,20241103,4.5,9,20.93,1
19,20,20241106,1.0,2,9.85,1
19,20,20241108,1.5,3,15.03,1
19,20,20241118,5.0,10,50.57,1
19,20,20241202,3.5,7,15.5,1
19,20,20241208,1.5,3,7.05,1
19,20,20250112,5.0,10,41.65,1
19,20,20250117,0.5,1,2.83,1
19,20,20250125,1.0,2,9.47,1
19,20,20250204,3.0,6,25.03,1
19,20,20250209,3.5,7,19.56,1
19,20,20250225,1.5,3,10.69,1
19,20,20250328,1.0,2,6.1,1
19,20,20250414,0.5,1,9.27,1
19,20,20250425,2.5,5,19.88,1
19,20,20250513,2.0,4,16.35,1
19,20,20250517,8.0,16,33.92,1
19,20,20250604,1.0,2,9.94,1
19,20,20250605,5.5,11,22.27,1
19,20,20250623,1.5,3,12.7,1
19,21,20240628,0.5,1,1.92,1
19,21,20240703,2.0,4,12.23,1
19,21,20240704,2.5,5,20.21,1
19,21,20240707,3.5,7,24.85,1
19,21,20240713,5.0,10,31.15,1
19,21,20240719,2.5,5,14.83,1
19,21,20240720,3.0,6,22.48,1
19,21,20240722,2.5,5,18.58,1
19,21,20240806,6.0,12,51.59,1
19,21,20240824,3.0,6,31.31,1
19,21,20240904,4.0,8,22.93,1
19,21,20240919,0.5,1,4.99,1
19,21,20240923,2.0,4,15.4,1
19,21,20240924,0.5,1,2.02,1
19,21,20241015,1.5,3,14.36,1
19,21,20241207,6.0,12,42.04,1
19,21,20241209,5.5,11,36.25,1
19,21,20241217,2.5,5,26.62,1
19,21,20241219,4.5,9,29.58,1
19,21,20250101,1.5,3,9.3,1
19,21,20250105,2.0,4,13.48,1
19,21,20250109,1.0,2,12.28,1
19,21,20250117,0.5,1,3.8,1
19,21,20250118,6.0,12,36.62,1
19,21,20250119,2.5,5,24.47,1
19,21,20250125,1.5,3,11.23,1
19,21,20250219,3.5,7,17.93,1
19,21,20250227,0.5,1,7.01,1
19,21,20250321,0.5,1,6.73,1
19,21,20250412,2.0,4,14.93,1
19,21,20250421,1.5,3,15.64,1
19,21,20250427,4.5,9,22.6,1
19,21,20250520,3.0,6,15.34,1
19,21,20250521,4.5,9,30.85,1
19,21,20250530,1.0,2,10.07,1
19,21,20250531,3.0,6,24.13,1
19,21,20250604,1.0,2,6.69,1
19,21,20250609,2.5,5,14.29,1
20,1,20240714,0.5,1,6.75,1
20,1,20240915,3.5,7,17.21,1
20,1,20241014,0.5,1,7.71,1
20,1,20241023,3.0,6,33.57,1
20,1,20241030,0.5,1,8.58,1
20,1,20241127,9.0,18,41.49,1
20,1,20250119,0.5,1,1.57,1
20,1,20250129,5.0,10,33.11,1
20,1,20250304,4.0,8,24.73,1
20,1,20250403,0.5,1,3.3,1
20,1,20250418,4.5,9,20.06,1
20,1,20250429,10.5,21,56.5,1
20,1,20250520,0.5,1,6.5,1
20,1,20250616,1.5,3,14.67,1
20,2,20240808,2.0,4,8.75,1
20,2,20240815,3.0,6,18.14,1
20,2,20240925,2.5,5,13.42,1
20,2,20241008,4.0,8,32.39,1
20,2,20241102,1.5,3,17.04,1
20,2,20241207,2.5,5,23.59,1
20,2,20241212,1.0,2,5.7,1
20,2,20250127,3.0,6,18.8,1
20,2,20250202,0.5,1,2.54,1
20,2,20250302,6.0,12,30.12,1
20,2,20250401,3.5,7,15.69,1
20,2,20250415,1.5,3,8.79,1
20,3,20240727,1.0,2,6.76,1
20,3,20240826,1.5,3,12.36,1
20,3,20240830,2.0,4,16.94,1
20,3,20241215,1.5,3,16.12,1
20,3,20250105,9.0,18,50.95,1
20,3,20250119,5.0,10,39.28,1
20,3,20250203,1.5,3,13.07,1
20,3,20250304,7.5,15,56.03,1
20,3,20250310,3.0,6,19.86,1
20,3,20250325,2.0,4,10.9,1
20,3,20250504,2.0,4,22.95,1
20,3,20250520,3.0,6,18.14,1
20,4,20240720,2.0,4,18.85,1
20,4,20240814,1.0,2,14.26,1
20,4,20240817,0.5,1,4.41,1
20,4,20240925,4.5,9,36.5,1
20,4,20250306,1.5,3,11.77,1
20,4,20250308,6.5,13,29.85,1
20,4,20250315,1.0,2,7.58,1
20,4,20250323,0.5,1,7.21,1
20,4,20250426,2.5,5,21.61,1
20,4,20250522,4.0,8,30.82,1
20,5,20240627,0.5,1,3.59,1
20,5,20240714,1.0,2,7.24,1
20,5,20240917,3.5,7,31.48,2
20,5,20241117,1.0,2,11.12,1
20,5,20241124,0.5,1,4.54,1
20,5,20241127,3.0,6,18.47,1
20,5,20241205,0.5,1,1.62,1
20,5,20250217,1.0,2,11.94,1
20,5,20250317,4.0,8,35.06,1
20,5,20250405,3.0,6,14.57,1
20,5,20250422,1.5,3,14.83,1
20,5,20250505,6.5,13,50.85,2
20,5,20250513,0.5,1,5.14,1
20,5,20250516,3.0,6,27.09,1
20,6,20240722,5.5,11,29.15,1
20,6,20240723,2.5,5,12.5,1
20,6,20240727,2.5,5,12.27,1
20,6,20240816,1.0,2,8.62,1
20,6,20240817,3.0,6,19.38,1
20,6,20240903,2.5,5,11.76,1
20,6,20240914,1.0,2,9.69,1
20,6,20241119,1.5,3,13.4,1
20,6,20250101,6.5,13,27.14,1
20,6,20250208,0.5,1,5.18,1
20,6,20250330,1.5,3,14.82,1
20,6,20250413,1.5,3,19.11,1
20,6,20250613,7.0,14,37.36,1
20,7,20240630,5.5,11,49.03,1
20,7,20240713,0.5,1,3.22,1
20,7,20240804,4.5,9,28.57,1
20,7,20241106,2.5,5,26.77,1
20,7,20241219,3.0,6,22.06,1
20,7,20241227,13.0,26,56.6,1
20,7,20250202,2.0,4,16.99,1
20,7,20250307,6.0,12,25.72,1
20,7,20250316,1.0,2,10.42,1
20,7,20250323,0.5,1,4.42,1
20,7,20250326,4.0,8,33.15,1
20,7,20250406,3.5,7,18.72,1
20,7,20250420,2.0,4,20.5,1
20,7,20250421,1.5,3,9.68,1
20,7,20250422,3.0,6,29.48,1
20,7,20250512,0.5,1,3.18,1
20,7,20250527,1.0,2,12.02,1
20,8,20240717,4.0,8,17.85,1
20,8,20240730,3.0,6,31.13,1
20,8,20240804,0.5,1,4.47,1
20,8,20240918,0.5,1,6.05,1
20,8,20240924,7.0,14,51.41,1
20,8,20241009,2.0,4,11.69,1
20,8,20241117,1.0,2,7.11,1
20,8,20241118,4.5,9,20.59,1
20,8,20250109,3.0,6,16.86,1
20,8,20250111,1.5,3,9.69,1
20,8,20250117,4.0,8,37.76,1
20,8,20250217,2.0,4,12.23,1
20,8,20250304,2.0,4,23.42,1
20,8,20250308,1.0,2,10.62,1
20,8,20250312,10.0,20,62.77,1
20,8,20250601,2.5,5,17.73,1
20,8,20250602,1.0,2,6.43,1
20,8,20250606,4.5,9,34.63,1
20,9,20240706,1.0,2,10.18,1
20,9,20240707,2.5,5,27.59,1
20,9,20240825,2.5,5,20.16,1
20,9,20241008,2.5,5,23.38,1
20,9,20241022,3.0,6,21.9,1
20,9,20241213,2.0,4,13.66,1
20,9,20250103,1.0,2,5.43,1
20,9,20250115,1.0,2,11.08,1
20,9,20250123,3.0,6,27.28,1
20,9,20250208,1.0,2,11.01,1
20,9,20250411,2.5,5,27.85,1
20,9,20250606,5.0,10,35.44,1
20,9,20250613,2.5,5,20.79,1
20,10,20240827,2.0,4,15.07,1
20,10,20240915,3.0,6,28.63,1
20,10,20240922,0.5,1,1.94,1
20,10,20241026,2.0,4,19.54,1
20,10,20250107,2.0,4,23.76,1
20,10,20250128,0.5,1,6.61,1
20,10,20250324,1.5,3,16.42,1
20,10,20250415,4.5,9,46.01,1
20,10,20250425,2.0,4,11.02,2
20,11,20240702,2.5,5,12.86,1
20,11,20240711,2.5,5,28.37,1
20,11,20240817,6.0,12,31.09,1
20,11,20240908,2.5,5,18.23,1
20,11,20240914,1.5,3,17.03,1
20,11,20241029,3.0,6,20.24,1
20,11,20241123,3.5,7,28.45,1
20,11,20241228,5.5,11,36.93,1
20,11,20250204,1.5,3,12.73,1
20,11,20250205,5.5,11,44.76,1
20,11,20250225,2.5,5,13.65,1
20,11,20250303,2.0,4,17.75,1
20,11,20250310,2.0,4,12.32,1
20,11,20250415,2.0,4,9.51,1
20,11,20250510,1.0,2,12.44,1
20,12,20240720,3.5,7,21.33,1
20,12,20240722,1.5,3,8.63,1
20,12,20240729,3.5,7,27.19,1
20,12,20240820,1.0,2,9.69,1
20,12,20240921,0.5,1,5.3,1
20,12,20241012,1.0,2,11.82,1
20,12,20241106,2.5,5,22.42,1
20,12,20241120,9.0,18,56.32,1
20,12,20241206,5.5,11,31.0,1
20,12,20241216,6.0,12,37.35,1
20,12,20250311,1.0,2,8.61,1
20,12,20250401,1.5,3,9.66,1
20,12,20250429,2.5,5,16.5,1
20,12,20250518,3.5,7,17.99,1
20,12,20250617,3.0,6,20.17,1
20,13,20240714,3.0,6,19.38,1
20,13,20240809,2.0,4,20.04,1
20,13,20240813,0.5,1,9.19,1
20,13,20240821,6.0,12,38.85,1
20,13,20241128,1.0,2,12.39,1
20,13,20241216,1.0,2,6.29,1
20,13,20241226,4.5,9,37.24,1
20,13,20250221,1.0,2,7.36,1
20,13,20250321,3.0,6,28.47,1
20,13,20250601,2.5,5,21.97,1
20,14,20240715,3.0,6,22.68,1
20,14,20240730,4.5,9,21.86,1
20,14,20240815,2.0,4,13.44,1
20,14,20240826,3.5,7,37.64,2
20,14,20241019,1.5,3,14.77,1
20,14,20241023,3.0,6,15.87,1
20,14,20241213,1.0,2,12.43,1
20,14,20250131,1.0,2,11.36,1
20,14,20250308,1.0,2,10.61,1
20,14,20250321,5.5,11,30.38,1
20,14,20250618,1.0,2,6.71,1
20,15,20240629,5.5,11,34.35,1
20,15,20240711,0.5,1,1.61,1
20,15,20240713,3.0,6,26.37,1
20,15,20240723,2.5,5,25.96,2
20,15,20240728,3.0,6,27.47,1
20,15,20240806,0.5,1,7.36,1
20,15,20240810,1.0,2,6.05,1
20,15,20240811,7.5,15,53.8,1
20,15,20240904,4.0,8,19.61,1
20,15,20240925,1.5,3,14.41,1
20,15,20240926,1.5,3,11.29,1
20,15,20240927,4.0,8,33.5,2
20,15,20240929,5.0,10,44.8,1
20,15,20241004,3.0,6,23.47,1
20,15,20241017,2.0,4,12.02,1
20,15,20241107,1.5,3,16.86,1
20,15,20241110,1.5,3,16.05,1
20,15,20241120,0.5,1,4.83,1
20,15,20241205,4.5,9,22.7,1
20,15,20241210,1.5,3,15.32,1
20,15,20241218,0.5,1,7.91,1
20,15,20241231,1.5,3,18.0,1
20,15,20250105,6.0,12,58.27,1
20,15,20250107,7.5,15,56.46,2
20,15,20250108,4.5,9,23.44,1
20,15,20250109,5.5,11,30.79,1
20,15,20250124,2.5,5,25.96,1
20,15,20250131,3.0,6,29.77,1
20,15,20250201,6.5,13,32.37,1
20,15,20250214,1.0,2,10.99,1
20,15,20250220,1.5,3,15.11,1
20,15,20250228,1.0,2,8.26,1
20,15,20250308,2.0,4,17.7,1
20,15,20250318,4.0,8,27.63,1
20,15,20250322,1.0,2,8.93,1
20,15,20250329,2.5,5,13.79,1
20,15,20250404,4.0,8,33.25,1
20,15,20250410,2.0,4,13.14,1
20,15,20250418,3.0,6,24.46,1
20,15,20250428,1.5,3,19.03,2
20,15,20250619,4.0,8,29.39,1
20,15,20250623,1.5,3,12.93,1
20,16,20240710,4.5,9,23.91,1
20,16,20240717,2.5,5,21.87,1
20,16,20240731,1.5,3,15.52,1
20,16,20240801,2.0,4,12.55,1
20,16,20240802,2.0,4,20.62,1
20,16,20240811,4.0,8,29.72,1
20,16,20240817,1.0,2,11.71,1
20,16,20240828,0.5,1,7.73,1
20,16,20240902,1.5,3,11.0,2
20,16,20240903,0.5,1,3.04,1
20,16,20240918,1.0,2,8.06,1
20,16,20241001,2.5,5,17.42,1
20,16,20241004,8.0,16,42.97,1
20,16,20241017,0.5,1,1.39,1
20,16,20241022,0.5,1,7.23,1
20,16,20241025,1.0,2,8.12,1
20,16,20241114,1.5,3,15.71,1
20,16,20241115,3.5,7,35.32,1
20,16,20241203,0.5,1,3.13,1
20,16,20241204,7.5,15,32.6,1
20,16,20241207,0.5,1,8.22,1
20,16,20241218,0.5,1,3.66,1
20,16,20241221,1.0,2,10.63,1
20,16,20250109,0.5,1,1.88,1
20,16,20250116,1.0,2,8.27,1
20,16,20250128,3.0,6,24.82,1
20,16,20250129,4.0,8,18.27,1
20,16,20250131,0.5,1,3.38,1
20,16,20250203,1.0,2,6.73,1
20,16,20250205,1.5,3,15.14,1
20,16,20250207,1.5,3,9.6,1
20,16,20250208,2.5,5,16.3,1
20,16,20250301,2.5,5,15.6,1
20,16,20250309,2.5,5,16.84,1
20,16,20250310,2.0,4,14.65,1
20,16,20250315,2.5,5,13.56,1
20,16,20250318,6.0,12,50.52,1
20,16,20250320,2.0,4,15.33,1
20,16,20250327,5.5,11,33.15,1
20,16,20250416,5.0,10,52.22,1
20,16,20250514,1.0,2,12.09,1
20,16,20250515,2.5,5,29.84,1
20,16,20250522,11.0,22,54.36,1
20,16,20250525,4.5,9,19.8,1
20,16,20250529,0.5,1,0.96,1
20,16,20250607,1.5,3,18.91,2
20,17,20240708,13.0,26,67.62,1
20,17,20240803,8.5,17,38.99,1
20,17,20240818,2.5,5,14.29,1
20,17,20240824,4.5,9,43.08,1
20,17,20240828,3.5,7,22.47,2
20,17,20240916,3.0,6,18.53,1
20,17,20240918,7.5,15,45.63,1
20,17,20240922,3.5,7,22.16,1
20,17,20241003,5.0,10,24.31,1
20,17,20241019,1.0,2,10.05,1
20,17,20241024,2.0,4,20.85,1
20,17,20241119,3.0,6,33.47,1
20,17,20241125,1.0,2,9.6,1
20,17,20241130,3.0,6,15.33,1
20,17,20241201,4.5,9,41.87,1
20,17,20241215,2.5,5,12.01,1
20,17,20241219,2.0,4,8.89,1
20,17,20250106,2.0,4,18.05,1
20,17,20250107,2.5,5,25.62,1
20,17,20250117,1.0,2,9.47,1
20,17,20250121,2.5,5,26.34,1
20,17,20250209,2.0,4,20.17,1
20,17,20250211,2.5,5,27.46,1
20,17,20250216,2.0,4,17.26,1
20,17,20250220,0.5,1,5.31,1
20,17,20250226,2.0,4,19.71,1
20,17,20250227,4.5,9,25.29,1
20,17,20250302,3.5,7,14.94,1
20,17,20250306,12.5,25,72.82,1
20,17,20250307,0.5,1,7.47,1
20,17,20250318,3.5,7,33.25,1
20,17,20250322,1.5,3,6.55,1
20,17,20250325,1.5,3,12.95,1
20,17,20250413,1.5,3,14.23,1
20,17,20250427,0.5,1,6.22,1
20,17,20250501,1.0,2,11.86,1
20,17,20250511,1.5,3,13.9,1
20,17,20250518,2.5,5,22.33,1
20,17,20250523,10.0,20,64.3,1
20,17,20250527,1.5,3,14.05,1
20,17,20250614,1.0,2,10.52,1
20,17,20250618,3.5,7,25.53,1
20,17,20250624,7.0,14,31.8,1
20,18,20240625,3.5,7,32.82,1
20,18,20240627,8.0,16,50.17,1
20,18,20240628,1.5,3,16.03,1
20,18,20240705,5.0,10,23.3,1
20,18,20240711,0.5,1,7.55,1
20,18,20240722,2.0,4,19.37,1
20,18,20240729,2.0,4,22.78,1
20,18,20240731,4.0,8,40.97,1
20,18,20240821,0.5,1,4.98,1
20,18,20240824,2.0,4,10.2,1
20,18,20240902,3.5,7,31.72,1
20,18,20240910,1.0,2,9.24,1
20,18,20241010,1.0,2,11.03,1
20,18,20241021,1.5,3,9.46,1
20,18,20241029,5.5,11,39.34,1
20,18,20241106,2.0,4,11.8,1
20,18,20241113,3.0,6,25.56,1
20,18,20241115,2.0,4,21.7,1
20,18,20241121,5.0,10,31.87,1
20,18,20241126,5.5,11,38.58,1
20,18,20241127,3.5,7,14.76,1
20,18,20241217,8.0,16,80.73,1
20,18,20241221,4.0,8,20.22,1
20,18,20250125,2.0,4,15.29,1
20,18,20250126,2.5,5,14.66,1
20,18,20250202,2.5,5,23.83,1
20,18,20250208,4.0,8,28.73,1
20,18,20250210,2.5,5,16.58,1
20,18,20250215,2.0,4,16.82,1
20,18,20250216,7.5,15,43.81,1
20,18,20250318,0.5,1,8.66,1
20,18,20250325,0.5,1,5.63,1
20,18,20250419,2.5,5,13.73,1
20,18,20250430,0.5,1,6.51,1
20,18,20250511,5.5,11,57.6,2
20,18,20250606,2.0,4,15.6,1
20,18,20250614,6.5,13,49.3,1
20,18,20250620,4.0,8,22.59,1
20,19,20240630,0.5,1,4.69,1
20,19,20240715,2.5,5,15.37,1
20,19,20240717,5.5,11,26.42,1
20,19,20240729,1.5,3,10.35,1
20,19,20240807,0.5,1,5.22,1
20,19,20240808,4.0,8,35.93,1
20,19,20240816,3.0,6,23.58,1
20,19,20240817,0.5,1,6.09,1
20,19,20240828,1.0,2,6.42,1
20,19,20240902,1.0,2,9.02,1
20,19,20240911,1.5,3,9.61,1
20,19,20241004,0.5,1,6.35,1
20,19,20241015,2.0,4,21.48,1
20,19,20241029,0.5,1,9.24,1
20,19,20241102,1.5,3,12.86,1
20,19,20241208,1.5,3,10.1,1
20,19,20241217,2.5,5,27.09,1
20,19,20241219,2.0,4,17.66,1
20,19,20241231,7.5,15,48.18,1
20,19,20250121,3.0,6,25.91,1
20,19,20250213,3.0,6,14.77,1
20,19,20250304,3.0,6,16.49,1
20,19,20250307,2.0,4,9.62,1
20,19,20250325,1.5,3,18.61,1
20,19,20250329,2.5,5,26.92,1
20,19,20250414,2.0,4,17.44,1
20,19,20250530,2.5,5,13.65,1
20,19,20250604,1.0,2,10.34,1
20,19,20250606,2.5,5,25.18,1
20,19,20250615,6.5,13,27.72,1
20,19,20250620,2.0,4,10.33,1
20,19,20250621,1.5,3,13.76,1
20,20,20240625,0.5,1,5.29,1
20,20,20240627,4.0,8,39.68,1
20,20,20240628,2.0,4,15.41,1
20,20,20240629,2.5,5,18.07,1
20,20,20240714,1.0,2,13.08,1
20,20,20240725,1.5,3,7.25,1
20,20,20240731,4.0,8,42.19,1
20,20,20240802,2.0,4,14.45,1
20,20,20240810,2.5,5,18.53,1
20,20,20240812,2.0,4,14.3,1
20,20,20240827,5.0,10,45.79,1
20,20,20240902,2.0,4,10.02,1
20,20,20240912,2.5,5,14.83,1
20,20,20240915,1.0,2,9.84,1
20,20,20240917,0.5,1,6.39,1
20,20,20240921,1.5,3,15.19,1
20,20,20241001,1.0,2,13.95,1
20,20,20241119,3.0,6,15.04,1
20,20,20241124,3.5,7,37.17,1
20,20,20241130,2.0,4,14.18,1
20,20,20241217,1.0,2,5.49,1
20,20,20250114,3.0,6,23.92,1
20,20,20250115,4.5,9,19.61,1
20,20,20250117,3.0,6,15.38,1
20,20,20250121,2.0,4,11.77,1
20,20,20250126,3.0,6,24.03,1
20,20,20250209,2.5,5,15.27,1
20,20,20250220,0.5,1,2.81,1
20,20,20250226,6.0,12,49.93,2
20,20,20250303,3.0,6,31.58,1
20,20,20250307,1.0,2,5.48,1
20,20,20250313,1.5,3,11.58,1
20,20,20250315,0.5,1,3.91,1
20,20,20250407,0.5,1,4.75,1
20,20,20250408,1.5,3,8.65,1
20,20,20250414,5.0,10,33.12,1
20,20,20250502,5.0,10,41.62,2
20,20,20250503,1.5,3,16.02,1
20,20,20250504,6.0,12,32.73,1
20,20,20250506,1.5,3,16.11,1
20,20,20250508,5.0,10,21.78,1
20,20,20250511,1.0,2,8.85,1
20,20,20250514,2.5,5,17.28,1
20,20,20250522,0.5,1,5.48,1
20,20,20250526,5.5,11,35.85,1
20,20,20250612,0.5,1,7.34,1
20,21,20240624,2.0,4,20.63,1
20,21,20240704,5.0,10,44.42,1
20,21,20240708,1.5,3,6.36,1
20,21,20240712,0.5,1,2.68,1
20,21,20240718,3.5,7,21.65,1
20,21,20240719,3.0,6,15.71,1
20,21,20240803,3.5,7,15.21,1
20,21,20240808,5.0,10,47.78,2
20,21,20240815,8.5,17,66.49,1
20,21,20240817,2.5,5,18.6,1
20,21,20240819,1.5,3,14.4,1
20,21,20240823,0.5,1,7.47,1
20,21,20240825,9.5,19,56.87,2
20,21,20240826,1.5,3,8.93,1
20,21,20240829,1.5,3,10.99,1
20,21,20241008,4.0,8,22.26,1
20,21,20241015,1.5,3,14.46,1
20,21,20241104,1.5,3,14.37,1
20,21,20241108,0.5,1,1.21,1
20,21,20241109,4.0,8,19.24,1
20,21,20241124,1.5,3,13.01,1
20,21,20241209,3.0,6,13.91,1
20,21,20250105,1.0,2,7.55,1
20,21,20250123,1.5,3,11.29,1
20,21,20250126,2.0,4,12.95,1
20,21,20250205,1.5,3,12.78,1
20,21,20250212,2.0,4,12.51,1
20,21,20250223,3.0,6,23.42,1
20,21,20250303,3.5,7,30.25,1
20,21,20250307,2.0,4,9.43,1
20,21,20250308,3.5,7,20.17,1
20,21,20250312,5.0,10,41.2,1
20,21,20250320,5.5,11,23.49,1
20,21,20250324,1.5,3,15.72,1
20,21,20250410,6.0,12,26.13,1
20,21,20250505,8.0,16,45.82,2
20,21,20250519,1.0,2,6.35,1
20,21,20250523,6.0,12,36.08,2
20,21,20250529,2.5,5,24.47,1
20,21,20250617,0.5,1,3.67,1
